model,partition,optimiser,driver,seed,shared,round,n_clients,disp_rms_coord,disp_mean_l2,disp_max_l2,disp_rel_to_weights,delta_rms,delta_disp_rel,weights_rms,min_pair_l2,krum_idx_flower,krum_idx_ref,krum_sel_agree,krum_score_best,krum_score_margin_rel,gap_krum,relgap_krum,gap_multikrum3,relgap_multikrum3,gap_median,relgap_median,gap_trimmed,relgap_trimmed,noise_fedavg,noise_krum,noise_multikrum3,noise_median,noise_trimmed,train_loss,train_acc,test_loss,test_acc
logreg,iid,fullbatch,fedavg,0,0.000000000000e+00,1,16,1.455149225234e-02,3.657693975174e-01,4.817231377323e-01,5.365260007885e-01,2.532405464815e-02,5.746114693923e-01,2.712169071202e-02,3.436857962177e-01,1,1,1,2.694457793279e+00,4.543826947659e-02,5.457411663446e-02,5.597708417206e-01,2.875817907386e-02,2.949748177209e-01,1.136564966699e-02,1.165783282102e-01,6.712964773726e-03,6.885538738077e-02,2.775557561563e-17,1.387778780781e-17,1.387778780781e-17,0.000000000000e+00,1.387778780781e-17,2.026780515715e+00,8.456189151599e-01,2.035499974494e+00,8.272980501393e-01
logreg,iid,fullbatch,fedavg,0,0.000000000000e+00,2,16,1.391035312904e-02,3.496950933173e-01,4.644244532082e-01,2.811587302007e-01,2.323264685236e-02,5.987416422002e-01,4.947508874831e-02,3.309352596362e-01,1,1,1,2.461468181795e+00,5.281957256590e-02,5.208223538706e-02,2.852907387871e-01,2.830446237396e-02,1.550432872481e-01,1.004076268094e-02,5.500026221886e-02,6.760059420081e-03,3.702956165124e-02,5.551115123126e-17,2.775557561563e-17,2.775557561563e-17,0.000000000000e+00,2.775557561563e-17,1.793722339109e+00,8.748261474270e-01,1.806607409834e+00,8.440111420613e-01
logreg,iid,fullbatch,fedavg,0,0.000000000000e+00,3,16,1.327784818490e-02,3.337739547166e-01,4.473175298187e-01,1.885412234984e-01,2.126986923614e-02,6.242562207358e-01,7.042411170630e-02,3.175975667765e-01,1,1,1,2.236438198781e+00,5.836229565210e-02,4.922216911896e-02,1.892100905601e-01,2.331215084200e-02,8.961194215774e-02,9.644387857246e-03,3.707304112211e-02,6.671272862387e-03,2.564438270473e-02,5.551115123126e-17,2.775557561563e-17,5.551115123126e-17,0.000000000000e+00,5.551115123126e-17,1.598222954485e+00,8.831710709318e-01,1.613584765112e+00,8.662952646240e-01
logreg,iid,fullbatch,fedavg,0,0.000000000000e+00,4,16,1.268129583989e-02,3.187270085622e-01,4.309923394785e-01,1.414311259219e-01,1.942316323488e-02,6.528954983560e-01,8.966410864105e-02,3.044816157547e-01,1,1,1,2.029750360487e+00,6.453226676761e-02,4.618795540722e-02,1.398241444574e-01,2.247731976062e-02,6.804527235542e-02,9.257248021976e-03,2.802433606967e-02,6.529995006772e-03,1.976816157119e-02,1.110223024625e-16,2.775557561563e-17,5.551115123126e-17,0.000000000000e+00,5.551115123126e-17,1.435071739991e+00,8.873435326843e-01,1.451948411054e+00,8.718662952646e-01
logreg,iid,fullbatch,fedavg,0,0.000000000000e+00,5,16,1.213637999628e-02,3.049613706638e-01,4.159330421953e-01,1.131537275851e-01,1.772755097376e-02,6.846055619437e-01,1.072556799965e-01,2.922021121352e-01,1,1,1,1.846512833929e+00,7.193595463323e-02,4.315716385386e-02,1.096644530204e-01,2.163692404284e-02,5.498047666519e-02,8.987227498824e-03,2.283698231808e-02,6.374411546354e-03,1.619768986501e-02,1.110223024625e-16,5.551115123126e-17,5.551115123126e-17,0.000000000000e+00,1.110223024625e-16,1.299064526544e+00,8.942976356050e-01,1.316780169021e+00,8.885793871866e-01
logreg,iid,fullbatch,fedavg,0,0.000000000000e+00,6,16,1.164895268915e-02,2.926333031452e-01,4.023565355540e-01,9.444847140929e-02,1.619995340655e-02,7.190732218060e-01,1.233365931215e-01,2.810982500048e-01,1,1,1,1.685463582964e+00,8.170792040129e-02,4.026381091843e-02,8.939220797932e-02,2.082153323796e-02,4.622718980641e-02,8.771713880244e-03,1.947463127885e-02,6.214841609676e-03,1.379795903712e-02,1.110223024625e-16,5.551115123126e-17,1.110223024625e-16,0.000000000000e+00,1.110223024625e-16,1.185410081306e+00,8.956884561892e-01,1.203480609885e+00,8.969359331476e-01
logreg,iid,fullbatch,fedavg,0,0.000000000000e+00,7,16,1.121809747272e-02,2.817256279380e-01,3.902780041850e-01,8.125300848209e-02,1.484164107461e-02,7.558529017328e-01,1.380637798192e-01,2.712878018771e-01,1,1,1,1.546835132121e+00,9.287533505379e-02,3.758595382974e-02,7.491862604119e-02,2.005114404052e-02,3.996716882256e-02,8.353005464473e-03,1.664972227518e-02,6.057798785560e-03,1.207477569690e-02,1.665334536938e-16,5.551115123126e-17,1.110223024625e-16,0.000000000000e+00,1.110223024625e-16,1.089954915626e+00,8.998609179416e-01,1.108035237616e+00,9.052924791086e-01
logreg,iid,fullbatch,fedavg,0,0.000000000000e+00,8,16,1.083919612828e-02,2.721253511700e-01,3.795965184394e-01,7.150256183028e-02,1.364332093345e-02,7.944690432154e-01,1.515917171473e-01,2.627469309326e-01,1,1,1,1.428986487409e+00,1.045618256431e-01,3.515526101733e-02,6.414374438067e-02,1.933699727558e-02,3.528198552480e-02,7.901938291798e-03,1.441775413504e-02,5.906891990232e-03,1.077762357443e-02,1.665334536938e-16,5.551115123126e-17,1.110223024625e-16,0.000000000000e+00,1.110223024625e-16,1.009243448483e+00,9.019471488178e-01,1.027090574856e+00,9.052924791086e-01
logreg,iid,fullbatch,fedavg,0,0.000000000000e+00,9,16,1.050616024936e-02,2.636806956578e-01,3.701589788382e-01,6.403736454265e-02,1.259005018865e-02,8.344812047559e-01,1.640629704923e-01,2.553752462106e-01,1,1,1,1.328839999733e+00,1.083696008556e-01,3.297329703484e-02,5.586715849971e-02,1.868373769451e-02,3.165614084765e-02,7.479824429199e-03,1.267318025536e-02,5.763772209099e-03,9.765646887593e-03,1.665334536938e-16,5.551115123126e-17,1.110223024625e-16,0.000000000000e+00,1.110223024625e-16,9.404746054633e-01,9.054242002782e-01,9.579208862125e-01,9.052924791086e-01
logreg,iid,fullbatch,fedavg,0,0.000000000000e+00,10,16,1.021274452991e-02,2.562349376010e-01,3.617995537590e-01,5.815761116092e-02,1.166486335402e-02,8.755134303734e-01,1.756046083401e-01,2.490397825420e-01,1,1,1,1.243487788699e+00,1.114407136191e-01,3.102530576059e-02,4.934986219436e-02,1.809146957255e-02,2.877688094965e-02,7.086772878309e-03,1.127245183806e-02,5.628906530699e-03,8.953522126052e-03,1.665334536938e-16,5.551115123126e-17,1.110223024625e-16,0.000000000000e+00,1.110223024625e-16,8.814110564243e-01,9.075104311544e-01,8.983442958860e-01,9.108635097493e-01
logreg,iid,fullbatch,fedavg,0,0.000000000000e+00,11,16,9.953186950101e-03,2.496430492086e-01,3.543607259610e-01,5.341764973289e-02,1.085099934965e-02,9.172599342590e-01,1.863276838249e-01,2.436013446122e-01,1,1,1,1.170392927061e+00,1.141596661760e-01,2.928933469910e-02,4.411193300859e-02,1.755745765779e-02,2.644284699390e-02,6.721838832762e-03,1.012359301881e-02,5.502115850769e-03,8.286598801510e-03,1.110223024625e-16,5.551115123126e-17,1.110223024625e-16,0.000000000000e+00,1.110223024625e-16,8.302776496570e-01,9.102920723227e-01,8.466261873692e-01,9.136490250696e-01
logreg,iid,fullbatch,fedavg,0,0.000000000000e+00,12,16,9.722446446007e-03,2.437779823522e-01,3.477025739998e-01,4.952138927422e-02,1.013305077906e-02,9.594787056724e-01,1.963282248034e-01,2.389284921166e-01,1,1,1,1.107430759584e+00,1.164933808430e-01,2.774149675862e-02,3.982886596088e-02,1.707739817677e-02,2.451826622267e-02,6.383386939280e-03,9.164720454459e-03,5.382909392354e-03,7.728320448356e-03,2.220446049250e-16,5.551115123126e-17,1.110223024625e-16,0.000000000000e+00,1.110223024625e-16,7.856675837934e-01,9.130737134910e-01,8.013891231058e-01,9.108635097493e-01
logreg,iid,fullbatch,fedavg,0,0.000000000000e+00,13,16,9.516232769711e-03,2.385315679373e-01,3.417053540269e-01,4.626518512318e-02,9.497420688082e-03,1.001980756907e+00,2.056888510091e-01,2.349037760668e-01,1,1,1,1.052858247167e+00,1.185935868440e-01,2.635869036656e-02,3.627412567043e-02,1.664629226800e-02,2.290818281481e-02,6.069424676461e-03,8.352580131997e-03,5.270676175051e-03,7.253363778063e-03,1.110223024625e-16,1.110223024625e-16,1.110223024625e-16,0.000000000000e+00,1.110223024625e-16,7.464632385187e-01,9.158553546592e-01,7.615365413327e-01,9.136490250696e-01
logreg,iid,fullbatch,fedavg,0,0.000000000000e+00,14,16,9.330944340800e-03,2.338130107101e-01,3.362687011160e-01,4.350485185255e-02,8.932389039973e-03,1.044619115787e+00,2.144805451223e-01,2.314255468530e-01,1,1,1,1.005258493989e+00,1.194690429367e-01,2.567400396833e-02,3.401968187409e-02,1.625900240446e-02,2.154420830005e-02,6.047896528733e-03,8.013846074369e-03,5.164786678204e-03,6.843669571633e-03,2.220446049250e-16,1.110223024625e-16,1.110223024625e-16,0.000000000000e+00,1.110223024625e-16,7.117725222063e-01,9.172461752434e-01,7.261912831712e-01,9.220055710306e-01
logreg,iid,fullbatch,fedavg,0,0.000000000000e+00,15,16,9.163574962024e-03,2.295465552180e-01,3.313093999044e-01,4.113573454072e-02,8.427986328055e-03,1.087279286574e+00,2.227643450235e-01,2.284074681873e-01,1,1,1,9.634825895873e-01,1.195627953623e-01,2.527362183057e-02,3.236667317040e-02,1.591057974679e-02,2.037588985339e-02,6.068319382732e-03,7.771395468019e-03,5.064642245350e-03,6.486035969803e-03,1.110223024625e-16,1.110223024625e-16,1.110223024625e-16,0.000000000000e+00,2.220446049250e-16,6.808790179735e-01,9.186369958275e-01,6.946473772336e-01,9.247910863510e-01
logreg,iid,fullbatch,fedavg,0,0.000000000000e+00,16,16,9.011618095272e-03,2.256690705645e-01,3.267587641528e-01,3.908021326622e-02,7.975789367738e-03,1.129871625212e+00,2.305928586900e-01,2.257769990966e-01,1,1,1,9.265976047261e-01,1.194867210271e-01,2.488853045068e-02,3.090274065972e-02,1.559643747479e-02,1.936525193619e-02,6.069636810723e-03,7.536339384605e-03,4.969695794377e-03,6.170602181420e-03,2.220446049250e-16,1.110223024625e-16,2.220446049250e-16,0.000000000000e+00,1.110223024625e-16,6.532034568286e-01,9.193324061196e-01,6.663327315049e-01,9.247910863510e-01
logreg,iid,fullbatch,fedavg,0,0.000000000000e+00,17,16,8.872980433832e-03,2.221278626477e-01,3.225601222952e-01,3.727961754437e-02,7.568700346951e-03,1.172325502014e+00,2.380115735702e-01,2.234735378896e-01,1,1,1,8.938432318113e-01,1.192517505077e-01,2.451874142503e-02,2.958642770652e-02,1.531242642975e-02,1.847729415315e-02,6.054764830832e-03,7.306201360097e-03,4.879457609448e-03,5.887974317540e-03,2.220446049250e-16,1.110223024625e-16,1.110223024625e-16,0.000000000000e+00,1.110223024625e-16,6.282741107868e-01,9.207232267038e-01,6.407804255310e-01,9.247910863510e-01
logreg,iid,fullbatch,fedavg,0,0.000000000000e+00,18,16,8.745908290231e-03,2.188788086933e-01,3.186666090701e-01,3.568884963364e-02,7.200738348971e-03,1.214584930930e+00,2.450599663483e-01,2.214465797990e-01,1,1,1,8.645968533934e-01,1.188722427131e-01,2.416403007565e-02,2.836232567401e-02,1.505485211607e-02,1.767050518284e-02,6.026255428893e-03,7.073266277767e-03,4.793493882000e-03,5.626322851446e-03,2.220446049250e-16,1.110223024625e-16,1.110223024625e-16,0.000000000000e+00,2.220446049250e-16,6.057040573987e-01,9.228094575800e-01,6.176066344682e-01,9.247910863510e-01
logreg,iid,fullbatch,fedavg,0,0.000000000000e+00,19,16,8.628926692713e-03,2.158848138235e-01,3.150393133888e-01,3.427272228997e-02,6.866855101988e-03,1.256605325808e+00,2.517724334736e-01,2.192889804071e-01,1,1,1,8.383458659251e-01,1.183644171619e-01,2.382400318510e-02,2.725609912748e-02,1.482045868293e-02,1.695550020868e-02,5.986319292502e-03,6.848710973445e-03,4.711422100126e-03,5.390151554075e-03,3.330669073875e-16,1.110223024625e-16,1.665334536938e-16,0.000000000000e+00,2.220446049250e-16,5.851736800839e-01,9.248956884562e-01,5.964936114571e-01,9.247910863510e-01
logreg,iid,fullbatch,fedavg,0,0.000000000000e+00,20,16,8.520789709031e-03,2.131145529548e-01,3.116457641862e-01,3.300341038650e-02,6.562777788351e-03,1.298351092148e+00,2.581790672311e-01,2.150540743919e-01,1,1,1,8.142794705386e-01,1.181637235542e-01,2.349815274475e-02,2.625097218891e-02,1.460639599673e-02,1.631754203215e-02,6.018094642516e-03,6.723117208700e-03,4.632905389739e-03,5.175652395358e-03,2.220446049250e-16,1.110223024625e-16,2.220446049250e-16,0.000000000000e+00,2.220446049250e-16,5.664171411368e-01,9.276773296245e-01,5.771765121521e-01,9.275766016713e-01
logreg,iid,fullbatch,fedavg,0,0.000000000000e+00,21,16,8.420440174379e-03,2.105414518988e-01,3.084587099172e-01,3.185864324621e-02,6.284877574340e-03,1.339793826495e+00,2.643063017249e-01,2.111913000993e-01,1,1,1,7.924365032607e-01,1.178856275052e-01,2.318589768871e-02,2.533325414363e-02,1.441017955496e-02,1.574477494131e-02,6.129148719056e-03,6.696798384457e-03,4.557646829683e-03,4.979752217638e-03,2.220446049250e-16,1.110223024625e-16,2.220446049250e-16,0.000000000000e+00,2.220446049250e-16,5.492118688022e-01,9.283727399166e-01,5.594331377646e-01,9.275766016713e-01
logreg,iid,fullbatch,fedavg,0,0.000000000000e+00,22,16,8.326977089539e-03,2.081428635155e-01,3.054551417793e-01,3.082039995495e-02,6.030060855428e-03,1.380910954165e+00,2.701774507051e-01,2.076577868045e-01,1,1,1,7.725900005192e-01,1.174663036572e-01,2.288661563342e-02,2.449165068916e-02,1.478630199916e-02,1.582326322722e-02,6.227591691011e-03,6.664331798722e-03,4.485384194002e-03,4.799943541051e-03,2.220446049250e-16,1.110223024625e-16,2.220446049250e-16,0.000000000000e+00,2.220446049250e-16,5.333703369986e-01,9.297635605007e-01,5.430759009562e-01,9.275766016713e-01
logreg,iid,fullbatch,fedavg,0,0.000000000000e+00,23,16,8.239629193890e-03,2.058994007501e-01,3.026155141404e-01,2.987395275400e-02,5.795679796103e-03,1.421684683034e+00,2.758131560875e-01,2.044164882263e-01,1,1,1,7.544803027209e-01,1.168862651927e-01,2.259966651102e-02,2.371675467478e-02,1.447591998730e-02,1.519145615990e-02,6.314508183931e-03,6.626630592850e-03,4.415885284701e-03,4.634159885418e-03,3.330669073875e-16,1.110223024625e-16,1.110223024625e-16,0.000000000000e+00,1.110223024625e-16,5.187335963065e-01,9.304589707928e-01,5.279454920602e-01,9.303621169916e-01
logreg,iid,fullbatch,fedavg,0,0.000000000000e+00,24,16,8.157733482043e-03,2.037943951059e-01,2.999231222605e-01,2.900715550822e-02,5.579458902822e-03,1.462101186536e+00,2.812317629604e-01,2.014352880817e-01,1,1,1,7.378878630934e-01,1.160712010815e-01,2.232440976322e-02,2.300066337342e-02,1.417946734814e-02,1.460899341788e-02,6.390889098870e-03,6.584482652802e-03,4.348943877499e-03,4.480682589918e-03,2.220446049250e-16,1.110223024625e-16,1.110223024625e-16,0.000000000000e+00,2.220446049250e-16,5.051661496969e-01,9.304589707928e-01,5.139058528714e-01,9.303621169916e-01
logreg,iid,fullbatch,fedavg,0,0.000000000000e+00,25,16,8.080717673827e-03,2.018134552757e-01,2.973636045318e-01,2.820990747192e-02,5.379434755652e-03,1.502149954572e+00,2.864496341177e-01,1.986862567532e-01,1,1,1,7.226262378135e-01,1.151991350245e-01,2.206021651044e-02,2.233668657657e-02,1.389608451653e-02,1.407023744941e-02,6.457637970143e-03,6.538568435889e-03,4.284376239759e-03,4.338070263197e-03,2.220446049250e-16,1.110223024625e-16,2.220446049250e-16,0.000000000000e+00,2.220446049250e-16,4.925518668780e-01,9.304589707928e-01,5.008401619136e-01,9.331476323120e-01
logreg,iid,fullbatch,fedavg,0,0.000000000000e+00,26,16,8.008085850192e-03,1.999441058544e-01,2.949245429647e-01,2.747374427189e-02,5.193906467829e-03,1.541823269209e+00,2.914814147989e-01,1.961450319965e-01,1,1,1,7.085364388938e-01,1.142840776336e-01,2.180647786240e-02,2.171912097210e-02,1.362497929025e-02,1.357039753574e-02,6.515577790263e-03,6.489476343808e-03,4.222018155978e-03,4.205104724142e-03,2.220446049250e-16,1.110223024625e-16,2.220446049250e-16,0.000000000000e+00,2.220446049250e-16,4.807907057664e-01,9.304589707928e-01,4.886476070038e-01,9.331476323120e-01
logreg,iid,fullbatch,fedavg,0,0.000000000000e+00,27,16,7.939406631862e-03,1.981754902716e-01,2.925951411569e-01,2.679152245362e-02,5.021394865106e-03,1.581115774629e+00,2.963402563481e-01,1.937903013541e-01,1,1,1,6.954823586327e-01,1.133385773661e-01,2.156261031054e-02,2.114307363989e-02,1.336542015652e-02,1.310537353909e-02,6.565457840563e-03,6.437715870365e-03,4.161722391542e-03,4.080749117381e-03,2.220446049250e-16,1.110223024625e-16,2.220446049250e-16,0.000000000000e+00,2.220446049250e-16,4.697960651306e-01,9.311543810848e-01,4.772407744932e-01,9.331476323120e-01
logreg,iid,fullbatch,fedavg,0,0.000000000000e+00,28,16,7.874303407916e-03,1.964981254224e-01,2.903659634600e-01,2.615717369214e-02,4.860608748056e-03,1.620024119626e+00,3.010380058868e-01,1.916033680608e-01,1,1,1,6.833470416599e-01,1.123737434208e-01,2.132805894675e-02,2.060432245858e-02,1.311673047184e-02,1.267163340644e-02,6.607960265431e-03,6.383728797936e-03,4.125008452375e-03,3.985032323350e-03,4.440892098501e-16,1.110223024625e-16,2.220446049250e-16,0.000000000000e+00,2.220446049250e-16,4.594926339164e-01,9.332406119611e-01,4.665435245912e-01,9.331476323120e-01
logreg,iid,fullbatch,fedavg,0,0.000000000000e+00,29,16,7.812446223983e-03,1.949036980993e-01,2.882287226152e-01,2.556551146635e-02,4.710416913014e-03,1.658546656963e+00,3.055853677822e-01,1.895677856646e-01,1,1,1,6.720296314962e-01,1.113993059140e-01,2.110229908965e-02,2.009719202774e-02,1.287828335985e-02,1.226488794282e-02,6.599269189686e-03,6.284944573309e-03,4.110335139867e-03,3.914558989677e-03,2.220446049250e-16,1.110223024625e-16,2.220446049250e-16,0.000000000000e+00,2.220446049250e-16,4.498146338464e-01,9.332406119611e-01,4.564892522141e-01,9.331476323120e-01
logreg,iid,fullbatch,fedavg,0,0.000000000000e+00,30,16,7.753545019912e-03,1.933848953755e-01,2.861761059164e-01,2.501207766233e-02,4.569824864161e-03,1.696683188172e+00,3.099920416283e-01,1.876690493922e-01,1,1,1,6.614428571208e-01,1.104236998134e-01,2.088483676575e-02,1.954547591862e-02,1.264949721455e-02,1.183827510662e-02,6.516488765453e-03,6.098581265812e-03,4.095789007546e-03,3.833122868648e-03,2.220446049250e-16,1.110223024625e-16,2.220446049250e-16,0.000000000000e+00,2.220446049250e-16,4.407043753078e-01,9.332406119611e-01,4.470194554599e-01,9.331476323120e-01
logreg,iid,fullbatch,fedavg,0,0.000000000000e+00,31,16,7.697343969598e-03,1.919352626912e-01,2.842016321317e-01,2.449301986478e-02,4.437955357285e-03,1.734434745262e+00,3.142668405976e-01,1.858943345523e-01,1,1,1,6.515109543755e-01,1.094541626692e-01,2.067520838621e-02,1.902860864619e-02,1.242983171623e-02,1.143990420062e-02,6.436250514733e-03,5.923659384993e-03,4.081353527280e-03,3.756309371427e-03,3.330669073875e-16,1.110223024625e-16,2.220446049250e-16,0.000000000000e+00,2.220446049250e-16,4.321110642800e-01,9.339360222531e-01,4.380825509965e-01,9.359331476323e-01
logreg,iid,fullbatch,fedavg,0,0.000000000000e+00,32,16,7.643616724905e-03,1.905490846469e-01,2.822995330933e-01,2.400499245047e-02,4.314032082968e-03,1.771803402919e+00,3.184177933267e-01,1.842322740800e-01,1,1,1,6.421679394651e-01,1.084968389116e-01,2.047297987574e-02,1.854332615963e-02,1.221878428413e-02,1.106711888694e-02,6.358424392475e-03,5.759119487569e-03,4.067015681402e-03,3.683684482390e-03,2.220446049250e-16,1.110223024625e-16,2.220446049250e-16,0.000000000000e+00,2.220446049250e-16,4.239898115744e-01,9.339360222531e-01,4.296328887588e-01,9.359331476323e-01
logreg,iid,fullbatch,fedavg,0,0.000000000000e+00,33,16,7.592162404324e-03,1.892212844890e-01,2.804646551710e-01,2.354507630055e-02,4.197365930739e-03,1.808792116199e+00,3.224522319406e-01,1.826727687805e-01,1,1,1,6.333561690526e-01,1.075568855592e-01,2.037046356807e-02,1.816946060857e-02,1.201588690373e-02,1.071758544153e-02,6.282887499176e-03,5.604029409684e-03,4.052765342729e-03,3.614869146420e-03,4.440892098501e-16,1.110223024625e-16,2.220446049250e-16,0.000000000000e+00,2.220446049250e-16,4.163008060127e-01,9.346314325452e-01,4.216299284131e-01,9.359331476323e-01
logreg,iid,fullbatch,fedavg,0,0.000000000000e+00,34,16,7.542802197630e-03,1.879473390494e-01,2.786923768546e-01,2.311071319331e-02,4.087343382641e-03,1.845404579822e+00,3.263768683613e-01,1.812068249928e-01,1,1,1,6.250251347842e-01,1.066385757600e-01,2.045589733515e-02,1.797873807453e-02,1.182070327800e-02,1.038924495024e-02,6.209523866887e-03,5.457565676106e-03,4.038594758842e-03,3.549530786587e-03,3.330669073875e-16,1.110223024625e-16,2.220446049250e-16,0.000000000000e+00,2.220446049250e-16,4.090086211552e-01,9.360222531293e-01,4.140375478085e-01,9.359331476323e-01
logreg,iid,fullbatch,fedavg,0,0.000000000000e+00,35,16,7.495376482043e-03,1.867232065117e-01,2.769785394511e-01,2.269965185885e-02,3.983416670086e-03,1.881645105904e+00,3.301978606831e-01,1.798264153286e-01,1,1,1,6.171304504574e-01,1.057453977725e-01,2.053268951014e-02,1.779233418848e-02,1.163282626024e-02,1.008027381296e-02,6.093682338522e-03,5.280400921266e-03,4.024498123625e-03,3.487376338159e-03,2.220446049250e-16,1.110223024625e-16,2.220446049250e-16,0.000000000000e+00,2.220446049250e-16,4.020816313772e-01,9.360222531293e-01,4.068234596653e-01,9.359331476323e-01
logreg,iid,fullbatch,fedavg,0,0.000000000000e+00,36,16,7.449742364737e-03,1.855452648657e-01,2.753193885193e-01,2.230990336233e-02,3.885095396169e-03,1.917518517585e+00,3.339208710925e-01,1.785243588958e-01,1,1,1,6.096329981779e-01,1.048801478787e-01,2.060139097426e-02,1.761004688578e-02,1.145187553399e-02,9.789050910970e-03,5.986995532469e-03,5.117677353122e-03,4.010471221544e-03,3.428146494270e-03,3.330669073875e-16,1.110223024625e-16,2.220446049250e-16,0.000000000000e+00,2.220446049250e-16,3.954915179192e-01,9.360222531293e-01,3.999587174536e-01,9.387186629526e-01
logreg,iid,fullbatch,fedavg,0,0.000000000000e+00,37,16,7.405771581998e-03,1.844102593002e-01,2.737115241353e-01,2.193970399892e-02,3.791939380392e-03,1.953030056412e+00,3.375511165675e-01,1.765366548485e-01,1,1,1,6.024982062576e-01,1.040450163674e-01,2.066252282542e-02,1.743170115319e-02,1.127749551041e-02,9.514130155108e-03,5.951772084766e-03,5.021144474474e-03,3.996511132497e-03,3.371610926008e-03,3.330669073875e-16,1.110223024625e-16,2.220446049250e-16,0.000000000000e+00,2.220446049250e-16,3.892128493147e-01,9.360222531293e-01,3.934172951127e-01,9.387186629526e-01
logreg,iid,fullbatch,fedavg,0,0.000000000000e+00,38,16,7.363348697763e-03,1.833152570976e-01,2.721518584611e-01,2.158748427476e-02,3.703552526751e-03,1.988185301701e+00,3.410934133892e-01,1.746076147856e-01,1,1,1,5.956954366866e-01,1.032416662052e-01,2.071657687997e-02,1.725714352374e-02,1.110935341847e-02,9.254217408081e-03,5.918148753654e-03,4.929885039809e-03,3.982615986962e-03,3.317564290912e-03,2.220446049250e-16,1.110223024625e-16,2.220446049250e-16,0.000000000000e+00,2.220446049250e-16,3.832227235830e-01,9.374130737135e-01,3.871757281738e-01,9.415041782730e-01
logreg,iid,fullbatch,fedavg,0,0.000000000000e+00,39,16,7.322369554313e-03,1.822576088454e-01,2.706375793813e-01,2.125184284759e-02,3.619577551568e-03,2.022990100362e+00,3.445522163336e-01,1.727914436150e-01,1,1,1,5.891974640628e-01,1.024713043380e-01,2.076401643721e-02,1.708623774670e-02,1.094713756680e-02,9.008150984551e-03,5.886035999726e-03,4.843485400864e-03,3.968784762949e-03,3.265822883076e-03,2.220446049250e-16,1.110223024625e-16,2.220446049250e-16,0.000000000000e+00,4.440892098501e-16,3.775004619352e-01,9.374130737135e-01,3.812128061672e-01,9.415041782730e-01
logreg,iid,fullbatch,fedavg,0,0.000000000000e+00,40,16,7.282739936013e-03,1.812349149841e-01,2.691661192056e-01,2.093152453202e-02,3.539691436165e-03,2.057450505885e+00,3.479316532760e-01,1.710799196566e-01,1,1,1,5.829800311108e-01,1.017347458061e-01,2.080527723358e-02,1.691886137918e-02,1.079055575892e-02,8.774885094774e-03,5.855350161941e-03,4.761573547146e-03,3.951598925221e-03,3.213442132559e-03,4.440892098501e-16,1.110223024625e-16,2.220446049250e-16,0.000000000000e+00,2.220446049250e-16,3.720273456222e-01,9.388038942976e-01,3.755093080350e-01,9.415041782730e-01
logreg,iid,fullbatch,fedavg,0,0.000000000000e+00,41,16,7.244374413631e-03,1.802449968777e-01,2.677351276220e-01,2.062540165272e-02,3.463601492677e-03,2.091572725369e+00,3.512355558261e-01,1.694655088573e-01,1,1,1,5.770214685385e-01,1.010324710022e-01,2.084076852802e-02,1.675490310200e-02,1.063933384611e-02,8.553475723399e-03,5.826012996631e-03,4.683813991711e-03,3.920644525898e-03,3.151996004394e-03,2.220446049250e-16,1.110223024625e-16,2.220446049250e-16,0.000000000000e+00,2.220446049250e-16,3.667863890595e-01,9.394993045897e-01,3.700477737532e-01,9.415041782730e-01
logreg,iid,fullbatch,fedavg,0,0.000000000000e+00,42,16,7.207195342143e-03,1.792858717268e-01,2.663424482312e-01,2.033245816962e-02,3.391041950252e-03,2.125363073614e+00,3.544674865192e-01,1.679413007670e-01,1,1,1,5.713023690976e-01,9.782823471456e-02,2.087087427246e-02,1.659426060534e-02,1.049321440398e-02,8.343068533417e-03,5.797951258826e-03,4.609903395040e-03,3.890015584141e-03,3.092919420596e-03,2.220446049250e-16,1.110223024625e-16,2.220446049250e-16,0.000000000000e+00,2.220446049250e-16,3.617621435707e-01,9.394993045897e-01,3.648123065542e-01,9.415041782730e-01
logreg,iid,fullbatch,fedavg,0,0.000000000000e+00,43,16,7.171131989410e-03,1.783557307588e-01,2.649860981118e-01,2.005177610850e-02,3.321770984325e-03,2.158827933427e+00,3.576307630111e-01,1.665009511313e-01,1,1,1,5.658053074389e-01,9.329456293110e-02,2.089595433119e-02,1.643683892352e-02,1.035195552079e-02,8.142888462612e-03,5.771096321947e-03,4.539566805732e-03,3.859718044726e-03,3.036069221144e-03,3.330669073875e-16,1.110223024625e-16,2.220446049250e-16,0.000000000000e+00,4.440892098501e-16,3.569405270734e-01,9.394993045897e-01,3.597884011067e-01,9.415041782730e-01
logreg,iid,fullbatch,fedavg,0,0.000000000000e+00,44,16,7.136119776710e-03,1.774529202174e-01,2.636642499631e-01,1.978252391793e-02,3.255568124314e-03,2.191973721396e+00,3.607284796579e-01,1.651386303314e-01,1,1,1,5.605145987586e-01,8.865040212741e-02,2.091634572104e-02,1.628254912358e-02,1.021532968662e-02,7.952230741173e-03,5.745383832115e-03,4.472554418821e-03,3.829756686896e-03,2.981314337476e-03,2.220446049250e-16,1.110223024625e-16,2.220446049250e-16,0.000000000000e+00,2.220446049250e-16,3.523086758207e-01,9.394993045897e-01,3.549627937896e-01,9.415041782730e-01
logreg,iid,fullbatch,fedavg,0,0.000000000000e+00,45,16,7.102099615171e-03,1.765759247520e-01,2.623752164459e-01,1.952394644263e-02,3.192231985495e-03,2.224806858475e+00,3.637635268075e-01,1.638489770055e-01,1,1,1,5.554160903876e-01,8.416463422537e-02,2.093236385058e-02,1.613130727320e-02,1.008312277389e-02,7.770453107931e-03,5.720753393596e-03,4.408638770330e-03,3.800135253263e-03,2.928534487921e-03,4.440892098501e-16,1.110223024625e-16,2.220446049250e-16,0.000000000000e+00,2.220446049250e-16,3.478548149589e-01,9.394993045897e-01,3.503233318365e-01,9.442896935933e-01
logreg,iid,fullbatch,fedavg,0,0.000000000000e+00,46,16,7.069017324605e-03,1.757233528687e-01,2.611174364090e-01,1.927535625856e-02,3.131578279409e-03,2.257333744804e+00,3.667386080849e-01,1.626270562714e-01,1,1,1,5.504969814241e-01,7.983313642998e-02,2.094430374219e-02,1.598303362892e-02,9.955133100922e-03,7.596969041843e-03,5.697148282197e-03,4.347612300897e-03,3.770856564529e-03,2.877619042512e-03,2.220446049250e-16,1.110223024625e-16,2.220446049250e-16,0.000000000000e+00,2.220446049250e-16,3.435681451906e-01,9.408901251739e-01,3.458588586492e-01,9.470752089136e-01
logreg,iid,fullbatch,fedavg,0,0.000000000000e+00,47,16,7.036823123352e-03,1.748939241582e-01,2.598894627347e-01,1.903612615995e-02,3.073438064241e-03,2.289560738257e+00,3.696562559118e-01,1.614683220438e-01,1,1,1,5.457456662944e-01,7.565169256475e-02,2.095244122464e-02,1.583765199802e-02,9.837903207962e-03,7.436330961508e-03,5.674515183741e-03,4.289285232878e-03,3.741922621622e-03,2.828466031686e-03,2.220446049250e-16,1.110223024625e-16,2.220446049250e-16,0.000000000000e+00,4.440892098501e-16,3.394387432668e-01,9.408901251739e-01,3.415591130097e-01,9.470752089136e-01
logreg,iid,fullbatch,fedavg,0,0.000000000000e+00,48,16,7.005471179436e-03,1.740864580561e-01,2.586899515849e-01,1.880568262414e-02,3.017656202541e-03,2.321494136257e+00,3.725188454709e-01,1.603685830030e-01,1,1,1,5.411515987764e-01,7.161602904311e-02,2.095703408731e-02,1.569508923754e-02,9.814934868777e-03,7.350576326037e-03,5.652803955033e-03,4.233483714678e-03,3.713334696648e-03,2.780981277692e-03,2.220446049250e-16,1.110223024625e-16,2.220446049250e-16,0.000000000000e+00,2.220446049250e-16,3.354574743899e-01,9.415855354659e-01,3.374146402741e-01,9.498607242340e-01
logreg,iid,fullbatch,fedavg,0,0.000000000000e+00,49,16,6.974919214825e-03,1.732998639317e-01,2.575176528582e-01,1.858350010968e-02,2.964089998538e-03,2.353140160476e+00,3.753286072945e-01,1.593239718256e-01,1,1,1,5.367051735609e-01,6.772184563734e-02,2.095832319007e-02,1.555527486107e-02,9.791281937368e-03,7.267092906086e-03,5.631967405026e-03,4.180048193707e-03,3.685093413928e-03,2.735077631093e-03,2.220446049250e-16,1.110223024625e-16,2.220446049250e-16,0.000000000000e+00,4.440892098501e-16,3.316159149035e-01,9.415855354659e-01,3.334167139272e-01,9.498607242340e-01
logreg,iid,fullbatch,fedavg,0,0.000000000000e+00,50,16,6.945128155743e-03,1.725331323276e-01,2.563714017000e-01,1.836909606669e-02,2.912607991460e-03,2.384504944060e+00,3.780876386364e-01,1.583309173335e-01,1,1,1,5.323976228738e-01,6.396484164663e-02,2.095653352457e-02,1.541814073050e-02,9.767009078214e-03,7.185783865803e-03,5.611961094127e-03,4.128831985592e-03,3.673714843773e-03,2.702825464843e-03,3.330669073875e-16,1.110223024625e-16,2.220446049250e-16,0.000000000000e+00,2.220446049250e-16,3.279062838957e-01,9.422809457580e-01,3.295572661194e-01,9.498607242340e-01
logreg,iid,fullbatch,fedavg,1,0.000000000000e+00,1,16,1.550973314868e-02,3.916359729757e-01,5.287443238081e-01,5.808542205937e-01,2.519263396915e-02,6.156455560652e-01,2.670159327212e-02,4.162608343749e-01,2,2,1,3.390784362111e+00,5.713502096726e-03,5.058434071531e-02,4.829641826862e-01,2.928105101378e-02,2.795667329274e-01,1.220323436099e-02,1.165128382804e-01,6.494326017721e-03,6.200588587086e-02,2.775557561563e-17,1.387778780781e-17,1.387778780781e-17,0.000000000000e+00,1.387778780781e-17,2.034034809299e+00,8.929068150209e-01,2.033162871965e+00,8.857938718663e-01
logreg,iid,fullbatch,fedavg,1,0.000000000000e+00,2,16,1.481769560375e-02,3.742088688902e-01,5.051419985116e-01,3.029686590650e-01,2.316706094171e-02,6.396018744470e-01,4.890834467657e-02,3.988917622916e-01,2,2,1,3.128689547824e+00,9.346151884909e-03,4.827982005455e-02,2.662219064299e-01,2.706504253649e-02,1.492405566867e-01,1.204762194183e-02,6.643232882136e-02,6.294683119868e-03,3.470979259347e-02,2.775557561563e-17,1.387778780781e-17,2.775557561563e-17,0.000000000000e+00,2.775557561563e-17,1.801918235058e+00,8.984700973574e-01,1.798946242851e+00,8.802228412256e-01
logreg,iid,fullbatch,fedavg,1,0.000000000000e+00,3,16,1.412639769352e-02,3.568020041562e-01,4.807458059930e-01,2.023226863452e-01,2.125368507921e-02,6.646563944499e-01,6.982112559251e-02,3.803536878415e-01,2,2,1,2.877174088235e+00,4.297475837417e-04,4.566189852263e-02,1.810283412061e-01,2.480660630862e-02,9.834673844710e-02,1.162947548626e-02,4.610549986948e-02,5.970194071179e-03,2.366906248649e-02,5.551115123126e-17,2.775557561563e-17,5.551115123126e-17,0.000000000000e+00,5.551115123126e-17,1.606346041214e+00,8.977746870654e-01,1.602292666999e+00,8.885793871866e-01
logreg,iid,fullbatch,fedavg,1,0.000000000000e+00,4,16,1.346797757657e-02,3.401932207542e-01,4.573838998575e-01,1.511915187474e-01,1.944578228162e-02,6.925911944053e-01,8.907892246966e-02,3.630141710650e-01,14,14,1,2.607325042309e+00,1.366629380352e-02,5.165930700901e-02,1.628135748468e-01,3.121133394946e-02,9.836811893666e-02,1.091518532084e-02,3.440116496127e-02,5.542582005954e-03,1.746844165202e-02,5.551115123126e-17,2.775557561563e-17,5.551115123126e-17,0.000000000000e+00,8.326672684689e-17,1.442471245386e+00,9.033379694019e-01,1.438363143778e+00,8.941504178273e-01
logreg,iid,fullbatch,fedavg,1,0.000000000000e+00,5,16,1.286136576479e-02,3.248672334463e-01,4.357294485705e-01,1.205126627899e-01,1.777824686688e-02,7.234327355834e-01,1.067221109139e-01,3.474969255432e-01,14,14,1,2.371862281634e+00,2.555278700083e-02,4.772012614638e-02,1.266630526315e-01,2.966306684707e-02,7.873438108140e-02,1.062274434086e-02,2.819584385442e-02,5.128295732846e-03,1.361198397353e-02,1.110223024625e-16,5.551115123126e-17,1.110223024625e-16,0.000000000000e+00,1.110223024625e-16,1.305379518637e+00,9.019471488178e-01,1.301942067733e+00,8.941504178273e-01
logreg,iid,fullbatch,fedavg,1,0.000000000000e+00,6,16,1.231458374026e-02,3.110346259419e-01,4.160788122214e-01,1.002197817356e-01,1.626912939089e-02,7.569294855539e-01,1.228757788831e-01,3.340192319134e-01,14,14,1,2.170687810364e+00,2.202306915462e-02,4.417451064185e-02,1.024897829397e-01,3.048055571120e-02,7.071828285890e-02,1.045050719802e-02,2.424634022592e-02,4.999535288256e-03,1.159947850124e-02,1.110223024625e-16,5.551115123126e-17,1.110223024625e-16,0.000000000000e+00,1.110223024625e-16,1.190487818080e+00,9.061196105702e-01,1.188173821522e+00,8.997214484680e-01
logreg,iid,fullbatch,fedavg,1,0.000000000000e+00,7,16,1.182802062753e-02,2.987110063127e-01,3.984821467656e-01,8.590462143538e-02,1.492151892109e-02,7.926820781505e-01,1.376878266838e-01,3.225388331030e-01,14,14,1,1.999926967193e+00,1.402668437554e-02,4.179751007666e-02,8.697367712414e-02,2.969166963312e-02,6.178343358759e-02,1.027016382508e-02,2.137050534581e-02,4.802189750662e-03,9.992559367697e-03,1.110223024625e-16,5.551115123126e-17,1.110223024625e-16,0.000000000000e+00,1.110223024625e-16,1.093777106720e+00,9.095966620306e-01,1.092833796717e+00,9.025069637883e-01
logreg,iid,fullbatch,fedavg,1,0.000000000000e+00,8,16,1.139773204900e-02,2.878008416369e-01,3.828332652448e-01,7.532886061410e-02,1.372806106095e-02,8.302506813159e-01,1.513063114998e-01,3.128724147611e-01,14,14,1,1.852681838065e+00,7.550490891242e-03,3.971596232763e-02,7.551349161522e-02,2.897616495918e-02,5.509350048315e-02,9.884647934545e-03,1.879406251741e-02,4.620234048104e-03,8.784629267541e-03,1.110223024625e-16,5.551115123126e-17,1.110223024625e-16,0.000000000000e+00,5.551115123126e-17,1.011869728317e+00,9.123783031989e-01,1.012402143236e+00,9.052924791086e-01
logreg,iid,fullbatch,fedavg,1,0.000000000000e+00,9,16,1.101787744627e-02,2.781596796522e-01,3.689456379391e-01,6.723572575108e-02,1.267554347176e-02,8.692232779462e-01,1.638693912082e-01,3.047782742307e-01,14,14,1,1.725511731267e+00,2.717155330922e-03,3.784715397380e-02,6.667862938693e-02,1.947522502415e-02,3.431120111466e-02,9.420672087594e-03,1.659721899140e-02,4.452034194188e-03,7.843536617250e-03,2.220446049250e-16,5.551115123126e-17,1.110223024625e-16,0.000000000000e+00,1.110223024625e-16,9.420037594640e-01,9.137691237830e-01,9.440249956252e-01,9.025069637883e-01
logreg,iid,fullbatch,fedavg,1,0.000000000000e+00,10,16,1.068218124292e-02,2.696314088307e-01,3.566056041130e-01,6.086669776002e-02,1.174839361789e-02,9.092461140103e-01,1.755012451151e-01,2.970887092470e-01,6,6,1,1.614486438158e+00,1.199386763520e-03,3.763405150513e-02,6.210250172251e-02,1.888762630702e-02,3.116775362615e-02,8.962578941112e-03,1.478975958921e-02,4.296183925486e-03,7.089424575943e-03,1.665334536938e-16,5.551115123126e-17,1.110223024625e-16,0.000000000000e+00,1.110223024625e-16,8.819566111687e-01,9.151599443672e-01,8.854241460840e-01,9.025069637883e-01
logreg,iid,fullbatch,fedavg,1,0.000000000000e+00,11,16,1.038467439230e-02,2.620671398002e-01,3.456034607547e-01,5.573834351403e-02,1.093089679944e-02,9.500294973812e-01,1.863111412646e-01,2.893012138697e-01,6,6,1,1.515977324034e+00,4.064295026839e-03,3.718050167896e-02,5.795720482985e-02,1.831580749149e-02,2.855079836132e-02,8.746127583588e-03,1.363351985422e-02,4.151436406593e-03,6.471285735534e-03,2.220446049250e-16,5.551115123126e-17,1.110223024625e-16,0.000000000000e+00,1.665334536938e-16,8.299536787174e-01,9.158553546592e-01,8.347940651975e-01,9.052924791086e-01
logreg,iid,fullbatch,fedavg,1,0.000000000000e+00,12,16,1.012000323066e-02,2.553330772712e-01,3.357485444475e-01,5.152906003029e-02,1.020839239785e-02,9.913415194341e-01,1.963940973252e-01,2.823675094069e-01,6,6,1,1.431669409279e+00,5.854929599044e-03,3.674017447912e-02,5.447039324513e-02,1.776509113929e-02,2.633823911051e-02,9.168799167101e-03,1.359351454635e-02,4.016672471110e-03,5.955054164551e-03,1.665334536938e-16,5.551115123126e-17,1.110223024625e-16,0.000000000000e+00,2.220446049250e-16,7.845811957799e-01,9.158553546592e-01,7.907060901406e-01,9.052924791086e-01
logreg,iid,fullbatch,fedavg,1,0.000000000000e+00,13,16,9.883510420826e-03,2.493126179736e-01,3.268746081763e-01,4.801730758489e-02,9.567794128808e-03,1.032997814101e+00,2.058322492021e-01,2.761709930555e-01,6,6,1,1.359090038006e+00,6.611481169263e-03,3.631459745006e-02,5.149273914599e-02,1.723898125194e-02,2.444422978858e-02,9.171957535309e-03,1.300549228098e-02,3.890886776252e-03,5.517131728960e-03,2.220446049250e-16,5.551115123126e-17,1.110223024625e-16,0.000000000000e+00,1.110223024625e-16,7.447111680288e-01,9.158553546592e-01,7.520273148979e-01,9.080779944290e-01
logreg,iid,fullbatch,fedavg,1,0.000000000000e+00,14,16,9.671209059684e-03,2.439057533009e-01,3.188400548800e-01,4.504596808082e-02,8.997716993364e-03,1.074851439184e+00,2.146964416955e-01,2.706103127785e-01,6,6,1,1.296226033547e+00,3.834808525429e-03,3.590434423975e-02,4.891689818839e-02,1.673950011168e-02,2.280627706830e-02,9.186436413139e-03,1.251581067001e-02,3.856903184616e-03,5.254732941075e-03,2.220446049250e-16,5.551115123126e-17,2.220446049250e-16,0.000000000000e+00,1.110223024625e-16,7.094400992129e-01,9.179415855355e-01,7.178552798626e-01,9.080779944290e-01
logreg,iid,fullbatch,fedavg,1,0.000000000000e+00,15,16,9.479714027092e-03,2.390273962599e-01,3.115258127188e-01,4.250081954507e-02,8.488401006282e-03,1.116784423836e+00,2.230477936323e-01,2.640023089266e-01,7,7,1,1.239765633076e+00,1.349657010306e-03,3.094957812729e-02,4.067159265983e-02,1.626752549162e-02,2.137755053259e-02,9.209261611938e-03,1.210211445979e-02,3.897593589227e-03,5.121922443100e-03,2.220446049250e-16,1.110223024625e-16,1.110223024625e-16,0.000000000000e+00,2.220446049250e-16,6.780404277803e-01,9.186369958275e-01,6.874667957248e-01,9.108635097493e-01
logreg,iid,fullbatch,fedavg,1,0.000000000000e+00,16,16,9.306161804622e-03,2.346054167552e-01,3.051689054960e-01,4.029703408824e-02,8.031545549215e-03,1.158701242195e+00,2.309391253025e-01,2.572359658102e-01,7,7,1,1.185625328847e+00,6.518135286663e-03,3.008164056561e-02,3.825459225507e-02,1.582308989294e-02,2.012210240827e-02,9.237989326297e-03,1.174788037785e-02,3.902320036205e-03,4.962550546677e-03,3.330669073875e-16,1.110223024625e-16,1.110223024625e-16,0.000000000000e+00,2.220446049250e-16,6.499226342671e-01,9.193324061196e-01,6.602784038182e-01,9.136490250696e-01
logreg,iid,fullbatch,fedavg,1,0.000000000000e+00,17,16,9.148132747070e-03,2.305787337224e-01,3.012175341362e-01,3.837043122265e-02,7.620116773376e-03,1.200523957721e+00,2.384162089288e-01,2.505109160311e-01,7,7,1,1.137647117234e+00,1.162592697348e-02,2.924865030144e-02,3.609518279928e-02,1.540562792864e-02,1.901178175715e-02,9.270647902250e-03,1.144072383686e-02,3.907619073000e-03,4.822315672562e-03,2.220446049250e-16,1.110223024625e-16,1.110223024625e-16,0.000000000000e+00,2.220446049250e-16,6.246058887685e-01,9.214186369958e-01,6.358160127805e-01,9.136490250696e-01
logreg,iid,fullbatch,fedavg,1,0.000000000000e+00,18,16,9.003581283640e-03,2.268955996142e-01,2.975906252150e-01,3.667165133960e-02,7.248159335128e-03,1.242188653332e+00,2.455188396143e-01,2.442470589428e-01,7,7,1,1.094887072821e+00,1.461284672879e-02,2.845232821247e-02,3.415637681051e-02,1.515809825419e-02,1.819695428207e-02,9.151640776882e-03,1.098633786575e-02,3.913226054500e-03,4.697739413943e-03,2.220446049250e-16,1.110223024625e-16,2.220446049250e-16,0.000000000000e+00,2.220446049250e-16,6.016953602608e-01,9.235048678720e-01,6.136916075926e-01,9.136490250696e-01
logreg,iid,fullbatch,fedavg,1,0.000000000000e+00,19,16,8.870775546886e-03,2.235121140856e-01,2.942462355771e-01,3.516217826061e-02,6.910626225162e-03,1.283642792687e+00,2.522817409416e-01,2.383991740694e-01,7,7,1,1.056566738215e+00,1.607955591405e-02,2.793613448666e-02,3.269215397947e-02,1.496827843651e-02,1.751657029314e-02,8.707839519264e-03,1.019031571917e-02,3.918941628550e-03,4.586126374009e-03,2.220446049250e-16,5.551115123126e-17,1.110223024625e-16,0.000000000000e+00,2.220446049250e-16,5.808646538897e-01,9.248956884562e-01,5.935853469685e-01,9.164345403900e-01
logreg,iid,fullbatch,fedavg,1,0.000000000000e+00,20,16,8.748246182711e-03,2.203909609386e-01,2.911486471848e-01,3.381156462979e-02,6.603231195130e-03,1.324843235712e+00,2.587353255756e-01,2.329282165890e-01,7,7,1,1.022041967889e+00,1.708748192504e-02,2.763842437442e-02,3.158735906037e-02,1.478879716407e-02,1.690179728642e-02,8.228984515363e-03,9.404728904501e-03,3.924616993290e-03,4.485360108162e-03,2.220446049250e-16,1.110223024625e-16,1.110223024625e-16,0.000000000000e+00,2.220446049250e-16,5.618421720287e-01,9.255910987483e-01,5.752317469111e-01,9.164345403900e-01
logreg,iid,fullbatch,fedavg,1,0.000000000000e+00,21,16,8.634743413983e-03,2.175003459106e-01,2.882674151905e-01,3.259545872055e-02,6.322323734673e-03,1.365754709242e+00,2.649063321370e-01,2.278002669235e-01,7,7,1,9.907778200656e-01,1.770548071633e-02,2.734626839844e-02,3.057214997277e-02,1.461850541947e-02,1.634296619744e-02,7.766476515491e-03,8.682642959984e-03,3.876991600708e-03,4.334337940849e-03,3.330669073875e-16,1.110223024625e-16,2.220446049250e-16,0.000000000000e+00,1.110223024625e-16,5.444004734396e-01,9.290681502086e-01,5.584089616814e-01,9.164345403900e-01
logreg,iid,fullbatch,fedavg,1,0.000000000000e+00,22,16,8.529201239241e-03,2.148131083521e-01,2.855765538568e-01,3.149417675446e-02,6.064784551224e-03,1.406348596096e+00,2.708183581281e-01,2.229856687907e-01,7,7,1,9.623283461152e-01,1.799512379389e-02,2.705987588093e-02,2.963514050437e-02,1.445642119508e-02,1.583222610450e-02,7.337684575719e-03,8.036005572790e-03,3.797516380830e-03,4.158922679791e-03,3.330669073875e-16,1.110223024625e-16,1.665334536938e-16,0.000000000000e+00,1.665334536938e-16,5.283479265953e-01,9.304589707928e-01,5.429304180739e-01,9.164345403900e-01
logreg,iid,fullbatch,fedavg,1,0.000000000000e+00,23,16,8.430707671082e-03,2.123059804386e-01,2.830538447196e-01,3.049165376136e-02,5.827938822058e-03,1.446601951135e+00,2.764923062903e-01,2.184583272049e-01,7,7,1,9.363203175434e-01,1.801069267747e-02,2.677939823764e-02,2.876689941671e-02,1.430170255932e-02,1.536313980475e-02,6.939063208873e-03,7.454063441027e-03,3.724297196877e-03,4.000705389636e-03,3.330669073875e-16,1.110223024625e-16,2.220446049250e-16,0.000000000000e+00,2.220446049250e-16,5.135221242871e-01,9.318497913769e-01,5.286382448139e-01,9.164345403900e-01
logreg,iid,fullbatch,fedavg,1,0.000000000000e+00,24,16,8.338480026464e-03,2.099589701569e-01,2.806802513284e-01,2.957466172204e-02,5.609484445842e-03,1.486496683781e+00,2.819467591830e-01,2.141951385184e-01,7,7,1,9.124401075986e-01,1.779950348031e-02,2.650493850802e-02,2.795954003704e-02,1.415362529067e-02,1.493038185559e-02,6.834560086311e-03,7.209643452331e-03,3.656726323642e-03,3.857408913415e-03,2.220446049250e-16,1.110223024625e-16,2.220446049250e-16,0.000000000000e+00,2.220446049250e-16,4.997846564262e-01,9.332406119611e-01,5.153980782387e-01,9.164345403900e-01
logreg,iid,fullbatch,fedavg,1,0.000000000000e+00,25,16,8.251844413849e-03,2.077548474673e-01,2.784394257652e-01,2.873221943169e-02,5.407432760472e-03,1.526018866877e+00,2.871982943562e-01,2.101755277013e-01,7,7,1,8.904230966709e-01,1.740241874499e-02,2.623655875467e-02,2.720640892563e-02,1.401156427559e-02,1.452951017449e-02,6.898146521189e-03,7.153140655345e-03,3.562207775944e-03,3.693886928412e-03,2.220446049250e-16,1.110223024625e-16,1.110223024625e-16,0.000000000000e+00,2.220446049250e-16,4.870169355967e-01,9.346314325452e-01,5.030949291718e-01,9.164345403900e-01
logreg,iid,fullbatch,fedavg,1,0.000000000000e+00,26,16,8.170218693266e-03,2.056787161587e-01,2.763172934767e-01,2.795514186734e-02,5.220059532030e-03,1.565158144871e+00,2.922617503441e-01,2.063810718980e-01,7,7,1,8.700450966743e-01,1.685445042559e-02,2.597428607343e-02,2.639402476014e-02,1.387497801745e-02,1.409919457666e-02,6.955610636513e-03,7.068011757589e-03,3.472107009949e-03,3.528215487092e-03,2.220446049250e-16,1.110223024625e-16,2.220446049250e-16,0.000000000000e+00,2.220446049250e-16,4.751168431411e-01,9.353268428373e-01,4.916298729993e-01,9.164345403900e-01
logreg,iid,fullbatch,fedavg,1,0.000000000000e+00,27,16,8.093098304372e-03,2.037176567401e-01,2.743017044698e-01,2.723569239952e-02,5.045864367937e-03,1.603907222675e+00,2.971504519016e-01,2.027951930513e-01,7,7,1,8.511153918993e-01,1.618539121837e-02,2.571811764958e-02,2.561788826206e-02,1.374339572099e-02,1.368983456406e-02,6.924152442162e-03,6.897167436191e-03,3.386486115397e-03,3.373288204344e-03,4.440892098501e-16,1.110223024625e-16,2.220446049250e-16,0.000000000000e+00,2.220446049250e-16,4.639960184714e-01,9.360222531293e-01,4.809173823008e-01,9.192200557103e-01
logreg,iid,fullbatch,fedavg,1,0.000000000000e+00,28,16,8.020044461016e-03,2.018604281666e-01,2.723821404515e-01,2.656731173481e-02,4.883537026662e-03,1.642261421840e+00,3.018764013865e-01,1.994029057032e-01,7,7,1,8.334710759166e-01,1.542043475853e-02,2.546802511667e-02,2.489182027591e-02,1.361640651102e-02,1.330834024716e-02,6.838325489774e-03,6.683610853208e-03,3.305004305200e-03,3.230229780254e-03,2.220446049250e-16,1.110223024625e-16,2.220446049250e-16,0.000000000000e+00,2.220446049250e-16,4.535776555501e-01,9.374130737135e-01,4.708831641621e-01,9.192200557103e-01
logreg,iid,fullbatch,fedavg,1,0.000000000000e+00,29,16,7.950674298532e-03,2.000972182907e-01,2.705494689556e-01,2.594440473948e-02,4.731929372975e-03,1.680218294030e+00,3.064504419495e-01,1.961906088837e-01,7,7,1,8.169724295689e-01,1.458076123035e-02,2.522395837198e-02,2.421099407118e-02,1.349365042085e-02,1.295176139764e-02,6.756714004457e-03,6.485372370590e-03,3.301378007493e-03,3.168798575838e-03,4.440892098501e-16,1.110223024625e-16,2.220446049250e-16,0.000000000000e+00,2.220446049250e-16,4.437947015900e-01,9.388038942976e-01,4.614623963332e-01,9.192200557103e-01
logreg,iid,fullbatch,fedavg,1,0.000000000000e+00,30,16,7.884652633331e-03,1.984194346849e-01,2.687957368244e-01,2.536217137055e-02,4.590031959820e-03,1.717777283982e+00,3.108823971785e-01,1.931459132887e-01,7,7,1,8.014991370723e-01,1.368407574856e-02,2.498584894418e-02,2.357120688850e-02,1.337481084900e-02,1.261755941616e-02,6.678923353811e-03,6.300777872979e-03,3.324082557694e-03,3.135880548102e-03,2.220446049250e-16,1.110223024625e-16,2.220446049250e-16,0.000000000000e+00,2.220446049250e-16,4.345883765639e-01,9.394993045897e-01,4.525982805017e-01,9.192200557103e-01
logreg,iid,fullbatch,fedavg,1,0.000000000000e+00,31,16,7.821685055178e-03,1.968195289413e-01,2.671139965994e-01,2.481647153523e-02,4.456954409087e-03,1.754939435600e+00,3.151811910115e-01,1.902574967864e-01,7,7,1,7.869471784636e-01,1.274509399235e-02,2.475361297609e-02,2.296877923505e-02,1.325960823460e-02,1.230353785437e-02,6.604605838750e-03,6.128387544528e-03,3.345384013735e-03,3.104168548735e-03,3.330669073875e-16,1.110223024625e-16,2.220446049250e-16,0.000000000000e+00,2.220446049250e-16,4.259069500285e-01,9.394993045897e-01,4.442408491916e-01,9.192200557103e-01
logreg,iid,fullbatch,fedavg,1,0.000000000000e+00,32,16,7.761512122584e-03,1.952908487677e-01,2.654981604032e-01,2.430371627795e-02,4.331908919336e-03,1.791707135840e+00,3.193549510627e-01,1.875149827552e-01,7,7,1,7.732262692811e-01,1.177597412949e-02,2.452715386716e-02,2.240047337548e-02,1.314779474533e-02,1.200778646125e-02,6.533454434538e-03,5.966956985854e-03,3.365359006004e-03,3.073558196813e-03,2.220446049250e-16,1.110223024625e-16,2.220446049250e-16,0.000000000000e+00,2.220446049250e-16,4.177047254579e-01,9.394993045897e-01,4.363459766717e-01,9.192200557103e-01
logreg,iid,fullbatch,fedavg,1,0.000000000000e+00,33,16,7.703904472868e-03,1.938275131925e-01,2.639428767779e-01,2.382077956367e-02,4.214196354658e-03,1.828083891808e+00,3.234110979566e-01,1.849088369080e-01,7,7,1,7.602577442301e-01,1.078669686043e-02,2.430636461033e-02,2.186342686745e-02,1.303914980725e-02,1.172863580362e-02,6.465197435362e-03,5.815405700432e-03,3.384080820764e-03,3.043960078953e-03,3.330669073875e-16,1.110223024625e-16,2.220446049250e-16,0.000000000000e+00,2.220446049250e-16,4.099411928091e-01,9.408901251739e-01,4.288745548757e-01,9.192200557103e-01
logreg,iid,fullbatch,fedavg,1,0.000000000000e+00,34,16,7.648658692064e-03,1.924243070179e-01,2.624434266994e-01,2.336492629712e-02,4.103194470618e-03,1.864074137074e+00,3.273564228194e-01,1.824302791660e-01,7,7,1,7.474878820924e-01,1.042736536952e-02,2.409112985232e-02,2.135509798218e-02,1.293347633533e-02,1.146462021849e-02,6.399593866598e-03,5.672791392730e-03,3.401619254701e-03,3.015297037853e-03,2.220446049250e-16,1.110223024625e-16,2.220446049250e-16,0.000000000000e+00,2.220446049250e-16,4.025803181736e-01,9.408901251739e-01,4.217918035035e-01,9.192200557103e-01
logreg,iid,fullbatch,fedavg,1,0.000000000000e+00,35,16,7.595593817393e-03,1.910765913316e-01,2.609956356169e-01,2.293375323230e-02,3.998347915298e-03,1.899683063680e+00,3.311971547115e-01,1.800712078530e-01,7,7,1,7.352313660904e-01,1.023211444067e-02,2.388132770314e-02,2.087322058460e-02,1.283059754797e-02,1.121444737831e-02,6.336429548769e-03,5.538288881351e-03,3.418040559024e-03,2.987502011718e-03,2.220446049250e-16,1.110223024625e-16,2.220446049250e-16,0.000000000000e+00,2.220446049250e-16,3.955899456882e-01,9.415855354659e-01,4.150666897983e-01,9.192200557103e-01
logreg,iid,fullbatch,fedavg,1,0.000000000000e+00,36,16,7.544548367493e-03,1.897802274440e-01,2.595957988992e-01,2.252514018509e-02,3.899159709557e-03,1.934916476748e+00,3.349390194911e-01,1.778241340412e-01,7,7,1,7.235790488877e-01,1.001582546550e-02,2.367683131827e-02,2.041576659671e-02,1.273035426902e-02,1.097697314122e-02,6.275513714652e-03,5.411172700882e-03,3.433407450494e-03,2.960516303827e-03,4.440892098501e-16,1.110223024625e-16,2.220446049250e-16,0.000000000000e+00,2.220446049250e-16,3.889412918130e-01,9.429763560501e-01,4.086714384109e-01,9.192200557103e-01
logreg,iid,fullbatch,fedavg,1,0.000000000000e+00,37,16,7.495377813999e-03,1.885315120733e-01,2.582406185103e-01,2.213720953352e-02,3.805183964034e-03,1.969780668909e+00,3.385872913499e-01,1.756821243134e-01,7,7,1,7.124815494771e-01,9.783085735105e-03,2.347751027550e-02,1.998091458155e-02,1.263260263718e-02,1.075118065222e-02,6.216676096194e-03,5.290802670369e-03,3.447779171733e-03,2.934288189763e-03,2.220446049250e-16,1.110223024625e-16,2.220446049250e-16,0.000000000000e+00,2.220446049250e-16,3.826085159580e-01,9.436717663421e-01,4.025811156186e-01,9.247910863510e-01
logreg,iid,fullbatch,fedavg,1,0.000000000000e+00,38,16,7.447952423067e-03,1.873271219737e-01,2.569271491063e-01,2.176829242428e-02,3.716019633545e-03,2.004282312137e+00,3.421468380661e-01,1.736387505523e-01,7,7,1,7.018949975360e-01,9.537579092743e-03,2.328323176705e-02,1.956702329936e-02,1.253721215663e-02,1.053616288462e-02,6.159764410826e-03,5.176611861753e-03,3.461211587052e-03,2.908771791025e-03,2.220446049250e-16,1.110223024625e-16,2.220446049250e-16,0.000000000000e+00,2.220446049250e-16,3.765683544977e-01,9.443671766342e-01,3.967732751900e-01,9.247910863510e-01
logreg,iid,fullbatch,fedavg,1,0.000000000000e+00,39,16,7.402155407785e-03,1.861640665094e-01,2.556527520478e-01,2.141690043703e-02,3.631305144498e-03,2.038428364799e+00,3.456221608513e-01,1.716880456341e-01,7,7,1,6.917802881212e-01,9.282236064501e-03,2.309386162582e-02,1.917260932829e-02,1.244406403386e-02,1.033110798199e-02,6.104642187804e-03,5.068096520718e-03,3.473757303070e-03,2.883926159780e-03,2.220446049250e-16,1.110223024625e-16,2.220446049250e-16,0.000000000000e+00,2.220446049250e-16,3.707998076372e-01,9.457579972184e-01,3.912276555892e-01,9.275766016713e-01
logreg,iid,fullbatch,fedavg,1,0.000000000000e+00,40,16,7.357881342458e-03,1.850396469315e-01,2.544150560766e-01,2.108170171421e-02,3.550713759378e-03,2.072225992035e+00,3.490174295322e-01,1.698244641204e-01,7,7,1,6.821024507603e-01,9.019361571101e-03,2.290926520396e-02,1.879632802734e-02,1.235304975509e-02,1.013528689233e-02,6.051186884515e-03,4.964807584330e-03,3.485465805870e-03,2.859714531738e-03,3.330669073875e-16,1.110223024625e-16,2.220446049250e-16,0.000000000000e+00,2.220446049250e-16,3.652838705258e-01,9.457579972184e-01,3.859259201129e-01,9.275766016713e-01
logreg,iid,fullbatch,fedavg,1,0.000000000000e+00,41,16,7.315034798059e-03,1.839514213199e-01,2.532119236142e-01,2.076150076337e-02,3.473949565452e-03,2.105682497756e+00,3.523365136958e-01,1.680428472081e-01,7,7,1,6.728301137018e-01,8.750743249418e-03,2.273346445014e-02,1.844032868511e-02,1.226406986626e-02,9.948042888359e-03,5.999288250507e-03,4.866343511289e-03,3.496383608290e-03,2.836103713426e-03,4.440892098501e-16,1.110223024625e-16,2.220446049250e-16,0.000000000000e+00,2.220446049250e-16,3.600033015614e-01,9.464534075104e-01,3.808514330796e-01,9.275766016713e-01
logreg,iid,fullbatch,fedavg,1,0.000000000000e+00,42,16,7.273529164908e-03,1.828971743260e-01,2.520414218116e-01,2.045522129464e-02,3.400743993782e-03,2.138805266791e+00,3.555830103296e-01,1.663383913314e-01,7,7,1,6.639350475565e-01,7.939426043925e-03,2.256649155428e-02,1.810351934539e-02,1.217703292405e-02,9.768782647482e-03,5.948846903584e-03,4.772344196383e-03,3.506554402478e-03,2.813063577395e-03,3.330669073875e-16,1.110223024625e-16,2.220446049250e-16,0.000000000000e+00,2.220446049250e-16,3.549424220730e-01,9.471488178025e-01,3.759890664096e-01,9.275766016713e-01
logreg,iid,fullbatch,fedavg,1,0.000000000000e+00,43,16,7.233285634288e-03,1.818748909948e-01,2.509017976243e-01,2.016189157820e-02,3.330852790115e-03,2.171601715859e+00,3.587602684120e-01,1.647066199173e-01,7,7,1,6.553917753753e-01,6.352919219082e-03,2.240413702951e-02,1.778154034015e-02,1.209185459149e-02,9.596968627832e-03,5.899773087821e-03,4.682485784686e-03,3.516019214042e-03,2.790566644406e-03,4.440892098501e-16,1.110223024625e-16,4.440892098501e-16,0.000000000000e+00,3.330669073875e-16,3.500869425730e-01,9.478442280946e-01,3.713250319205e-01,9.275766016713e-01
logreg,iid,fullbatch,fedavg,1,0.000000000000e+00,44,16,7.194232315280e-03,1.808827340578e-01,2.497914563043e-01,1.988063190337e-02,3.264053371947e-03,2.204079252230e+00,3.618714108408e-01,1.631433578817e-01,7,7,1,6.471772384840e-01,4.797847004672e-03,2.224624934604e-02,1.747344639090e-02,1.200845685616e-02,9.432112526010e-03,5.851985587984e-03,4.596476235675e-03,3.524816555003e-03,2.768587736007e-03,2.220446049250e-16,1.110223024625e-16,4.440892098501e-16,0.000000000000e+00,2.220446049250e-16,3.454238115913e-01,9.471488178025e-01,3.668467354606e-01,9.303621169916e-01
logreg,iid,fullbatch,fedavg,1,0.000000000000e+00,45,16,7.156303466949e-03,1.799190241903e-01,2.487089427991e-01,1.961064379807e-02,3.200142516567e-03,2.236245239048e+00,3.649193540323e-01,1.616447085195e-01,7,7,1,6.392705092490e-01,3.273591729849e-03,2.209268036123e-02,1.717837049926e-02,1.192676735248e-02,9.273769641777e-03,5.805410778721e-03,4.514051515102e-03,3.532982573555e-03,2.747103684280e-03,3.330669073875e-16,1.110223024625e-16,2.220446049250e-16,0.000000000000e+00,4.440892098501e-16,3.409410837609e-01,9.471488178025e-01,3.625426496524e-01,9.303621169916e-01
logreg,iid,fullbatch,fedavg,1,0.000000000000e+00,46,16,7.119438829172e-03,1.789822228029e-01,2.476529256295e-01,1.935120072845e-02,3.138934333553e-03,2.268106966454e+00,3.679068254769e-01,1.602070325014e-01,7,7,1,6.316525434606e-01,1.779390705203e-03,2.194328554023e-02,1.689551588951e-02,1.184671877275e-02,9.121534006229e-03,5.759981790133e-03,4.434972314426e-03,3.540551199172e-03,2.726093088182e-03,3.330669073875e-16,1.110223024625e-16,2.220446049250e-16,0.000000000000e+00,1.665334536938e-16,3.366278043752e-01,9.471488178025e-01,3.584022025484e-01,9.303621169916e-01
logreg,iid,fullbatch,fedavg,1,0.000000000000e+00,47,16,7.083583038022e-03,1.780709170083e-01,2.466221828863e-01,1.910164004837e-02,3.080258482413e-03,2.299671627711e+00,3.708363794985e-01,1.588269287306e-01,7,7,1,6.243059662537e-01,3.143728750765e-04,2.179792412526e-02,1.662414895229e-02,1.176824835370e-02,8.975034155330e-03,5.715637774082e-03,4.359021215400e-03,3.547554282051e-03,2.705536108038e-03,3.330669073875e-16,1.110223024625e-16,2.220446049250e-16,0.000000000000e+00,2.220446049250e-16,3.324739080807e-01,9.478442280946e-01,3.544156799352e-01,9.303621169916e-01
logreg,iid,fullbatch,fedavg,1,0.000000000000e+00,48,16,7.048685113810e-03,1.771838064551e-01,2.456155900413e-01,1.886135600788e-02,3.023958602047e-03,2.330946299674e+00,3.737104114289e-01,1.575012168535e-01,14,14,1,6.165228945649e-01,1.121152372020e-03,2.107397899637e-02,1.592347169805e-02,1.169129742786e-02,8.833929451010e-03,5.672323257887e-03,4.286000231600e-03,3.554021726244e-03,2.685414291334e-03,4.440892098501e-16,1.110223024625e-16,2.220446049250e-16,0.000000000000e+00,2.220446049250e-16,3.284701297368e-01,9.485396383866e-01,3.505741393835e-01,9.303621169916e-01
logreg,iid,fullbatch,fedavg,1,0.000000000000e+00,49,16,7.014698011709e-03,1.763196917729e-01,2.446321093157e-01,1.862979366242e-02,2.969890923685e-03,2.361937927001e+00,3.765311703832e-01,1.562269212450e-01,14,14,1,6.088232181457e-01,2.525567410827e-03,2.088792291775e-02,1.564085432717e-02,1.161581103034e-02,8.697906868617e-03,5.629987573993e-03,4.215728670358e-03,3.559981616082e-03,2.665710424334e-03,4.440892098501e-16,1.110223024625e-16,2.220446049250e-16,0.000000000000e+00,2.220446049250e-16,3.246079257799e-01,9.492350486787e-01,3.468693344330e-01,9.303621169916e-01
logreg,iid,fullbatch,fedavg,1,0.000000000000e+00,50,16,6.981578226415e-03,1.754774644056e-01,2.436707803886e-01,1.840644355075e-02,2.917923043187e-03,2.392653309592e+00,3.793007707962e-01,1.550012563162e-01,14,14,1,6.013875044306e-01,3.900045116131e-03,2.070577645376e-02,1.536854590458e-02,1.154173755332e-02,8.566678182918e-03,5.588584355833e-03,4.148041267906e-03,3.565460335710e-03,2.646408405050e-03,2.220446049250e-16,1.110223024625e-16,2.220446049250e-16,0.000000000000e+00,2.220446049250e-16,3.208794046832e-01,9.492350486787e-01,3.432936475514e-01,9.303621169916e-01
logreg,iid,fullbatch,fedavg,2,0.000000000000e+00,1,16,1.550865260319e-02,3.927398006767e-01,4.700704295134e-01,5.694088856130e-01,2.505949590125e-02,6.188732871685e-01,2.723640778190e-02,3.880091659617e-01,5,5,1,3.357824676533e+00,3.523971465306e-02,4.127809636024e-02,4.405637408310e-01,2.897109334727e-02,3.092103170081e-01,1.342569511639e-02,1.432932956044e-01,6.031718815974e-03,6.437691753069e-02,2.775557561563e-17,6.938893903907e-18,1.387778780781e-17,0.000000000000e+00,2.081668171172e-17,2.027849508722e+00,8.636995827538e-01,2.027761722342e+00,8.913649025070e-01
logreg,iid,fullbatch,fedavg,2,0.000000000000e+00,2,16,1.475884844355e-02,3.738758825721e-01,4.475885791014e-01,2.990039766567e-01,2.303342665099e-02,6.407578284891e-01,4.936004065423e-02,3.751021487165e-01,5,5,1,3.060620180368e+00,3.715118516578e-02,4.022087614874e-02,2.241987115767e-01,2.762027838843e-02,1.539606150094e-01,1.318068443304e-02,7.347160854124e-02,6.196175131762e-03,3.453864297007e-02,5.551115123126e-17,2.775557561563e-17,2.775557561563e-17,0.000000000000e+00,5.551115123126e-17,1.798125355306e+00,8.810848400556e-01,1.793485065887e+00,8.885793871866e-01
logreg,iid,fullbatch,fedavg,2,0.000000000000e+00,3,16,1.402147709383e-02,3.552723129216e-01,4.262897094595e-01,1.998956321379e-01,2.111395401874e-02,6.640858022798e-01,7.014398936019e-02,3.622123012618e-01,5,5,1,2.781011344618e+00,3.853298898675e-02,3.872627439266e-02,1.504908598022e-01,2.611137342867e-02,1.014691730491e-01,1.284848504571e-02,4.992939785737e-02,6.345957460392e-03,2.466048204895e-02,5.551115123126e-17,2.775557561563e-17,5.551115123126e-17,0.000000000000e+00,5.551115123126e-17,1.604906840451e+00,8.887343532684e-01,1.596384689491e+00,8.941504178273e-01
logreg,iid,fullbatch,fedavg,2,0.000000000000e+00,4,16,1.332299835856e-02,3.376147676149e-01,4.069136265969e-01,1.492555190446e-01,1.930384325731e-02,6.901733598313e-01,8.926301984569e-02,3.500639807719e-01,5,5,1,2.526095198594e+00,4.008127011321e-02,3.715592993069e-02,1.133608071823e-01,2.539032766974e-02,7.746456742259e-02,1.247048983397e-02,3.804681503531e-02,6.494426061425e-03,1.981415569149e-02,5.551115123126e-17,2.775557561563e-17,5.551115123126e-17,0.000000000000e+00,1.110223024625e-16,1.443250655367e+00,8.922114047288e-01,1.431519246988e+00,8.997214484680e-01
logreg,iid,fullbatch,fedavg,2,0.000000000000e+00,5,16,1.268207473127e-02,3.213842427917e-01,3.897293315187e-01,1.187821235495e-01,1.763923827491e-02,7.189695231519e-01,1.067675366654e-01,3.391380223703e-01,5,5,1,2.295983769000e+00,4.395023113075e-02,3.560775805810e-02,9.102687508002e-02,2.476250379895e-02,6.330231002743e-02,1.207677430452e-02,3.087279531032e-02,6.610298371901e-03,1.689841868614e-02,1.110223024625e-16,5.551115123126e-17,1.110223024625e-16,0.000000000000e+00,5.551115123126e-17,1.308165853995e+00,9.026425591099e-01,1.293785605429e+00,9.052924791086e-01
logreg,iid,fullbatch,fedavg,2,0.000000000000e+00,6,16,1.210649978438e-02,3.067853171564e-01,3.747124870956e-01,9.859651982834e-02,1.613754891381e-02,7.502068529144e-01,1.227883073912e-01,3.296705100153e-01,5,5,1,2.091808718957e+00,4.641380286414e-02,3.414007717484e-02,7.616507309836e-02,2.418196908229e-02,5.394895369986e-02,1.164853811014e-02,2.598739751244e-02,6.566629539729e-03,1.464987370538e-02,1.110223024625e-16,5.551115123126e-17,5.551115123126e-17,0.000000000000e+00,1.110223024625e-16,1.195025309359e+00,9.040333796940e-01,1.178456391886e+00,9.108635097493e-01
logreg,iid,fullbatch,fedavg,2,0.000000000000e+00,7,16,1.159616418035e-02,2.938215181635e-01,3.616830639814e-01,8.435007496218e-02,1.480039886343e-02,7.835034911798e-01,1.374766315922e-01,3.216915427876e-01,5,5,1,1.916941606712e+00,4.586943293751e-02,3.278787891986e-02,6.561726516536e-02,2.364946919788e-02,4.732887708809e-02,1.093032001351e-02,2.187447710239e-02,6.525215892464e-03,1.305869228453e-02,1.110223024625e-16,5.551115123126e-17,1.110223024625e-16,0.000000000000e+00,1.110223024625e-16,1.099800061287e+00,9.040333796940e-01,1.081419451679e+00,9.164345403900e-01
logreg,iid,fullbatch,fedavg,2,0.000000000000e+00,8,16,1.114648143228e-02,2.823819930746e-01,3.504021310199e-01,7.382641326562e-02,1.361897231637e-02,8.184524627368e-01,1.509822967043e-01,3.115357209302e-01,5,5,1,1.767943270264e+00,4.556427938626e-02,3.156723355170e-02,5.779059452390e-02,2.316473853743e-02,4.240802444332e-02,1.025855379957e-02,1.878048394902e-02,6.478204731313e-03,1.185974381496e-02,1.110223024625e-16,5.551115123126e-17,1.110223024625e-16,0.000000000000e+00,1.110223024625e-16,1.019126598990e+00,9.095966620306e-01,9.992431450188e-01,9.192200557103e-01
logreg,iid,fullbatch,fedavg,2,0.000000000000e+00,9,16,1.075092594545e-02,2.723057546336e-01,3.406257507952e-01,6.577741715638e-02,1.257894274939e-02,8.546764350270e-01,1.634440269963e-01,3.005450765249e-01,5,5,1,1.641075648854e+00,4.543281348793e-02,3.048052999288e-02,5.178960137941e-02,1.778473082940e-02,3.021811367814e-02,9.634901245258e-03,1.637070270558e-02,6.385541263670e-03,1.084970099649e-02,1.665334536938e-16,5.551115123126e-17,1.110223024625e-16,0.000000000000e+00,2.220446049250e-16,9.502698130336e-01,9.102920723227e-01,9.291371877032e-01,9.192200557103e-01
logreg,iid,fullbatch,fedavg,2,0.000000000000e+00,10,16,1.040256318970e-02,2.634204982479e-01,3.321296105559e-01,5.944803109915e-02,1.166400881944e-02,8.918514509664e-01,1.749858321187e-01,2.908692661995e-01,5,5,1,1.532814738057e+00,4.542158967392e-02,2.952152348507e-02,4.706963985796e-02,1.718570967697e-02,2.740119986042e-02,9.058383892688e-03,1.444284769855e-02,6.303607367953e-03,1.005058322162e-02,1.665334536938e-16,5.551115123126e-17,1.110223024625e-16,0.000000000000e+00,1.110223024625e-16,8.910382918595e-01,9.109874826147e-01,8.688657495377e-01,9.220055710306e-01
logreg,iid,fullbatch,fedavg,2,0.000000000000e+00,11,16,1.009483594829e-02,2.555626400622e-01,3.247175298218e-01,5.435619293152e-02,1.085803378738e-02,9.297112300411e-01,1.857163904214e-01,2.823422502566e-01,5,5,1,1.440062197271e+00,4.549265924427e-02,2.867932381255e-02,4.327946291077e-02,1.664563979034e-02,2.511964210317e-02,8.526650718291e-03,1.286741856005e-02,6.230860284910e-03,9.402881614836e-03,2.220446049250e-16,5.551115123126e-17,1.110223024625e-16,0.000000000000e+00,1.110223024625e-16,8.396881155221e-01,9.116828929068e-01,8.166491550591e-01,9.220055710306e-01
logreg,iid,fullbatch,fedavg,2,0.000000000000e+00,12,16,9.821895271414e-03,2.485858440001e-01,3.182222393422e-01,5.018085759783e-02,1.014614598082e-02,9.680419826389e-01,1.957299205632e-01,2.748069382588e-01,5,5,1,1.360193614022e+00,4.562200857262e-02,2.794114767803e-02,4.018227226870e-02,1.615825941583e-02,2.323725520214e-02,8.036708307217e-03,1.155762122107e-02,6.165890328509e-03,8.867190668546e-03,2.220446049250e-16,5.551115123126e-17,1.110223024625e-16,0.000000000000e+00,1.110223024625e-16,7.948333516580e-01,9.116828929068e-01,7.710725786940e-01,9.220055710306e-01
logreg,iid,fullbatch,fedavg,2,0.000000000000e+00,13,16,9.578685233914e-03,2.423633078323e-01,3.125029451311e-01,4.670076319949e-02,9.515181335951e-03,1.006673955621e+00,2.051076808530e-01,2.680790788781e-01,5,5,1,1.291030166762e+00,4.219625654853e-02,2.729401996796e-02,3.761284573931e-02,1.571761734869e-02,2.165984774028e-02,7.585337797633e-03,1.045306410701e-02,6.107468552893e-03,8.416468985051e-03,1.110223024625e-16,1.110223024625e-16,1.110223024625e-16,0.000000000000e+00,1.110223024625e-16,7.553701331194e-01,9.151599443672e-01,7.310086687364e-01,9.220055710306e-01
logreg,iid,fullbatch,fedavg,2,0.000000000000e+00,14,16,9.360909067248e-03,2.367870280996e-01,3.074418639413e-01,4.375899860341e-02,8.953756136356e-03,1.045472863533e+00,2.139196363264e-01,2.609556466621e-01,5,5,1,1.230781301019e+00,3.640480171135e-02,2.672571317357e-02,3.545270689488e-02,1.531827034262e-02,2.032028649961e-02,7.625937583068e-03,1.011610534676e-02,6.054552933324e-03,8.031601968135e-03,2.220446049250e-16,5.551115123126e-17,1.110223024625e-16,0.000000000000e+00,1.110223024625e-16,7.204153246660e-01,9.186369958275e-01,6.955550776084e-01,9.220055710306e-01
logreg,iid,fullbatch,fedavg,2,0.000000000000e+00,15,16,9.164946821296e-03,2.317658177634e-01,3.029406991619e-01,4.124154738844e-02,8.452155667949e-03,1.084332468704e+00,2.222260657432e-01,2.546656499352e-01,5,5,1,1.177981864347e+00,3.090452472664e-02,2.622518982489e-02,3.361497611058e-02,1.495535143869e-02,1.916950019022e-02,7.586303947941e-03,9.723987802582e-03,6.006273866849e-03,7.698733694432e-03,2.220446049250e-16,1.110223024625e-16,2.220446049250e-16,0.000000000000e+00,2.220446049250e-16,6.892582709063e-01,9.193324061196e-01,6.639853319601e-01,9.220055710306e-01
logreg,iid,fullbatch,fedavg,2,0.000000000000e+00,16,16,8.987760097242e-03,2.272229774220e-01,2.989174381655e-01,3.906379858420e-02,8.002146845636e-03,1.123168603453e+00,2.300790097990e-01,2.490811538831e-01,5,5,1,1.130904883512e+00,2.610723223822e-02,2.578274663110e-02,3.203473236183e-02,1.462456809879e-02,1.817083849348e-02,7.338092159626e-03,9.117485493048e-03,5.961911584896e-03,7.407598760506e-03,2.220446049250e-16,1.110223024625e-16,1.110223024625e-16,0.000000000000e+00,2.220446049250e-16,6.613233522043e-01,9.214186369958e-01,6.357107109314e-01,9.275766016713e-01
logreg,iid,fullbatch,fedavg,2,0.000000000000e+00,17,16,8.826800302843e-03,2.230940387812e-01,2.953035847837e-01,3.716179321938e-02,7.596772559670e-03,1.161914514817e+00,2.375235298990e-01,2.440958188470e-01,5,5,1,1.088626980938e+00,2.058450206270e-02,2.538999366986e-02,3.066266931064e-02,1.432216513300e-02,1.729641287020e-02,7.110605302622e-03,8.587246685754e-03,5.907147414507e-03,7.133869747879e-03,2.220446049250e-16,1.110223024625e-16,2.220446049250e-16,0.000000000000e+00,1.110223024625e-16,6.361410997990e-01,9.228094575800e-01,6.102508354486e-01,9.303621169916e-01
logreg,iid,fullbatch,fedavg,2,0.000000000000e+00,18,16,8.679927000470e-03,2.193247492022e-01,2.920418269509e-01,3.548638709743e-02,7.230155791102e-03,1.200517285001e+00,2.445987802770e-01,2.396213685393e-01,5,5,1,1.050913432188e+00,1.527679593331e-02,2.510837052857e-02,2.954153612301e-02,1.404487244145e-02,1.652465284835e-02,6.976283119048e-03,8.208024472604e-03,5.819253656975e-03,6.846708428206e-03,2.220446049250e-16,1.110223024625e-16,1.110223024625e-16,0.000000000000e+00,1.110223024625e-16,6.133259379476e-01,9.235048678720e-01,5.872109991679e-01,9.303621169916e-01
logreg,iid,fullbatch,fedavg,2,0.000000000000e+00,19,16,8.545338097723e-03,2.158693440343e-01,2.890840965537e-01,3.399926445212e-02,6.897325166114e-03,1.238935078732e+00,2.513389108684e-01,2.355844812485e-01,5,5,1,1.017092494814e+00,8.763078670442e-03,2.489235838529e-02,2.859066291758e-02,1.378984860492e-02,1.583863236441e-02,6.963681104828e-03,7.998288312100e-03,5.719954533682e-03,6.569778943607e-03,2.220446049250e-16,1.110223024625e-16,2.220446049250e-16,0.000000000000e+00,2.220446049250e-16,5.925589989114e-01,9.269819193324e-01,5.662646591263e-01,9.303621169916e-01
logreg,iid,fullbatch,fedavg,2,0.000000000000e+00,20,16,8.421511451977e-03,2.126890980988e-01,2.863899666214e-01,3.267015768645e-02,6.594065142049e-03,1.277135010128e+00,2.577738232182e-01,2.319241473151e-01,5,5,1,9.866079620869e-01,2.640964341270e-03,2.468019926313e-02,2.772142229830e-02,1.694127439612e-02,1.902886669589e-02,6.948634330673e-03,7.804881339218e-03,5.627051634722e-03,6.320446322063e-03,2.220446049250e-16,1.110223024625e-16,1.665334536938e-16,0.000000000000e+00,2.220446049250e-16,5.735748029546e-01,9.283727399166e-01,5.471398577454e-01,9.303621169916e-01
logreg,iid,fullbatch,fedavg,2,0.000000000000e+00,21,16,8.307156604696e-03,2.097511257666e-01,2.839253319568e-01,3.147487152677e-02,6.316789966506e-03,1.315091470311e+00,2.639298018303e-01,2.285894674322e-01,15,15,1,9.560472989603e-01,3.076061579402e-03,2.520566206950e-02,2.772975272580e-02,1.704580604649e-02,1.875277012671e-02,6.931780582995e-03,7.625927896117e-03,5.539887323201e-03,6.094650685133e-03,2.220446049250e-16,5.551115123126e-17,2.220446049250e-16,0.000000000000e+00,2.220446049250e-16,5.561508816447e-01,9.304589707928e-01,5.296086392775e-01,9.303621169916e-01
logreg,iid,fullbatch,fedavg,2,0.000000000000e+00,22,16,8.201175137871e-03,2.070273931405e-01,2.816613249832e-01,3.039385494506e-02,6.062438861692e-03,1.352784799150e+00,2.698300413915e-01,2.255378394869e-01,15,15,1,9.260783774820e-01,8.347436650137e-03,2.511949963307e-02,2.710407302511e-02,1.714157571063e-02,1.849585089723e-02,6.913608689834e-03,7.459820360018e-03,5.457884643254e-03,5.889086410727e-03,2.220446049250e-16,1.110223024625e-16,2.220446049250e-16,0.000000000000e+00,2.220446049250e-16,5.400996473757e-01,9.311543810848e-01,5.134787522728e-01,9.331476323120e-01
logreg,iid,fullbatch,fedavg,2,0.000000000000e+00,23,16,8.102628203148e-03,2.044939070530e-01,2.795734254514e-01,2.941115311170e-02,5.828389395759e-03,1.390200217069e+00,2.754950876076e-01,2.227334752765e-01,15,15,1,8.989031317131e-01,1.318488960535e-02,2.503118246992e-02,2.652220027310e-02,1.722936251446e-02,1.825565387234e-02,6.894489880396e-03,7.305169925891e-03,5.380536966194e-03,5.701036264097e-03,2.220446049250e-16,1.110223024625e-16,2.220446049250e-16,0.000000000000e+00,3.330669073875e-16,5.252619836967e-01,9.325452016690e-01,4.985871041106e-01,9.331476323120e-01
logreg,iid,fullbatch,fedavg,2,0.000000000000e+00,24,16,8.010709941665e-03,2.021300495699e-01,2.776407292964e-01,2.851362749663e-02,5.612386079519e-03,1.427326956515e+00,2.809432066338e-01,2.201461913384e-01,15,15,1,8.741733717851e-01,1.760903905166e-02,2.494107357243e-02,2.597890703530e-02,1.730987867426e-02,1.803016728870e-02,6.874703224557e-03,7.160769380972e-03,5.307398765441e-03,5.528247159298e-03,2.220446049250e-16,1.110223024625e-16,1.110223024625e-16,0.000000000000e+00,2.220446049250e-16,5.115021603646e-01,9.339360222531e-01,4.847945650121e-01,9.331476323120e-01
logreg,iid,fullbatch,fedavg,2,0.000000000000e+00,25,16,7.924725707794e-03,1.999180314067e-01,2.758453478477e-01,2.769036810445e-02,5.412481540100e-03,1.464157549376e+00,2.861906955480e-01,2.177504246820e-01,15,15,1,8.515925223907e-01,2.164165830751e-02,2.484949601436e-02,2.535401284370e-02,1.738377226435e-02,1.773671325196e-02,6.854456074090e-03,6.993621409411e-03,5.238077517725e-03,5.344425681067e-03,2.220446049250e-16,1.110223024625e-16,2.220446049250e-16,0.000000000000e+00,1.110223024625e-16,4.987037738254e-01,9.339360222531e-01,4.719818172431e-01,9.359331476323e-01
logreg,iid,fullbatch,fedavg,2,0.000000000000e+00,26,16,7.844074196815e-03,1.978424421939e-01,2.741719136699e-01,2.693224532457e-02,5.226988007049e-03,1.500687238279e+00,2.912521441226e-01,2.155244316718e-01,15,15,1,8.309069194734e-01,2.530507646928e-02,2.475673659185e-02,2.473717985757e-02,1.745163109845e-02,1.743784507657e-02,6.833900359151e-03,6.828501878096e-03,5.172226660387e-03,5.168140828552e-03,3.330669073875e-16,1.110223024625e-16,2.220446049250e-16,0.000000000000e+00,2.220446049250e-16,4.867664860982e-01,9.339360222531e-01,4.600460186002e-01,9.359331476323e-01
logreg,iid,fullbatch,fedavg,2,0.000000000000e+00,27,16,7.768232741228e-03,1.958898795378e-01,2.726071735672e-01,2.623156454863e-02,5.054437223184e-03,1.536913487736e+00,2.961406563008e-01,2.129491301942e-01,15,15,1,8.118987347720e-01,2.862170585414e-02,2.466304933827e-02,2.415928673470e-02,1.751398716387e-02,1.715624990066e-02,6.813145493966e-03,6.673981521764e-03,5.109539503947e-03,5.005173053219e-03,3.330669073875e-16,1.110223024625e-16,2.220446049250e-16,0.000000000000e+00,2.220446049250e-16,4.756033890378e-01,9.339360222531e-01,4.488981041196e-01,9.359331476323e-01
logreg,iid,fullbatch,fedavg,2,0.000000000000e+00,28,16,7.696745179496e-03,1.940486422060e-01,2.711396528328e-01,2.558179733599e-02,4.893547229606e-03,1.572835576804e+00,3.008680382541e-01,2.102838609365e-01,15,15,1,7.943801966720e-01,3.161367773475e-02,2.456865887446e-02,2.361639532645e-02,1.757132124214e-02,1.689026946822e-02,6.792268537246e-03,6.529005093792e-03,5.049743989580e-03,4.854019544358e-03,2.220446049250e-16,1.110223024625e-16,2.220446049250e-16,0.000000000000e+00,2.220446049250e-16,4.651388614143e-01,9.353268428373e-01,4.384605910472e-01,9.387186629526e-01
logreg,iid,fullbatch,fedavg,2,0.000000000000e+00,29,16,7.629211815776e-03,1.923084755703e-01,2.697593777413e-01,2.497737022612e-02,4.743194761940e-03,1.608454258930e+00,3.054449586449e-01,2.077591681666e-01,15,15,1,7.781888482790e-01,3.430256883253e-02,2.447376355552e-02,2.310510511839e-02,1.762406748321e-02,1.663846800225e-02,6.771322148166e-03,6.392646135890e-03,4.992598183111e-03,4.713394634748e-03,2.220446049250e-16,1.110223024625e-16,2.220446049250e-16,0.000000000000e+00,4.440892098501e-16,4.553068166739e-01,9.360222531293e-01,4.286657830272e-01,9.387186629526e-01
logreg,iid,fullbatch,fedavg,2,0.000000000000e+00,30,16,7.565281082508e-03,1.906603597183e-01,2.684576456863e-01,2.441349740810e-02,4.602392233716e-03,1.643771477600e+00,3.098810856981e-01,2.053637365259e-01,15,15,1,7.631836392977e-01,3.670920254541e-02,2.437853838456e-02,2.262246270106e-02,1.188688275204e-02,1.103062691651e-02,6.750340783890e-03,6.264088937331e-03,4.937886404985e-03,4.582192306065e-03,3.330669073875e-16,1.110223024625e-16,2.220446049250e-16,0.000000000000e+00,2.220446049250e-16,4.460492622378e-01,9.367176634214e-01,4.194542928410e-01,9.387186629526e-01
logreg,iid,fullbatch,fedavg,2,0.000000000000e+00,31,16,7.504642593088e-03,1.890963324870e-01,2.672268343290e-01,2.388604707353e-02,4.470268478065e-03,1.678790128582e+00,3.141852048598e-01,2.030874463128e-01,15,15,1,7.492416912554e-01,3.885351078869e-02,2.428313767701e-02,2.216588912145e-02,1.188913138085e-02,1.085251714352e-02,6.729345502072e-03,6.142613374055e-03,4.885415906023e-03,4.459456134764e-03,3.330669073875e-16,1.110223024625e-16,2.220446049250e-16,0.000000000000e+00,4.440892098501e-16,4.373151086562e-01,9.367176634214e-01,4.107738207812e-01,9.387186629526e-01
logreg,iid,fullbatch,fedavg,2,0.000000000000e+00,32,16,7.447021332351e-03,1.876093411564e-01,2.660602427269e-01,2.339143386873e-02,4.346052577024e-03,1.713513861227e+00,3.183653201485e-01,2.009212208366e-01,15,15,1,7.362556089150e-01,4.075444431004e-02,2.418769747042e-02,2.173312111200e-02,1.188878672502e-02,1.068230831337e-02,6.630349384859e-03,5.957499111780e-03,4.835014009720e-03,4.344355025110e-03,2.220446049250e-16,1.110223024625e-16,2.220446049250e-16,0.000000000000e+00,1.110223024625e-16,4.290591802620e-01,9.381084840056e-01,4.025781393146e-01,9.387186629526e-01
logreg,iid,fullbatch,fedavg,2,0.000000000000e+00,33,16,7.392172781111e-03,1.861931177323e-01,2.649519587169e-01,2.292653173779e-02,4.229060235120e-03,1.747946912584e+00,3.224287417589e-01,1.988568964580e-01,15,15,1,7.241312366596e-01,4.242992123324e-02,2.409233768441e-02,2.132216318403e-02,1.188606065977e-02,1.051938289770e-02,6.524395877071e-03,5.774210680191e-03,4.786525652471e-03,4.236163480000e-03,4.440892098501e-16,1.110223024625e-16,2.220446049250e-16,0.000000000000e+00,3.330669073875e-16,4.212413892094e-01,9.388038942976e-01,3.948262451064e-01,9.387186629526e-01
logreg,iid,fullbatch,fedavg,2,0.000000000000e+00,34,16,7.339878809844e-03,1.848420737040e-01,2.638967478921e-01,2.248860282076e-02,4.118682256328e-03,1.782093969149e+00,3.263821620376e-01,1.968871114370e-01,15,15,1,7.127857789160e-01,4.389680530734e-02,2.399716404223e-02,2.093124829686e-02,1.188114933534e-02,1.036319484888e-02,6.424453487042e-03,5.603655118258e-03,4.739811262840e-03,4.134245457013e-03,2.220446049250e-16,1.110223024625e-16,2.220446049250e-16,0.000000000000e+00,2.220446049250e-16,4.138260426775e-01,9.388038942976e-01,3.874816475278e-01,9.387186629526e-01
logreg,iid,fullbatch,fedavg,2,0.000000000000e+00,35,16,7.289944207742e-03,1.835512109291e-01,2.628899603697e-01,2.207523908570e-02,4.014374765701e-03,1.815960051869e+00,3.302317215883e-01,1.950052104729e-01,15,15,1,7.021462196359e-01,4.507619561145e-02,2.390226976951e-02,2.055880534945e-02,1.187423424641e-02,1.021325894569e-02,6.330099498565e-03,5.444641228159e-03,4.694744929629e-03,4.038041077450e-03,2.220446049250e-16,1.110223024625e-16,2.220446049250e-16,0.000000000000e+00,4.440892098501e-16,4.067812591571e-01,9.394993045897e-01,3.805117690212e-01,9.387186629526e-01
logreg,iid,fullbatch,fedavg,2,0.000000000000e+00,36,16,7.242193738371e-03,1.823160459180e-01,2.619274522519e-01,2.168431413031e-02,3.915650883088e-03,1.849550420762e+00,3.339830669695e-01,1.932051624073e-01,15,15,1,6.921479884253e-01,4.536947010007e-02,2.380773708878e-02,2.020343214031e-02,1.186548325215e-02,1.006914201055e-02,6.240944626007e-03,5.296114484664e-03,4.651212816077e-03,3.947055621008e-03,2.220446049250e-16,1.110223024625e-16,2.220446049250e-16,0.000000000000e+00,2.220446049250e-16,4.000784745266e-01,9.401947148818e-01,3.738874375823e-01,9.415041782730e-01
logreg,iid,fullbatch,fedavg,2,0.000000000000e+00,37,16,7.196469633180e-03,1.811325452860e-01,2.610055192464e-01,2.131394315810e-02,3.822073609555e-03,1.882870496055e+00,3.376414012085e-01,1.914814890268e-01,15,15,1,6.823636182997e-01,4.603451309786e-02,2.371363852906e-02,1.986387274155e-02,1.185505154308e-02,9.930455628212e-03,6.156630322826e-03,5.157138627187e-03,4.609111784036e-03,3.860850363282e-03,4.440892098501e-16,1.110223024625e-16,2.220446049250e-16,0.000000000000e+00,2.220446049250e-16,3.936920223762e-01,9.408901251739e-01,3.675824554525e-01,9.415041782730e-01
logreg,iid,fullbatch,fedavg,2,0.000000000000e+00,38,16,7.152629450330e-03,1.799970705437e-01,2.601208403781e-01,2.096244956615e-02,3.733249730018e-03,1.915925793235e+00,3.412115281546e-01,1.893228625798e-01,15,15,1,6.729648190841e-01,4.405956669282e-02,2.362003806999e-02,1.953899846007e-02,1.184308255289e-02,9.796850076096e-03,6.076826260876e-03,5.026880083831e-03,4.568348197497e-03,3.779034908050e-03,2.220446049250e-16,1.110223024625e-16,3.330669073875e-16,0.000000000000e+00,4.440892098501e-16,3.875987760097e-01,9.422809457580e-01,3.615732311396e-01,9.415041782730e-01
logreg,iid,fullbatch,fedavg,2,0.000000000000e+00,39,16,7.110544239294e-03,1.789063307203e-01,2.592704300934e-01,2.062833691157e-02,3.648824570318e-03,1.948721869814e+00,3.446978915351e-01,1.870714533438e-01,15,15,1,6.640775599429e-01,3.956120695825e-02,2.352699213927e-02,1.922779173268e-02,1.182970881483e-02,9.668009238210e-03,6.001227986619e-03,4.904594738842e-03,4.528836879594e-03,3.701260739012e-03,3.330669073875e-16,1.110223024625e-16,2.220446049250e-16,0.000000000000e+00,2.220446049250e-16,3.817778418981e-01,9.422809457580e-01,3.558384642921e-01,9.415041782730e-01
logreg,iid,fullbatch,fedavg,2,0.000000000000e+00,40,16,7.070096962288e-03,1.778573415797e-01,2.584515973671e-01,2.031026527814e-02,3.568477475075e-03,1.981264281944e+00,3.481046094409e-01,1.849231653493e-01,15,15,1,6.556597821190e-01,3.502087052047e-02,2.343455048089e-02,1.892933243528e-02,1.181505276352e-02,9.543646321848e-03,5.929554753657e-03,4.789616648151e-03,4.490500201151e-03,3.627215771756e-03,3.330669073875e-16,1.110223024625e-16,2.220446049250e-16,0.000000000000e+00,2.220446049250e-16,3.762102962340e-01,9.422809457580e-01,3.503588748598e-01,9.415041782730e-01
logreg,iid,fullbatch,fedavg,2,0.000000000000e+00,41,16,7.031181132074e-03,1.768473904007e-01,2.576619106661e-01,2.000703126157e-02,3.491917895548e-03,2.013558549312e+00,3.514355048557e-01,1.828715915401e-01,15,15,1,6.476737904239e-01,3.044962926002e-02,2.334275691048e-02,1.864278619008e-02,1.179922748353e-02,9.423500232947e-03,5.861547526656e-03,4.681348381493e-03,4.453267282248e-03,3.556619730422e-03,2.220446049250e-16,1.110223024625e-16,2.220446049250e-16,0.000000000000e+00,2.220446049250e-16,3.708789577356e-01,9.422809457580e-01,3.451169695154e-01,9.442896935933e-01
logreg,iid,fullbatch,fedavg,2,0.000000000000e+00,42,16,6.993699632712e-03,1.758740054710e-01,2.568991678278e-01,1.971755094571e-02,3.418881995389e-03,2.045610126979e+00,3.546941327534e-01,1.809108259786e-01,15,15,1,6.400857245262e-01,2.585740111547e-02,2.325164997229e-02,1.836739433528e-02,1.178233740671e-02,9.307332494610e-03,5.796967148895e-03,4.579252728271e-03,4.417073291049e-03,3.489220207650e-03,4.440892098501e-16,1.110223024625e-16,2.220446049250e-16,0.000000000000e+00,2.220446049250e-16,3.657681910549e-01,9.422809457580e-01,3.400968395387e-01,9.470752089136e-01
logreg,iid,fullbatch,fedavg,2,0.000000000000e+00,43,16,6.957563695447e-03,1.749349295840e-01,2.561613700737e-01,1.944084536274e-02,3.349129697444e-03,2.077424383044e+00,3.578838042084e-01,1.790354169648e-01,15,15,1,6.328651024857e-01,2.125305896322e-02,2.316126351095e-02,1.810246528536e-02,1.176447896076e-02,9.194924615695e-03,5.735592664086e-03,4.482845551302e-03,4.381858826572e-03,3.424789293376e-03,3.330669073875e-16,1.110223024625e-16,2.220446049250e-16,0.000000000000e+00,2.220446049250e-16,3.608637361187e-01,9.422809457580e-01,3.352839853706e-01,9.470752089136e-01
logreg,iid,fullbatch,fedavg,2,0.000000000000e+00,44,16,6.922692006606e-03,1.740280969466e-01,2.554466995132e-01,1.917602802589e-02,3.282442107289e-03,2.109006581177e+00,3.610076078977e-01,1.772403252271e-01,15,15,1,6.259844255991e-01,1.664452943480e-02,2.307162716958e-02,1.784736706016e-02,1.174574117133e-02,9.086075834078e-03,5.677219782245e-03,4.391689610368e-03,4.347569374037e-03,3.363120679249e-03,3.330669073875e-16,1.110223024625e-16,2.220446049250e-16,0.000000000000e+00,2.220446049250e-16,3.561525595214e-01,9.436717663421e-01,3.306651638487e-01,9.470752089136e-01
logreg,iid,fullbatch,fedavg,2,0.000000000000e+00,45,16,6.889009928142e-03,1.731516130026e-01,2.547534996032e-01,1.892229419883e-02,3.218619259503e-03,2.140361867221e+00,3.640684293223e-01,1.755208865595e-01,15,15,1,6.194188354307e-01,1.203888255792e-02,2.298276682450e-02,1.760152080089e-02,1.172620622059e-02,8.980601173193e-03,5.621659479098e-03,4.305389208030e-03,4.314154823135e-03,3.304027162505e-03,2.220446049250e-16,1.110223024625e-16,2.220446049250e-16,0.000000000000e+00,3.330669073875e-16,3.516227247371e-01,9.436717663421e-01,3.262282548014e-01,9.470752089136e-01
logreg,iid,fullbatch,fedavg,2,0.000000000000e+00,46,16,6.856448814642e-03,1.723037367543e-01,2.540802581181e-01,1.867891162653e-02,3.157478141234e-03,2.171495259177e+00,3.670689680283e-01,1.738727783659e-01,15,15,1,6.131458153914e-01,7.442413048034e-03,2.289470496534e-02,1.736439512322e-02,1.170594996465e-02,8.878329761683e-03,5.568736718620e-03,4.223585534981e-03,4.281569040963e-03,3.247338486657e-03,4.440892098501e-16,1.110223024625e-16,2.220446049250e-16,0.000000000000e+00,2.220446049250e-16,3.472632784403e-01,9.450625869263e-01,3.219621442162e-01,9.470752089136e-01
logreg,iid,fullbatch,fedavg,2,0.000000000000e+00,47,16,6.824945413149e-03,1.714828652320e-01,2.534255922589e-01,1.844521250092e-02,3.098850954632e-03,2.202411640014e+00,3.700117530666e-01,1.722919896490e-01,15,15,1,6.071449304496e-01,2.860714015479e-03,2.280746102829e-02,1.713550118312e-02,1.168504241262e-02,8.779103374896e-03,5.518289288611e-03,4.145952612459e-03,4.249769492587e-03,3.192899467323e-03,3.330669073875e-16,1.110223024625e-16,2.220446049250e-16,0.000000000000e+00,2.220446049250e-16,3.430641506619e-01,9.457579972184e-01,3.178566216441e-01,9.470752089136e-01
logreg,iid,fullbatch,fedavg,2,0.000000000000e+00,48,16,6.794441334326e-03,1.706875198145e-01,2.527882355903e-01,1.822058647377e-02,3.042583585644e-03,2.233115752804e+00,3.728991569019e-01,1.707747940396e-01,10,10,1,6.003762058240e-01,1.698366851965e-03,2.178915386364e-02,1.622064926211e-02,1.166354816996e-02,8.682775164225e-03,5.470166739713e-03,4.072193745818e-03,4.218716903180e-03,3.140568360336e-03,3.330669073875e-16,1.110223024625e-16,2.220446049250e-16,0.000000000000e+00,4.440892098501e-16,3.390160668648e-01,9.464534075104e-01,3.139022898686e-01,9.470752089136e-01
logreg,iid,fullbatch,fedavg,2,0.000000000000e+00,49,16,6.764882585231e-03,1.699163341507e-01,2.521670265463e-01,1.800447456113e-02,2.988534251516e-03,2.263612197785e+00,3.757334079516e-01,1.693177255186e-01,10,10,1,5.921921423456e-01,6.200428312654e-03,2.155457152612e-02,1.590312957839e-02,1.164152684833e-02,8.589208546085e-03,5.424229418833e-03,4.002038417053e-03,4.188374956554e-03,3.090215436492e-03,4.440892098501e-16,1.110223024625e-16,2.220446049250e-16,0.000000000000e+00,2.220446049250e-16,3.351104703158e-01,9.464534075104e-01,3.100904851707e-01,9.498607242340e-01
logreg,iid,fullbatch,fedavg,2,0.000000000000e+00,50,16,6.736219155478e-03,1.691680434668e-01,2.515608982845e-01,1.779636380939e-02,2.936572303483e-03,2.293905430998e+00,3.785166019096e-01,1.679175565278e-01,10,10,1,5.843165592248e-01,1.063468083730e-02,2.132569339905e-02,1.559782352839e-02,1.161903344460e-02,8.498276227089e-03,5.380347588583e-03,3.935239555297e-03,4.158710025614e-03,3.041721733097e-03,4.440892098501e-16,1.110223024625e-16,2.220446049250e-16,0.000000000000e+00,2.220446049250e-16,3.313394533808e-01,9.471488178025e-01,3.064132067763e-01,9.498607242340e-01
logreg,iid,fullbatch,fedavg,0,5.000000000000e-01,1,16,1.111481891562e-02,2.814531294680e-01,3.545945449316e-01,3.740023456816e-01,2.797382379270e-02,3.973292674603e-01,2.971858076280e-02,2.812768641739e-01,13,13,1,1.607468554464e+00,5.938069934427e-02,3.595894790963e-02,3.575469468627e-01,2.208409007964e-02,2.195864851791e-01,9.386456672988e-03,9.333139928676e-02,4.318128527513e-03,4.293600789024e-02,1.387778780781e-17,1.387778780781e-17,1.387778780781e-17,0.000000000000e+00,1.387778780781e-17,2.038638355479e+00,4.909596662031e-01,2.052266009129e+00,4.679665738162e-01
logreg,iid,fullbatch,fedavg,0,5.000000000000e-01,2,16,1.064934302249e-02,2.696314376521e-01,3.443244439191e-01,2.008284526390e-01,2.449225213740e-02,4.348045644293e-01,5.302706306082e-02,2.724867072458e-01,13,13,1,1.486218968546e+00,6.378357609403e-02,3.538823248333e-02,1.825944535305e-01,1.983187710453e-02,1.023275396445e-01,9.285390214951e-03,4.791029766506e-02,4.000757758870e-03,2.064291221758e-02,5.551115123126e-17,2.775557561563e-17,2.775557561563e-17,0.000000000000e+00,2.775557561563e-17,1.807648649618e+00,5.897079276773e-01,1.825103471745e+00,5.515320334262e-01
logreg,iid,fullbatch,fedavg,0,5.000000000000e-01,3,16,1.014441934902e-02,2.568252218967e-01,3.304582513485e-01,1.360719639663e-01,2.205375159427e-02,4.599861073820e-01,7.455186985861e-02,2.623457794810e-01,13,13,1,1.360184558208e+00,6.744063215930e-02,3.447150500255e-02,1.240182757762e-01,1.962245354308e-02,7.059578207366e-02,9.188466174578e-03,3.305738266765e-02,3.698870702038e-03,1.330744238617e-02,8.326672684689e-17,2.775557561563e-17,5.551115123126e-17,0.000000000000e+00,5.551115123126e-17,1.614507815891e+00,6.731571627260e-01,1.634047607883e+00,6.629526462396e-01
logreg,iid,fullbatch,fedavg,0,5.000000000000e-01,4,16,9.678995843826e-03,2.450066821018e-01,3.171939551303e-01,1.029023247140e-01,1.984227424955e-02,4.877966971980e-01,9.406003091499e-02,2.527042279650e-01,13,13,1,1.248702206973e+00,7.068382591367e-02,3.350706673696e-02,9.500316864523e-02,1.934621234861e-02,5.485265209368e-02,9.035399408446e-03,2.561822497076e-02,3.415960458236e-03,9.685332053888e-03,8.326672684689e-17,2.775557561563e-17,5.551115123126e-17,0.000000000000e+00,5.551115123126e-17,1.454981039188e+00,7.225312934631e-01,1.475958735054e+00,6.963788300836e-01
logreg,iid,fullbatch,fedavg,0,5.000000000000e-01,5,16,9.265776003153e-03,2.345024920181e-01,3.052429391866e-01,8.296025385494e-02,1.789072480322e-02,5.179094813133e-01,1.116893400466e-01,2.438668628595e-01,13,13,1,1.154086140869e+00,4.936691528919e-02,3.256411432062e-02,7.775470481017e-02,1.903493911705e-02,4.545052438870e-02,8.845950594752e-03,2.112184813283e-02,3.155039712087e-03,7.533420963404e-03,1.110223024625e-16,5.551115123126e-17,8.326672684689e-17,0.000000000000e+00,5.551115123126e-17,1.323043513621e+00,7.531293463143e-01,1.345046347648e+00,7.130919220056e-01
logreg,iid,fullbatch,fedavg,0,5.000000000000e-01,6,16,8.903996115308e-03,2.252974763120e-01,2.947605838677e-01,6.974955662917e-02,1.619896962261e-02,5.496643504339e-01,1.276566697427e-01,2.353081823913e-01,13,13,1,1.075156552794e+00,2.629051646046e-02,3.168231251063e-02,6.637017279781e-02,1.870195671212e-02,3.917807761740e-02,8.642371228079e-03,1.810460242124e-02,2.916555712801e-03,6.109790962010e-03,1.110223024625e-16,5.551115123126e-17,1.110223024625e-16,0.000000000000e+00,1.110223024625e-16,1.213299266927e+00,7.872044506259e-01,1.236014909980e+00,7.298050139276e-01
logreg,iid,fullbatch,fedavg,0,5.000000000000e-01,7,16,8.588834577828e-03,2.172711836545e-01,2.857003903486e-01,6.040782576408e-02,1.474336514567e-02,5.825559153535e-01,1.421808262289e-01,2.241444654726e-01,13,13,1,1.009790543007e+00,4.785125687484e-03,3.088519069592e-02,5.833574000549e-02,1.835926537703e-02,3.467685669390e-02,8.440509677384e-03,1.594237778557e-02,2.702044439356e-03,5.103603323983e-03,1.110223024625e-16,5.551115123126e-17,1.110223024625e-16,0.000000000000e+00,1.110223024625e-16,1.121303595759e+00,8.080667593880e-01,1.144487349428e+00,7.827298050139e-01
logreg,iid,fullbatch,fedavg,0,5.000000000000e-01,8,16,8.314336756122e-03,2.102734074829e-01,2.779183885698e-01,5.348260283106e-02,1.349211545560e-02,6.162367038349e-01,1.554587158442e-01,2.146150244753e-01,12,12,1,9.409541658171e-01,1.546525024453e-02,2.645439925560e-02,4.592478272812e-02,1.464364201302e-02,2.542133243316e-02,8.051444625836e-03,1.397729131992e-02,2.746595872617e-03,4.768084788967e-03,2.220446049250e-16,5.551115123126e-17,1.110223024625e-16,0.000000000000e+00,1.110223024625e-16,1.043513688782e+00,8.303198887344e-01,1.066974457641e+00,8.133704735376e-01
logreg,iid,fullbatch,fedavg,0,5.000000000000e-01,9,16,8.074609286253e-03,2.041552185073e-01,2.712349918233e-01,4.816065783902e-02,1.241360054535e-02,6.504647267127e-01,1.676598628126e-01,2.065108207217e-01,12,12,1,8.796798675646e-01,3.429835061418e-02,2.470898723590e-02,3.998192837196e-02,1.432489097777e-02,2.317928936307e-02,7.290219984912e-03,1.179639822830e-02,2.869516362914e-03,4.643201139280e-03,1.110223024625e-16,5.551115123126e-17,1.110223024625e-16,0.000000000000e+00,1.110223024625e-16,9.771468461160e-01,8.421418636996e-01,1.000737298327e+00,8.272980501393e-01
logreg,iid,fullbatch,fedavg,0,5.000000000000e-01,10,16,7.864321501160e-03,1.987819032335e-01,2.654714250334e-01,4.395254217147e-02,1.147968791327e-02,6.850640505713e-01,1.789275685233e-01,1.996314033579e-01,12,12,1,8.282083905858e-01,5.194439136729e-02,2.319937408103e-02,3.536240864368e-02,1.403069186748e-02,2.138674335084e-02,6.594119884810e-03,1.005130402215e-02,2.983984865539e-03,4.548437032532e-03,2.220446049250e-16,5.551115123126e-17,1.110223024625e-16,0.000000000000e+00,1.665334536938e-16,9.200281873790e-01,8.532684283727e-01,9.436364489900e-01,8.384401114206e-01
logreg,iid,fullbatch,fedavg,0,5.000000000000e-01,11,16,7.678872210637e-03,1.940372287151e-01,2.604672700844e-01,4.054696304773e-02,1.066654516743e-02,7.199024698345e-01,1.893821789217e-01,1.937949864314e-01,12,12,1,7.845470278235e-01,6.853033512594e-02,2.188953899426e-02,3.168960483441e-02,1.376065038943e-02,1.992136852311e-02,5.960192937686e-03,8.628603781087e-03,3.089242048073e-03,4.472312540111e-03,1.665334536938e-16,5.551115123126e-17,1.110223024625e-16,0.000000000000e+00,1.110223024625e-16,8.704564757865e-01,8.588317107093e-01,8.939989722082e-01,8.523676880223e-01
logreg,iid,fullbatch,fedavg,0,5.000000000000e-01,12,16,7.514390410836e-03,1.898234541736e-01,2.560863154136e-01,3.773710928666e-02,9.954428794402e-03,7.548791162243e-01,1.991246958996e-01,1.888417958677e-01,12,12,1,7.471682126022e-01,7.655469176938e-02,2.074885670952e-02,2.871460242765e-02,1.624454671419e-02,2.248103146335e-02,5.696557249137e-03,7.883536857251e-03,3.185241157771e-03,4.408095094686e-03,1.665334536938e-16,5.551115123126e-17,1.110223024625e-16,0.000000000000e+00,2.220446049250e-16,8.270952595549e-01,8.699582753825e-01,8.505106671343e-01,8.607242339833e-01
logreg,iid,fullbatch,fedavg,0,5.000000000000e-01,13,16,7.367662118071e-03,1.860594669093e-01,2.522163576338e-01,3.538061280301e-02,9.327137311750e-03,7.899167635057e-01,2.082400934967e-01,1.846341028253e-01,12,12,1,7.148917031305e-01,7.072827843205e-02,1.975161222697e-02,2.619224106179e-02,1.580422992370e-02,2.095769171654e-02,5.581951551223e-03,7.402120846887e-03,3.272346734948e-03,4.339397388660e-03,1.110223024625e-16,5.551115123126e-17,1.110223024625e-16,0.000000000000e+00,1.110223024625e-16,7.888880290149e-01,8.741307371349e-01,8.121322871216e-01,8.718662952646e-01
logreg,iid,fullbatch,fedavg,0,5.000000000000e-01,14,16,7.236033255240e-03,1.826783145674e-01,2.487664440733e-01,3.337651341651e-02,8.771413383509e-03,8.249563598090e-01,2.168001541965e-01,1.810546517750e-01,12,12,1,6.867976318735e-01,6.461384025152e-02,1.937491710635e-02,2.471215005363e-02,1.539836788457e-02,1.964017578272e-02,5.469952131483e-03,6.976766771048e-03,3.351136144308e-03,4.274277861099e-03,2.220446049250e-16,5.551115123126e-17,2.220446049250e-16,0.000000000000e+00,1.110223024625e-16,7.549933861064e-01,8.762169680111e-01,7.780356693817e-01,8.802228412256e-01
logreg,iid,fullbatch,fedavg,0,5.000000000000e-01,15,16,7.117313206597e-03,1.796247571557e-01,2.456633970656e-01,3.165137896095e-02,8.276399576381e-03,8.599528262154e-01,2.248658175487e-01,1.780044053570e-01,12,12,1,6.621625722403e-01,5.847691231384e-02,1.915895917638e-02,2.359190313182e-02,1.502362435642e-02,1.849974663250e-02,5.360640663062e-03,6.600970025727e-03,3.422275732225e-03,4.214111884770e-03,2.220446049250e-16,1.110223024625e-16,2.220446049250e-16,0.000000000000e+00,2.220446049250e-16,7.247359314047e-01,8.810848400556e-01,7.475554519341e-01,8.830083565460e-01
logreg,iid,fullbatch,fedavg,0,5.000000000000e-01,16,16,7.009689325571e-03,1.768530985478e-01,2.428484653678e-01,3.015061549639e-02,7.833177508361e-03,8.948717577368e-01,2.324890955015e-01,1.754001138875e-01,12,12,1,6.404124239026e-01,5.236337778805e-02,1.894945993487e-02,2.259835641393e-02,1.467679573788e-02,1.750295059801e-02,5.377689141892e-03,6.413213692078e-03,3.486447365268e-03,4.157795549294e-03,2.220446049250e-16,5.551115123126e-17,2.220446049250e-16,0.000000000000e+00,1.110223024625e-16,6.975691357453e-01,8.873435326843e-01,7.201526380013e-01,8.913649025070e-01
logreg,iid,fullbatch,fedavg,0,5.000000000000e-01,17,16,6.911655288134e-03,1.743253702852e-01,2.402744217798e-01,2.883284786056e-02,7.434390714816e-03,9.296868503777e-01,2.397146241523e-01,1.731719783472e-01,12,12,1,6.210875223170e-01,4.594196223661e-02,1.874711801671e-02,2.171061076973e-02,1.435490545656e-02,1.662408935206e-02,5.471670728521e-03,6.336617358525e-03,3.544307444997e-03,4.104581798545e-03,2.220446049250e-16,1.110223024625e-16,2.220446049250e-16,0.000000000000e+00,2.220446049250e-16,6.730472188576e-01,8.894297635605e-01,6.953870383136e-01,8.913649025070e-01
logreg,iid,fullbatch,fedavg,0,5.000000000000e-01,18,16,6.821952793069e-03,1.720098547659e-01,2.379031752409e-01,2.766618287802e-02,7.073941260048e-03,9.643779248774e-01,2.465809187754e-01,1.712615346192e-01,12,12,1,6.038166389495e-01,3.906592813122e-02,1.855236304861e-02,2.091228404246e-02,1.405524622080e-02,1.584311930970e-02,5.406263664382e-03,6.093958007493e-03,3.596466120606e-03,4.053948322710e-03,2.220446049250e-16,1.110223024625e-16,1.110223024625e-16,0.000000000000e+00,2.220446049250e-16,6.508037573561e-01,8.901251738526e-01,6.728963291982e-01,8.913649025070e-01
logreg,iid,fullbatch,fedavg,0,5.000000000000e-01,19,16,6.739524825484e-03,1.698799023987e-01,2.357038598593e-01,2.662566298684e-02,6.746747685351e-03,9.989294308600e-01,2.531213900219e-01,1.696198054459e-01,12,12,1,5.882974698846e-01,3.238284808405e-02,1.836540762568e-02,2.019030866913e-02,1.377539034515e-02,1.514419874446e-02,5.337357099342e-03,5.867710072627e-03,3.643478644530e-03,4.005517327021e-03,2.220446049250e-16,1.110223024625e-16,2.220446049250e-16,0.000000000000e+00,2.220446049250e-16,6.305353166239e-01,8.915159944367e-01,6.523800389226e-01,8.941504178273e-01
logreg,iid,fullbatch,fedavg,0,5.000000000000e-01,20,16,6.663478425382e-03,1.679129903352e-01,2.336513278828e-01,2.569149299530e-02,6.448552511998e-03,1.033329326695e+00,2.593651691087e-01,1.682057221699e-01,12,12,1,5.742818830729e-01,2.590788420032e-02,1.818629398709e-02,1.953410200914e-02,1.351318151167e-02,1.451465957299e-02,5.274306007172e-03,5.665191140352e-03,3.685843747316e-03,3.959006040533e-03,2.220446049250e-16,1.110223024625e-16,1.110223024625e-16,0.000000000000e+00,3.330669073875e-16,6.119888425524e-01,8.942976356050e-01,6.335872156973e-01,8.941504178273e-01
logreg,iid,fullbatch,fedavg,0,5.000000000000e-01,21,16,6.593055057414e-03,1.660899743075e-01,2.317249696088e-01,2.484778098294e-02,6.175769169415e-03,1.067568245598e+00,2.653377805422e-01,1.669847961727e-01,12,12,1,5.612308977853e-01,2.023400750711e-02,1.801493425996e-02,1.883813525275e-02,1.332993650087e-02,1.393905429187e-02,5.216742008119e-03,5.455123516388e-03,3.724005852728e-03,3.894176072109e-03,3.330669073875e-16,1.110223024625e-16,1.665334536938e-16,0.000000000000e+00,2.220446049250e-16,5.949518797177e-01,8.949930458971e-01,6.163068594746e-01,8.969359331476e-01
logreg,iid,fullbatch,fedavg,0,5.000000000000e-01,22,16,6.527606975487e-03,1.643944926568e-01,2.299077915267e-01,2.408162843624e-02,5.925360043935e-03,1.101638875458e+00,2.710616930566e-01,1.659280107098e-01,12,12,1,5.487379994432e-01,1.583772504920e-02,1.785114412748e-02,1.819986815756e-02,1.325682938741e-02,1.351580298244e-02,5.164288842160e-03,5.265173782905e-03,3.758359206665e-03,3.831779160012e-03,2.220446049250e-16,1.110223024625e-16,1.110223024625e-16,0.000000000000e+00,2.220446049250e-16,5.792449264660e-01,8.956884561892e-01,6.003604411917e-01,8.969359331476e-01
logreg,iid,fullbatch,fedavg,0,5.000000000000e-01,23,16,6.466578288024e-03,1.628124895815e-01,2.281856957844e-01,2.338246218671e-02,5.694739011159e-03,1.135535496070e+00,2.765567730374e-01,1.645208635801e-01,12,12,1,5.371428999983e-01,1.191004801984e-02,1.769467033406e-02,1.761510893297e-02,1.318638850711e-02,1.312709791140e-02,5.116573539619e-03,5.093567642820e-03,3.789252783258e-03,3.772214982902e-03,3.330669073875e-16,1.110223024625e-16,2.220446049250e-16,0.000000000000e+00,2.220446049250e-16,5.647154160543e-01,8.970792767733e-01,5.855960094111e-01,9.025069637883e-01
logreg,iid,fullbatch,fedavg,0,5.000000000000e-01,24,16,6.409489706241e-03,1.613318316811e-01,2.265469156213e-01,2.274153670925e-02,5.481693222097e-03,1.169253631415e+00,2.818406595907e-01,1.627737863137e-01,12,12,1,5.259687817709e-01,9.128239447363e-03,1.754521271241e-02,1.707749944402e-02,1.311806631765e-02,1.276837014850e-02,5.073233973473e-03,4.937993729771e-03,3.816995320829e-03,3.715243385063e-03,2.220446049250e-16,1.110223024625e-16,1.110223024625e-16,0.000000000000e+00,2.220446049250e-16,5.512329436300e-01,8.977746870654e-01,5.718835128090e-01,9.052924791086e-01
logreg,iid,fullbatch,fedavg,0,5.000000000000e-01,25,16,6.355926185035e-03,1.599419976658e-01,2.249815713710e-01,2.215155837474e-02,5.284320052919e-03,1.202789785892e+00,2.869290763887e-01,1.611822923499e-01,12,12,1,5.156563958115e-01,6.494922983511e-03,1.740244151300e-02,1.658162841950e-02,1.305141881239e-02,1.243582844010e-02,5.033923739758e-03,4.796490933899e-03,3.841860138395e-03,3.660652857646e-03,2.220446049250e-16,1.110223024625e-16,2.220446049250e-16,0.000000000000e+00,2.220446049250e-16,5.386854544749e-01,8.998609179416e-01,5.591110607912e-01,9.080779944290e-01
logreg,iid,fullbatch,fedavg,0,5.000000000000e-01,26,16,6.305526845620e-03,1.586338256870e-01,2.234813197200e-01,2.160639829256e-02,5.100976030353e-03,1.236141242009e+00,2.918360922649e-01,1.597275271406e-01,12,12,1,5.061086899165e-01,4.005379284503e-03,1.726601080832e-02,1.612286164115e-02,1.298608795806e-02,1.212630420147e-02,4.998315092495e-03,4.667386321587e-03,3.864089561704e-03,3.608255668548e-03,2.220446049250e-16,1.110223024625e-16,2.220446049250e-16,0.000000000000e+00,1.110223024625e-16,5.269761791904e-01,9.019471488178e-01,5.471819132704e-01,9.108635097493e-01
logreg,iid,fullbatch,fedavg,0,5.000000000000e-01,27,16,6.257976708009e-03,1.573993062889e-01,2.220390752651e-01,2.110087038092e-02,4.930235249701e-03,1.269305903484e+00,2.965743400646e-01,1.583932213771e-01,12,12,1,4.972422103890e-01,1.653910558158e-03,1.713556868182e-02,1.569720799006e-02,1.292178683417e-02,1.183713125053e-02,4.966100482866e-03,4.549245702117e-03,3.883898891810e-03,3.557884179343e-03,3.330669073875e-16,1.110223024625e-16,2.220446049250e-16,0.000000000000e+00,2.220446049250e-16,5.160211533387e-01,9.026425591099e-01,5.360120412862e-01,9.108635097493e-01
logreg,iid,fullbatch,fedavg,0,5.000000000000e-01,28,16,6.212999867868e-03,1.562314117022e-01,2.206487883155e-01,2.063055806621e-02,4.770855349251e-03,1.302282172282e+00,3.011552013245e-01,1.571653014623e-01,1,1,1,4.887082991353e-01,5.655612656244e-04,1.650890907956e-02,1.484979249816e-02,1.285828714250e-02,1.156605170140e-02,4.936993114052e-03,4.440833913084e-03,3.901479907893e-03,3.509387978864e-03,3.330669073875e-16,1.110223024625e-16,2.220446049250e-16,0.000000000000e+00,4.440892098501e-16,5.057471975273e-01,9.026425591099e-01,5.255281376701e-01,9.108635097493e-01
logreg,iid,fullbatch,fedavg,0,5.000000000000e-01,29,16,6.170353833443e-03,1.551239542722e-01,2.193052666333e-01,2.019167765758e-02,4.621749527579e-03,1.335068851443e+00,3.055889628432e-01,1.560315632073e-01,1,1,1,4.799968193963e-01,2.653795873749e-03,1.618424133479e-02,1.430686984651e-02,1.279540876106e-02,1.131114174527e-02,4.910726816646e-03,4.341082659617e-03,3.917003927329e-03,3.462631594359e-03,2.220446049250e-16,1.110223024625e-16,2.220446049250e-16,0.000000000000e+00,2.220446049250e-16,4.960902626364e-01,9.033379694019e-01,5.156659849325e-01,9.108635097493e-01
logreg,iid,fullbatch,fedavg,0,5.000000000000e-01,30,16,6.129824800170e-03,1.540714683914e-01,2.180040316627e-01,1.978096967878e-02,4.481963416735e-03,1.367665067788e+00,3.098849500156e-01,1.549813978617e-01,1,1,1,4.718665882149e-01,4.616729247047e-03,1.592271778240e-02,1.384405228656e-02,1.273301104132e-02,1.107075268370e-02,4.887055468671e-03,4.249064284136e-03,3.930624461040e-03,3.417492622874e-03,3.330669073875e-16,1.110223024625e-16,4.440892098501e-16,0.000000000000e+00,2.220446049250e-16,4.869940664681e-01,9.054242002782e-01,5.063691085542e-01,9.136490250696e-01
logreg,iid,fullbatch,fedavg,0,5.000000000000e-01,31,16,6.091223687916e-03,1.530691115178e-01,2.167412019596e-01,1.939561172508e-02,4.350655876676e-03,1.400070210234e+00,3.140516408688e-01,1.540055615615e-01,1,1,1,4.642605574072e-01,6.462921524539e-03,1.577035599095e-02,1.349581550141e-02,1.267098557931e-02,1.084346375551e-02,4.865752123185e-03,4.163970234265e-03,3.942479507764e-03,3.373860176992e-03,2.220446049250e-16,1.110223024625e-16,3.330669073875e-16,0.000000000000e+00,2.220446049250e-16,4.784089644075e-01,9.061196105702e-01,4.975876597301e-01,9.164345403900e-01
logreg,iid,fullbatch,fedavg,0,5.000000000000e-01,32,16,6.054382802201e-03,1.521125807818e-01,2.155133981868e-01,1.903314804650e-02,4.227082971841e-03,1.432283880523e+00,3.180967639935e-01,1.530959808707e-01,1,1,1,4.571284514832e-01,8.200706777802e-03,1.562146887007e-02,1.316697328582e-02,1.260925022529e-02,1.062804415203e-02,4.846607960938e-03,4.085093282796e-03,3.952693531202e-03,3.331633572058e-03,2.220446049250e-16,1.110223024625e-16,2.220446049250e-16,0.000000000000e+00,1.110223024625e-16,4.702910091031e-01,9.068150208623e-01,4.892774836890e-01,9.164345403900e-01
logreg,iid,fullbatch,fedavg,0,5.000000000000e-01,33,16,6.019153008809e-03,1.511980424025e-01,2.143176652902e-01,1.869143224146e-02,4.110584542650e-03,1.464305853914e+00,3.220273829771e-01,1.522455883936e-01,1,1,1,4.504258321970e-01,9.838111471057e-03,1.547568617477e-02,1.285566631148e-02,1.254774412937e-02,1.042342224230e-02,4.829431151577e-03,4.011812766022e-03,3.961379161545e-03,3.290721203501e-03,2.220446049250e-16,1.110223024625e-16,2.220446049250e-16,0.000000000000e+00,2.220446049250e-16,4.626011636865e-01,9.082058414465e-01,4.813993389640e-01,9.164345403900e-01
logreg,iid,fullbatch,fedavg,0,5.000000000000e-01,34,16,5.985401333060e-03,1.503220716858e-01,2.131514084346e-01,1.836858030934e-02,4.000572903214e-03,1.496136047977e+00,3.258499694729e-01,1.514481834917e-01,1,1,1,4.441133119612e-01,1.138279677947e-02,1.533269547003e-02,1.256027672905e-02,1.248642365090e-02,1.022866049338e-02,4.814045681956e-03,3.943582266395e-03,3.968638659103e-03,3.251039577050e-03,3.330669073875e-16,1.110223024625e-16,2.220446049250e-16,0.000000000000e+00,2.220446049250e-16,4.553046403829e-01,9.089012517385e-01,4.739182401146e-01,9.192200557103e-01
logreg,iid,fullbatch,fedavg,0,5.000000000000e-01,35,16,5.953008912089e-03,1.494816018101e-01,2.120123400129e-01,1.806293195005e-02,3.896523289287e-03,1.527774497962e+00,3.295704666636e-01,1.506983140061e-01,1,1,1,4.377551154213e-01,1.374495677932e-02,1.519223334437e-02,1.227939078812e-02,1.242525898624e-02,1.004293491795e-02,4.800290191660e-03,3.879919286630e-03,3.974565173562e-03,3.212512464280e-03,4.440892098501e-16,1.110223024625e-16,2.220446049250e-16,0.000000000000e+00,2.220446049250e-16,4.483703420523e-01,9.102920723227e-01,4.668029019396e-01,9.192200557103e-01
logreg,iid,fullbatch,fedavg,0,5.000000000000e-01,36,16,5.921869241935e-03,1.486738799469e-01,2.108984356095e-01,1.777301847536e-02,3.797965753439e-03,1.559221337521e+00,3.331943445704e-01,1.499911755909e-01,1,1,1,4.314704143209e-01,1.662019412523e-02,1.505407794184e-02,1.201176800450e-02,1.236423139286e-02,9.865518141915e-03,4.788016842506e-03,3.820396555407e-03,3.979243828168e-03,3.175070162514e-03,4.440892098501e-16,1.110223024625e-16,4.440892098501e-16,0.000000000000e+00,2.220446049250e-16,4.417703886410e-01,9.109874826147e-01,4.600252675357e-01,9.164345403900e-01
logreg,iid,fullbatch,fedavg,0,5.000000000000e-01,37,16,5.891886671905e-03,1.478964295285e-01,2.098078972398e-01,1.749753605669e-02,3.704478262116e-03,1.590476783778e+00,3.367266484159e-01,1.493225258448e-01,1,1,1,4.255024721187e-01,1.940833596814e-02,1.491804261301e-02,1.175631560609e-02,1.230333090777e-02,9.695765383573e-03,4.813406120977e-03,3.793253777755e-03,3.982752654224e-03,3.138648842793e-03,2.220446049250e-16,1.110223024625e-16,2.220446049250e-16,0.000000000000e+00,2.220446049250e-16,4.354797140055e-01,9.116828929068e-01,4.535601059539e-01,9.164345403900e-01
logreg,iid,fullbatch,fedavg,0,5.000000000000e-01,38,16,5.862975107183e-03,1.471470176942e-01,2.087391225269e-01,1.723532330631e-02,3.615680794952e-03,1.621541125912e+00,3.401720410454e-01,1.486886109023e-01,1,1,1,4.198258528922e-01,2.211368113146e-02,1.478397051579e-02,1.151206725722e-02,1.224255447540e-02,9.533102786591e-03,4.810425849418e-03,3.745810089057e-03,3.985163397688e-03,3.103189972964e-03,3.330669073875e-16,1.110223024625e-16,2.220446049250e-16,0.000000000000e+00,4.440892098501e-16,4.294757213242e-01,9.130737134910e-01,4.473846678840e-01,9.164345403900e-01
logreg,iid,fullbatch,fedavg,0,5.000000000000e-01,39,16,5.835056887500e-03,1.464236271125e-01,2.076906787485e-01,1.698534239862e-02,3.531230283233e-03,1.652414716538e+00,3.435348402500e-01,1.480861025399e-01,1,1,1,4.144176675089e-01,2.474039384901e-02,1.465173002301e-02,1.127816526823e-02,1.218190441424e-02,9.377017666158e-03,4.948596651352e-03,3.809180949423e-03,3.986542216565e-03,3.068639805440e-03,2.220446049250e-16,1.110223024625e-16,2.220446049250e-16,0.000000000000e+00,2.220446049250e-16,4.237379874935e-01,9.137691237830e-01,4.414783899293e-01,9.164345403900e-01
logreg,iid,fullbatch,fedavg,0,5.000000000000e-01,40,16,5.808061815162e-03,1.457244315183e-01,2.066612808902e-01,1.674666309913e-02,3.450816253634e-03,1.683097965313e+00,3.468190516988e-01,1.475120441724e-01,1,1,1,4.092572765908e-01,2.729247970861e-02,1.452121081543e-02,1.105384565796e-02,1.212138716357e-02,9.227050317603e-03,5.080319404227e-03,3.867244081864e-03,3.986950284983e-03,3.034948921018e-03,2.220446049250e-16,1.110223024625e-16,2.220446049250e-16,0.000000000000e+00,2.220446049250e-16,4.182480086482e-01,9.137691237830e-01,4.358226397348e-01,9.164345403900e-01
logreg,iid,fullbatch,fedavg,0,5.000000000000e-01,41,16,5.781926310236e-03,1.450477744142e-01,2.056497730146e-01,1.651844919433e-02,3.374157066877e-03,1.713591334261e+00,3.500283980786e-01,1.469638043839e-01,1,1,1,4.043260330656e-01,2.977376956766e-02,1.439232055749e-02,1.083842556212e-02,1.206101226167e-02,9.082787107176e-03,5.205955329519e-03,3.920449040397e-03,3.986444317527e-03,3.002071821598e-03,3.330669073875e-16,1.110223024625e-16,2.220446049250e-16,0.000000000000e+00,2.220446049250e-16,4.129889803421e-01,9.144645340751e-01,4.304004955961e-01,9.164345403900e-01
logreg,iid,fullbatch,fedavg,0,5.000000000000e-01,42,16,5.756592674329e-03,1.443921504759e-01,2.046551123810e-01,1.629994691375e-02,3.300996660006e-03,1.743895334423e+00,3.531663449451e-01,1.463760753101e-01,1,1,1,3.996070583194e-01,3.218790981408e-02,1.426498206889e-02,1.063129257894e-02,1.200079151526e-02,8.943854619755e-03,5.325839050367e-03,3.969199042758e-03,3.985077025351e-03,2.969966565785e-03,2.220446049250e-16,1.110223024625e-16,2.220446049250e-16,0.000000000000e+00,2.220446049250e-16,4.079456070525e-01,9.144645340751e-01,4.251965552818e-01,9.164345403900e-01
logreg,iid,fullbatch,fedavg,0,5.000000000000e-01,43,16,5.732008447385e-03,1.437561892761e-01,2.036763558575e-01,1.609047501293e-02,3.231101716419e-03,1.774010523487e+00,3.562361237179e-01,1.454881539896e-01,1,1,1,3.950850469819e-01,3.453835762256e-02,1.413913091798e-02,1.043189572131e-02,1.194073832667e-02,8.809914681595e-03,5.440281062699e-03,4.013856655682e-03,3.982897513855e-03,2.938594442206e-03,2.220446049250e-16,1.110223024625e-16,2.220446049250e-16,0.000000000000e+00,2.220446049250e-16,4.031039365812e-01,9.151599443672e-01,4.201967696915e-01,9.164345403900e-01
logreg,iid,fullbatch,fedavg,0,5.000000000000e-01,44,16,5.708125844386e-03,1.431386410030e-01,2.027126482517e-01,1.588941624716e-02,3.164259200397e-03,1.803937504130e+00,3.592407521833e-01,1.446466583025e-01,1,1,1,3.907460962048e-01,3.682838009399e-02,1.401471337463e-02,1.023973770637e-02,1.188086715125e-02,8.680660110636e-03,5.549569936103e-03,4.054748678040e-03,3.979951630278e-03,2.907919676181e-03,2.220446049250e-16,1.110223024625e-16,2.220446049250e-16,0.000000000000e+00,2.220446049250e-16,3.984512156683e-01,9.151599443672e-01,4.153882977032e-01,9.192200557103e-01
logreg,iid,fullbatch,fedavg,0,5.000000000000e-01,45,16,5.684901260902e-03,1.425383638989e-01,2.017632122527e-01,1.569621001488e-02,3.100274203203e-03,1.833676922844e+00,3.621830528206e-01,1.438483535615e-01,1,1,1,3.865775559683e-01,3.906105636644e-02,1.389168466921e-02,1.005436836271e-02,1.182119306196e-02,8.555811074164e-03,5.653974277421e-03,4.092170348819e-03,3.976282268274e-03,2.877909165902e-03,4.440892098501e-16,1.110223024625e-16,2.220446049250e-16,0.000000000000e+00,2.220446049250e-16,3.939757637386e-01,9.151599443672e-01,4.107593791540e-01,9.247910863510e-01
logreg,iid,fullbatch,fedavg,0,5.000000000000e-01,46,16,5.662294838089e-03,1.419543131875e-01,2.008273397293e-01,1.551034598849e-02,3.038968056306e-03,1.863229469076e+00,3.650656692180e-01,1.430902597930e-01,1,1,1,3.825678974967e-01,4.123928195609e-02,1.377000751275e-02,9.875378974881e-03,1.176173140229e-02,8.435111955513e-03,5.753744485650e-03,4.126388984740e-03,3.971929635491e-03,2.848532244860e-03,4.440892098501e-16,1.110223024625e-16,4.440892098501e-16,0.000000000000e+00,2.220446049250e-16,3.896668621983e-01,9.165507649513e-01,4.062992233924e-01,9.247910863510e-01
logreg,iid,fullbatch,fedavg,0,5.000000000000e-01,47,16,5.640270079176e-03,1.413855312906e-01,1.999043841775e-01,1.533135858231e-02,2.980176674283e-03,1.892595874549e+00,3.678910808128e-01,1.423696292722e-01,1,1,1,3.787065973243e-01,4.336577472801e-02,1.364965083959e-02,9.702397416711e-03,1.170249751185e-02,8.318328649013e-03,5.849114323056e-03,4.157647134346e-03,3.966931489308e-03,2.819760467607e-03,4.440892098501e-16,1.110223024625e-16,2.220446049250e-16,0.000000000000e+00,2.220446049250e-16,3.855146571076e-01,9.172461752434e-01,4.019979112378e-01,9.275766016713e-01
logreg,iid,fullbatch,fedavg,0,5.000000000000e-01,48,16,5.618793510626e-03,1.408311391686e-01,1.989937541416e-01,1.515882213257e-02,2.923749095767e-03,1.921776912650e+00,3.706616161525e-01,1.416839263005e-01,1,1,1,3.749840349206e-01,4.544308201469e-02,1.353058874010e-02,9.535083950667e-03,1.164350651154e-02,8.205246216571e-03,5.940302324180e-03,4.186165320769e-03,3.961323345068e-03,2.791567416355e-03,3.330669073875e-16,1.110223024625e-16,2.220446049250e-16,0.000000000000e+00,2.220446049250e-16,3.815100733945e-01,9.179415855355e-01,3.978463085211e-01,9.275766016713e-01
logreg,iid,fullbatch,fedavg,0,5.000000000000e-01,49,16,5.597834382192e-03,1.402903286380e-01,1.980949074663e-01,1.499234668521e-02,2.869546195607e-03,1.950773397815e+00,3.733794648515e-01,1.410308089724e-01,1,1,1,3.713914020999e-01,4.747358849825e-02,1.341279955547e-02,9.373127591380e-03,1.158477313763e-02,8.095666850690e-03,6.027513061627e-03,4.212144433509e-03,3.955138660574e-03,2.763928526170e-03,4.440892098501e-16,1.110223024625e-16,2.220446049250e-16,0.000000000000e+00,2.220446049250e-16,3.776447390525e-01,9.186369958275e-01,3.938359896532e-01,9.275766016713e-01
logreg,iid,fullbatch,fedavg,0,5.000000000000e-01,50,16,5.577364400862e-03,1.397623555446e-01,1.972073462566e-01,1.483157430453e-02,2.817439545453e-03,1.979586184862e+00,3.760466883923e-01,1.404081127056e-01,1,1,1,3.679206226980e-01,4.945952455265e-02,1.329626511091e-02,9.216242948558e-03,1.152631161577e-02,7.989408098114e-03,6.110938285140e-03,4.235767819739e-03,3.948409000000e-03,2.736820926835e-03,2.220446049250e-16,1.110223024625e-16,2.220446049250e-16,0.000000000000e+00,2.220446049250e-16,3.739109180013e-01,9.186369958275e-01,3.899591699039e-01,9.275766016713e-01
logreg,iid,fullbatch,fedavg,1,5.000000000000e-01,1,16,1.103077941962e-02,2.786995703076e-01,3.589153802952e-01,3.886963691770e-01,2.680264427090e-02,4.115556401124e-01,2.837891036382e-02,2.908962993513e-01,6,6,1,1.573404475150e+00,7.745359593094e-02,3.361122144271e-02,3.116620291187e-01,1.795548144397e-02,1.664932585140e-01,7.949542212400e-03,7.371259805908e-02,4.329120113380e-03,4.014202105491e-02,2.775557561563e-17,1.387778780781e-17,2.775557561563e-17,0.000000000000e+00,1.387778780781e-17,2.046990072805e+00,4.235048678720e-01,2.046663954316e+00,4.094707520891e-01
logreg,iid,fullbatch,fedavg,1,5.000000000000e-01,2,16,1.056874690060e-02,2.670627069228e-01,3.414788052153e-01,2.068598843394e-01,2.389278935549e-02,4.423404376672e-01,5.109133138285e-02,2.796897093922e-01,6,6,1,1.442903278751e+00,8.372372355041e-02,3.137701608991e-02,1.796400526188e-01,1.746372757535e-02,9.998353353829e-02,7.765542073077e-03,4.445937059866e-02,4.009387888420e-03,2.295459355285e-02,5.551115123126e-17,1.387778780781e-17,2.775557561563e-17,0.000000000000e+00,5.551115123126e-17,1.819674899195e+00,6.502086230876e-01,1.817210209762e+00,6.629526462396e-01
logreg,iid,fullbatch,fedavg,1,5.000000000000e-01,3,16,1.008122930297e-02,2.547888136271e-01,3.238284515948e-01,1.393416463430e-01,2.173618300701e-02,4.637994306416e-01,7.234900381583e-02,2.688189831929e-01,6,6,1,1.311114653769e+00,9.243728121278e-02,2.902036900690e-02,1.219248048039e-01,1.653304335616e-02,6.946114584330e-02,7.192955942943e-03,3.022014465420e-02,3.708873266695e-03,1.558228460075e-02,8.326672684689e-17,2.775557561563e-17,5.551115123126e-17,0.000000000000e+00,5.551115123126e-17,1.628087048035e+00,7.656467315716e-01,1.624600011576e+00,7.715877437326e-01
logreg,iid,fullbatch,fedavg,1,5.000000000000e-01,4,16,9.624680874588e-03,2.432807779875e-01,3.073241379753e-01,1.048292413657e-01,1.974404721504e-02,4.874725414582e-01,9.181294025597e-02,2.582521467336e-01,6,6,1,1.191874929722e+00,1.021506809483e-01,2.674076089002e-02,9.131694753945e-02,1.560626399985e-02,5.329378609765e-02,6.652207148446e-03,2.271660308002e-02,3.458769342111e-03,1.181134148963e-02,8.326672684689e-17,2.775557561563e-17,5.551115123126e-17,0.000000000000e+00,5.551115123126e-17,1.468426068893e+00,8.184979137691e-01,1.465025687091e+00,7.966573816156e-01
logreg,iid,fullbatch,fedavg,1,5.000000000000e-01,5,16,9.213032785456e-03,2.328936595789e-01,2.923294846134e-01,8.410076805718e-02,1.794141343811e-02,5.135065203885e-01,1.095475463338e-01,2.482156852248e-01,6,6,1,1.088469749418e+00,1.121080833709e-01,2.463964099117e-02,7.178025608084e-02,1.503684690773e-02,4.380537533286e-02,6.435327383689e-03,1.874740982349e-02,3.269186906020e-03,9.523802452085e-03,8.326672684689e-17,2.775557561563e-17,5.551115123126e-17,0.000000000000e+00,5.551115123126e-17,1.335530516067e+00,8.421418636996e-01,1.332967165227e+00,8.189415041783e-01
logreg,iid,fullbatch,fedavg,1,5.000000000000e-01,6,16,8.849502104656e-03,2.237131206465e-01,2.789030430664e-01,7.039781022569e-02,1.633655308060e-02,5.416994675068e-01,1.257070649823e-01,2.388916024703e-01,6,6,1,1.000711380252e+00,1.218443464574e-01,2.275217629851e-02,5.783608610454e-02,1.499083895405e-02,3.810674816997e-02,6.257291729315e-03,1.590605041425e-02,3.164890555869e-03,8.045159298132e-03,1.110223024625e-16,5.551115123126e-17,5.551115123126e-17,0.000000000000e+00,5.551115123126e-17,1.224592839789e+00,8.567454798331e-01,1.223306466705e+00,8.384401114206e-01
logreg,iid,fullbatch,fedavg,1,5.000000000000e-01,7,16,8.532004957232e-03,2.156900595575e-01,2.669645689983e-01,6.074152221726e-02,1.492247676834e-02,5.717552849761e-01,1.404641280920e-01,2.303822011619e-01,6,6,1,9.270228565968e-01,1.288965819133e-01,2.107561587232e-02,4.795308189422e-02,1.495661616362e-02,3.403059934758e-02,6.112775684324e-03,1.390832110279e-02,3.063461163021e-03,6.970254388771e-03,1.110223024625e-16,5.551115123126e-17,1.110223024625e-16,0.000000000000e+00,1.110223024625e-16,1.131479343722e+00,8.671766342142e-01,1.131683346451e+00,8.467966573816e-01
logreg,iid,fullbatch,fedavg,1,5.000000000000e-01,8,16,8.255897546788e-03,2.087097007050e-01,2.563760626758e-01,5.361476056338e-02,1.368358384814e-02,6.033432204906e-01,1.539855342080e-01,2.221264498659e-01,6,6,1,8.653437384297e-01,1.260809340679e-01,1.984387653212e-02,4.114981942948e-02,1.493375536568e-02,3.096780690542e-02,5.996996154962e-03,1.243584178205e-02,2.938510355208e-03,6.093525643176e-03,1.665334536938e-16,5.551115123126e-17,1.110223024625e-16,0.000000000000e+00,1.110223024625e-16,1.052774428315e+00,8.776077885953e-01,1.054531627935e+00,8.551532033426e-01
logreg,iid,fullbatch,fedavg,1,5.000000000000e-01,9,16,8.015703297999e-03,2.026353530115e-01,2.469833007670e-01,4.816460985547e-02,1.260056604542e-02,6.361383503809e-01,1.664230920182e-01,2.135064094347e-01,6,6,1,8.136220913076e-01,1.238395297667e-01,1.928467379062e-02,3.693813946343e-02,1.491997628775e-02,2.857793556125e-02,5.905821858660e-03,1.131209549251e-02,2.827285338246e-03,5.415422695813e-03,1.665334536938e-16,5.551115123126e-17,1.110223024625e-16,0.000000000000e+00,1.110223024625e-16,9.857212025815e-01,8.866481223922e-01,9.890026248666e-01,8.579387186630e-01
logreg,iid,fullbatch,fedavg,1,5.000000000000e-01,10,16,7.806065864215e-03,1.973326962619e-01,2.386361865201e-01,4.387628603749e-02,1.165353230220e-02,6.698454736114e-01,1.779108162789e-01,2.063193541468e-01,6,6,1,7.700364818532e-01,1.221702537682e-01,1.919281543670e-02,3.430711175554e-02,1.491242139064e-02,2.665591762092e-02,5.835722596205e-03,1.043134020345e-02,2.729068837156e-03,4.878204028672e-03,2.220446049250e-16,5.551115123126e-17,1.110223024625e-16,0.000000000000e+00,1.110223024625e-16,9.281232376516e-01,8.936022253129e-01,9.328492043877e-01,8.635097493036e-01
logreg,iid,fullbatch,fedavg,1,5.000000000000e-01,11,16,7.622181828996e-03,1.926809220659e-01,2.315182516662e-01,4.042202494495e-02,1.082374261278e-02,7.042094496962e-01,1.885650666778e-01,2.003527996235e-01,6,6,1,7.330620143536e-01,1.210386152230e-01,1.911680876718e-02,3.214849959735e-02,1.490837713539e-02,2.507123245158e-02,5.623617579613e-03,9.457167757215e-03,2.658947008985e-03,4.471518122546e-03,1.110223024625e-16,5.551115123126e-17,1.110223024625e-16,0.000000000000e+00,2.220446049250e-16,8.782407572839e-01,8.991655076495e-01,8.843075297559e-01,8.635097493036e-01
logreg,iid,fullbatch,fedavg,1,5.000000000000e-01,12,16,7.459934744012e-03,1.885762880433e-01,2.284714896298e-01,3.758418708198e-02,1.009440415589e-02,7.390168482268e-01,1.984859943290e-01,1.954169767413e-01,6,6,1,7.014604223543e-01,1.203866794472e-01,1.905460740861e-02,3.034454579947e-02,1.490558498645e-02,2.373720941029e-02,5.408874989008e-03,8.613657122811e-03,2.595725887180e-03,4.133704850345e-03,2.220446049250e-16,5.551115123126e-17,1.110223024625e-16,0.000000000000e+00,2.220446049250e-16,8.346968444893e-01,9.026425591099e-01,8.419928662547e-01,8.690807799443e-01
logreg,iid,fullbatch,fedavg,1,5.000000000000e-01,13,16,7.315880800775e-03,1.849318743104e-01,2.256574546324e-01,3.521322572032e-02,9.450906693378e-03,7.740930090762e-01,2.077594611434e-01,1.913450565714e-01,6,6,1,6.742408178445e-01,1.201433694236e-01,1.900383042240e-02,2.881285184472e-02,1.490231655447e-02,2.259429964818e-02,5.212000119205e-03,7.902227283207e-03,2.538897196454e-03,3.849374949388e-03,1.665334536938e-16,5.551115123126e-17,1.665334536938e-16,0.000000000000e+00,1.110223024625e-16,7.963990363030e-01,9.047287899861e-01,8.048142476825e-01,8.690807799443e-01
logreg,iid,fullbatch,fedavg,1,5.000000000000e-01,14,16,7.187173152465e-03,1.816757483439e-01,2.230368164931e-01,3.320339044870e-02,8.880758690176e-03,8.092972011970e-01,2.164590138338e-01,1.879924260024e-01,6,6,1,6.501095594278e-01,1.209163788862e-01,1.896213379451e-02,2.749416523326e-02,1.489733490662e-02,2.160040594042e-02,5.143353439194e-03,7.457610564441e-03,2.497123363111e-03,3.620706566953e-03,1.110223024625e-16,5.551115123126e-17,1.110223024625e-16,0.000000000000e+00,1.110223024625e-16,7.624765231006e-01,9.068150208623e-01,7.719072960820e-01,8.718662952646e-01
logreg,iid,fullbatch,fedavg,1,5.000000000000e-01,15,16,7.071469576337e-03,1.787486789177e-01,2.205788767201e-01,3.147803868541e-02,8.373385445330e-03,8.445173845759e-01,2.246477185891e-01,1.852352906213e-01,6,6,1,6.282054101059e-01,1.230254611362e-01,1.893247776666e-02,2.635198556488e-02,1.488981260052e-02,2.072502773006e-02,5.204597516991e-03,7.244243480919e-03,2.494765806329e-03,3.472447364070e-03,2.220446049250e-16,5.551115123126e-17,1.110223024625e-16,0.000000000000e+00,2.220446049250e-16,7.322310256414e-01,9.082058414465e-01,7.425824408677e-01,8.690807799443e-01
logreg,iid,fullbatch,fedavg,1,5.000000000000e-01,16,16,6.966843788779e-03,1.761019225867e-01,2.182596548967e-01,2.998042149053e-02,7.919880187878e-03,8.796653009275e-01,2.323797812843e-01,1.829688327491e-01,6,6,1,6.089485340550e-01,1.251662722034e-01,1.896362403138e-02,2.542068382901e-02,1.487924241437e-02,1.994558194178e-02,5.202291217890e-03,6.973656512996e-03,2.493599359203e-03,3.342662816012e-03,2.220446049250e-16,1.110223024625e-16,1.110223024625e-16,0.000000000000e+00,2.220446049250e-16,7.050988437464e-01,9.089012517385e-01,7.162854161834e-01,8.718662952646e-01
logreg,iid,fullbatch,fedavg,1,5.000000000000e-01,17,16,6.871708059141e-03,1.736952834537e-01,2.160603218968e-01,2.866772003235e-02,7.512755120610e-03,9.146721740323e-01,2.397019383260e-01,1.811051298335e-01,6,6,1,5.919093239085e-01,1.272908176726e-01,1.899201087394e-02,2.458747677562e-02,1.486535671751e-02,1.924501915459e-02,5.400907806013e-03,6.992134541678e-03,2.493181490142e-03,3.227727826882e-03,2.220446049250e-16,1.110223024625e-16,1.110223024625e-16,0.000000000000e+00,2.220446049250e-16,6.806216912021e-01,9.109874826147e-01,6.925672324144e-01,8.746518105850e-01
logreg,iid,fullbatch,fedavg,1,5.000000000000e-01,18,16,6.784748767546e-03,1.714954927981e-01,2.139659725061e-01,2.750708035305e-02,7.145713975310e-03,9.494850746880e-01,2.466546314791e-01,1.795710054533e-01,6,6,1,5.767389328191e-01,1.293636509009e-01,1.901717785380e-02,2.383571962982e-02,1.366377498937e-02,1.712588020343e-02,5.526259149022e-03,6.926493756876e-03,2.493185315530e-03,3.124904579586e-03,3.330669073875e-16,1.110223024625e-16,2.220446049250e-16,0.000000000000e+00,1.665334536938e-16,6.584243007210e-01,9.116828929068e-01,6.710613343618e-01,8.746518105850e-01
logreg,iid,fullbatch,fedavg,1,5.000000000000e-01,19,16,6.704874018774e-03,1.694748892461e-01,2.119646868246e-01,2.647291360642e-02,6.813453869518e-03,9.840639046182e-01,2.532729913472e-01,1.764914429212e-01,6,6,1,5.631523126879e-01,1.313602642930e-01,1.903882327116e-02,2.315238342310e-02,1.358705396619e-02,1.652269568005e-02,5.648972863296e-03,6.869499433606e-03,2.493368485926e-03,3.032089871263e-03,2.220446049250e-16,1.110223024625e-16,2.220446049250e-16,0.000000000000e+00,2.220446049250e-16,6.381971914836e-01,9.137691237830e-01,6.514661679835e-01,8.774373259053e-01
logreg,iid,fullbatch,fedavg,1,5.000000000000e-01,20,16,6.631171567226e-03,1.676103572416e-01,2.100468216327e-01,2.554501876246e-02,6.511497292068e-03,1.018378918057e+00,2.595876569474e-01,1.735619469920e-01,6,6,1,5.509151023899e-01,1.332652109413e-01,1.905677545639e-02,2.252714011859e-02,1.351472396058e-02,1.597584444550e-02,5.768422514678e-03,6.818890349458e-03,2.493551387933e-03,2.947643563173e-03,2.220446049250e-16,1.110223024625e-16,2.220446049250e-16,0.000000000000e+00,2.220446049250e-16,6.196833569635e-01,9.151599443672e-01,6.335318082992e-01,8.774373259053e-01
logreg,iid,fullbatch,fedavg,1,5.000000000000e-01,21,16,6.562875198528e-03,1.658824780192e-01,2.082044785370e-01,2.470725230463e-02,6.236051860720e-03,1.052408694653e+00,2.656254575624e-01,1.708080967655e-01,6,6,1,5.398334688962e-01,1.350702313470e-01,1.907096633890e-02,2.195170729051e-02,1.348704587019e-02,1.552431470408e-02,5.884158676213e-03,6.772982900593e-03,2.493601537220e-03,2.870269396500e-03,2.220446049250e-16,1.110223024625e-16,2.220446049250e-16,0.000000000000e+00,2.220446049250e-16,6.026679288308e-01,9.151599443672e-01,6.170496405803e-01,8.774373259053e-01
logreg,iid,fullbatch,fedavg,1,5.000000000000e-01,22,16,6.499337897960e-03,1.642748514772e-01,2.064311054041e-01,2.394656929915e-02,5.983894308642e-03,1.086138484862e+00,2.714099801424e-01,1.682144656781e-01,6,6,1,5.297461985975e-01,1.367725432188e-01,1.908140829059e-02,2.141937119082e-02,1.355030027097e-02,1.521056029151e-02,5.995869637910e-03,6.730517760028e-03,2.493422189590e-03,2.798930487778e-03,2.220446049250e-16,1.110223024625e-16,2.220446049250e-16,0.000000000000e+00,2.220446049250e-16,5.869701051732e-01,9.165507649513e-01,6.018443451239e-01,8.774373259053e-01
logreg,iid,fullbatch,fedavg,1,5.000000000000e-01,23,16,6.440010406515e-03,1.627735539149e-01,2.047211972632e-01,2.325232135063e-02,5.752274966706e-03,1.119558860414e+00,2.769620421722e-01,1.657676325482e-01,6,6,1,5.205185027091e-01,1.383733688757e-01,1.908817450928e-02,2.092463473133e-02,1.360816585304e-02,1.491739818807e-02,6.103350606312e-03,6.690549796275e-03,2.492943894239e-03,2.732788322282e-03,2.220446049250e-16,1.110223024625e-16,1.110223024625e-16,0.000000000000e+00,2.220446049250e-16,5.724368081077e-01,9.165507649513e-01,5.877676285312e-01,8.774373259053e-01
logreg,iid,fullbatch,fedavg,1,5.000000000000e-01,24,16,6.384424033645e-03,1.613667032266e-01,2.030700710901e-01,2.261573529400e-02,5.538839273915e-03,1.152664613995e+00,2.823000866719e-01,1.634558238731e-01,6,6,1,5.120371326112e-01,1.398767207565e-01,1.909138280940e-02,2.046295438247e-02,1.366096330145e-02,1.464240027289e-02,6.206479715563e-03,6.652368378091e-03,2.492118143649e-03,2.671157998262e-03,2.220446049250e-16,1.110223024625e-16,1.110223024625e-16,0.000000000000e+00,1.110223024625e-16,5.589376686386e-01,9.172461752434e-01,5.746932867774e-01,8.802228412256e-01
logreg,iid,fullbatch,fedavg,1,5.000000000000e-01,25,16,6.332176829652e-03,1.600441089696e-01,2.014736954072e-01,2.202952103466e-02,5.341563286562e-03,1.185453862464e+00,2.874405131047e-01,1.612686326080e-01,6,6,1,5.042065016079e-01,1.412884339376e-01,1.909118249170e-02,2.003054128575e-02,1.370900303433e-02,1.438353812735e-02,6.305199389500e-03,6.615439181997e-03,2.490912546098e-03,2.613474917831e-03,2.220446049250e-16,1.110223024625e-16,2.220446049250e-16,0.000000000000e+00,2.220446049250e-16,5.463610357085e-01,9.193324061196e-01,5.625132902023e-01,8.830083565460e-01
logreg,iid,fullbatch,fedavg,1,5.000000000000e-01,26,16,6.282922412921e-03,1.587969895404e-01,1.999285605999e-01,2.148757299755e-02,5.158700628280e-03,1.217927316518e+00,2.923979554898e-01,1.591967956585e-01,6,6,1,4.969455849041e-01,1.426154184474e-01,1.908774388666e-02,1.962420934108e-02,1.375258338106e-02,1.413910291615e-02,6.399501855437e-03,6.579361334451e-03,2.489307122133e-03,2.559269674251e-03,2.220446049250e-16,1.110223024625e-16,2.220446049250e-16,0.000000000000e+00,2.220446049250e-16,5.346107801916e-01,9.214186369958e-01,5.511346577670e-01,8.857938718663e-01
logreg,iid,fullbatch,fedavg,1,5.000000000000e-01,27,16,6.236360900508e-03,1.576177425389e-01,1.984315795637e-01,2.098474032135e-02,4.988738763900e-03,1.250087686619e+00,2.971855169521e-01,1.572320165838e-01,6,6,1,4.901854255183e-01,1.438650979593e-01,1.908125015645e-02,1.924125805772e-02,1.379198940384e-02,1.390764363303e-02,6.464813668157e-03,6.519025067235e-03,2.487291442430e-03,2.508148895704e-03,3.330669073875e-16,1.110223024625e-16,2.220446049250e-16,0.000000000000e+00,2.220446049250e-16,5.236037195993e-01,9.207232267038e-01,5.404769449182e-01,8.857938718663e-01
logreg,iid,fullbatch,fedavg,1,5.000000000000e-01,28,16,6.192231510900e-03,1.564997574320e-01,1.969800110307e-01,2.051664815378e-02,4.830362865642e-03,1.281939200664e+00,3.018149682387e-01,1.553668232390e-01,6,6,1,4.838671153192e-01,1.450450010614e-01,1.907189096658e-02,1.887938140339e-02,1.382749222446e-02,1.368791904356e-02,6.393634325088e-03,6.329097685629e-03,2.484862402949e-03,2.459780476012e-03,3.330669073875e-16,1.110223024625e-16,2.220446049250e-16,0.000000000000e+00,2.220446049250e-16,5.132675303860e-01,9.214186369958e-01,5.304702116400e-01,8.885793871866e-01
logreg,iid,fullbatch,fedavg,1,5.000000000000e-01,29,16,6.150306501459e-03,1.554372619868e-01,1.955713999352e-01,2.007955736150e-02,4.682425865171e-03,1.313487213371e+00,3.062969163480e-01,1.535944525411e-01,6,6,1,4.779401511901e-01,1.461624740215e-01,1.905985768055e-02,1.853659628431e-02,1.385934873852e-02,1.347885994928e-02,6.324193890175e-03,6.150572104507e-03,2.482022487645e-03,2.413882075783e-03,2.220446049250e-16,1.110223024625e-16,2.220446049250e-16,0.000000000000e+00,2.220446049250e-16,5.035390455979e-01,9.221140472879e-01,5.210533687256e-01,8.885793871866e-01
logreg,iid,fullbatch,fedavg,1,5.000000000000e-01,30,16,6.110386175735e-03,1.544251957791e-01,1.942035306463e-01,1.967025342082e-02,4.543923553225e-03,1.344737890979e+00,3.106409482893e-01,1.519087563915e-01,6,6,1,4.723610893450e-01,1.472244880564e-01,1.904533977910e-02,1.821118598009e-02,1.388780162040e-02,1.327953930447e-02,6.256350076559e-03,5.982332482498e-03,2.478778407290e-03,2.370212088740e-03,2.220446049250e-16,1.110223024625e-16,2.220446049250e-16,0.000000000000e+00,2.220446049250e-16,4.943628588579e-01,9.228094575800e-01,5.121728238430e-01,8.885793871866e-01
logreg,iid,fullbatch,fedavg,1,5.000000000000e-01,31,16,6.072294752188e-03,1.534591055036e-01,1.928743899719e-01,1.928595769160e-02,4.413973806918e-03,1.375697957852e+00,3.148557540823e-01,1.503041241935e-01,6,6,1,4.670924381183e-01,1.478187507356e-01,1.902852225293e-02,1.790165506665e-02,1.391307954159e-02,1.308914836149e-02,6.189982904070e-03,5.823412735064e-03,2.475140030484e-03,2.328562485222e-03,2.220446049250e-16,1.110223024625e-16,2.220446049250e-16,0.000000000000e+00,2.220446049250e-16,4.856901732917e-01,9.235048678720e-01,5.037813667043e-01,8.885793871866e-01
logreg,iid,fullbatch,fedavg,1,5.000000000000e-01,32,16,6.035876929657e-03,1.525350579213e-01,1.915821376305e-01,1.892425601695e-02,4.291799201286e-03,1.406374493907e+00,3.189492323636e-01,1.487754184669e-01,6,6,1,4.621017426353e-01,1.455232964043e-01,1.900958376103e-02,1.760669323253e-02,1.393539754151e-02,1.290697748416e-02,6.124990583522e-03,5.672971676388e-03,2.471119542982e-03,2.288753098498e-03,2.220446049250e-16,1.110223024625e-16,2.220446049250e-16,0.000000000000e+00,2.220446049250e-16,4.774778474150e-01,9.248956884562e-01,4.958372460700e-01,8.941504178273e-01
logreg,iid,fullbatch,fedavg,1,5.000000000000e-01,33,16,6.000995018939e-03,1.516495671373e-01,1.903250824634e-01,1.858304084877e-02,4.176712403645e-03,1.436774773791e+00,3.229285813756e-01,1.473179208648e-01,6,6,1,4.573608247481e-01,1.432915388053e-01,1.898869538529e-02,1.732514603111e-02,1.395495750372e-02,1.273240060490e-02,6.061286226079e-03,5.530272979393e-03,2.460371656874e-03,2.244825006734e-03,3.330669073875e-16,1.110223024625e-16,2.220446049250e-16,0.000000000000e+00,2.220446049250e-16,4.696876002689e-01,9.262865090403e-01,4.883034015608e-01,8.941504178273e-01
logreg,iid,fullbatch,fedavg,1,5.000000000000e-01,34,16,5.967526536445e-03,1.507995335773e-01,1.891016630920e-01,1.826046401734e-02,4.068103863315e-03,1.466906140293e+00,3.268003776233e-01,1.458798371782e-01,6,6,1,4.528451492714e-01,1.411265354779e-01,1.896601984450e-02,1.705599108031e-02,1.397194870142e-02,1.256486254786e-02,5.998795199651e-03,5.394668900315e-03,2.445007864717e-03,2.198776162517e-03,2.220446049250e-16,1.110223024625e-16,2.220446049250e-16,0.000000000000e+00,2.220446049250e-16,4.622853459971e-01,9.283727399166e-01,4.811468210884e-01,8.941504178273e-01
logreg,iid,fullbatch,fedavg,1,5.000000000000e-01,35,16,5.935362176726e-03,1.499821925556e-01,1.879104320395e-01,1.795489794017e-02,3.965431400782e-03,1.496775905783e+00,3.305706440941e-01,1.444708720095e-01,6,6,1,4.485332934737e-01,1.390303352890e-01,1.894171105840e-02,1.679831856952e-02,1.398654838493e-02,1.240386862272e-02,5.937452995044e-03,5.265586968081e-03,2.430157613365e-03,2.155167589537e-03,2.220446049250e-16,1.110223024625e-16,2.220446049250e-16,0.000000000000e+00,2.220446049250e-16,4.552406341791e-01,9.283727399166e-01,4.743380007714e-01,8.941504178273e-01
logreg,iid,fullbatch,fedavg,1,5.000000000000e-01,36,16,5.904404097017e-03,1.491950707438e-01,1.867500425727e-01,1.766490356986e-02,3.868211373821e-03,1.526391276593e+00,3.342449096122e-01,1.431272134705e-01,6,6,1,4.444065013752e-01,1.370041398510e-01,1.891591397509e-02,1.655131519430e-02,1.399892239057e-02,1.224897603002e-02,5.877203495673e-03,5.142519026360e-03,2.415758350314e-03,2.113774567909e-03,3.330669073875e-16,1.110223024625e-16,2.220446049250e-16,0.000000000000e+00,2.220446049250e-16,4.485261769987e-01,9.297635605007e-01,4.678504888938e-01,8.969359331476e-01
logreg,iid,fullbatch,fedavg,1,5.000000000000e-01,37,16,5.874564459879e-03,1.484359491749e-01,1.856192376976e-01,1.738920375915e-02,3.776011157223e-03,1.555759296061e+00,3.378282606407e-01,1.418444440237e-01,6,6,1,4.404483080143e-01,1.350484439811e-01,1.888876459337e-02,1.631425083622e-02,1.400922575587e-02,1.209978672097e-02,5.817997568298e-03,5.025012156011e-03,2.401756317011e-03,2.074400091625e-03,2.220446049250e-16,1.110223024625e-16,2.220446049250e-16,0.000000000000e+00,2.220446049250e-16,4.421174480518e-01,9.304589707928e-01,4.616604991259e-01,8.969359331476e-01
logreg,iid,fullbatch,fedavg,1,5.000000000000e-01,38,16,5.845764190261e-03,1.477028316767e-01,1.845168408706e-01,1.712666100839e-02,3.688442720331e-03,1.584886802780e+00,3.413253866238e-01,1.406185399967e-01,6,6,1,4.366442216765e-01,1.331631574299e-01,1.886039012677e-02,1.608646745423e-02,1.401760332996e-02,1.195594143271e-02,5.811736200490e-03,4.956965609585e-03,2.388105271015e-03,2.036870789058e-03,2.220446049250e-16,1.110223024625e-16,2.220446049250e-16,0.000000000000e+00,2.220446049250e-16,4.359923405325e-01,9.304589707928e-01,4.557465810984e-01,8.969359331476e-01
logreg,iid,fullbatch,fedavg,1,5.000000000000e-01,39,16,5.817931911418e-03,1.469939178356e-01,1.834417480892e-01,1.687625877952e-02,3.605157125074e-03,1.613780401124e+00,3.447406197918e-01,1.394458267230e-01,6,6,1,4.329814543306e-01,1.313477099729e-01,1.883090926772e-02,1.586736976838e-02,1.733078221018e-02,1.460332721032e-02,5.835804274064e-03,4.917386781276e-03,2.379561188893e-03,2.005074568299e-03,2.220446049250e-16,1.110223024625e-16,2.220446049250e-16,0.000000000000e+00,2.220446049250e-16,4.301308748549e-01,9.311543810848e-01,4.500893386885e-01,9.052924791086e-01
logreg,iid,fullbatch,fedavg,1,5.000000000000e-01,40,16,5.791003030650e-03,1.463075797560e-01,1.823929211024e-01,1.663708572913e-02,3.525839798313e-03,1.642446441674e+00,3.480779702007e-01,1.383229399815e-01,6,6,1,4.294486923096e-01,1.296011417992e-01,1.880043252005e-02,1.565641740438e-02,1.725763440813e-02,1.437162296227e-02,5.814751257570e-03,4.842344594681e-03,2.389303272615e-03,1.989737698949e-03,2.220446049250e-16,1.110223024625e-16,2.220446049250e-16,0.000000000000e+00,4.440892098501e-16,4.245149476069e-01,9.304589707928e-01,4.446711881709e-01,9.052924791086e-01
logreg,iid,fullbatch,fedavg,1,5.000000000000e-01,41,16,5.764918951047e-03,1.456423420122e-01,1.813693815336e-01,1.640832234361e-02,3.450206457573e-03,1.670891009549e+00,3.513411566595e-01,1.372467926998e-01,6,6,1,4.260359007025e-01,1.279221809661e-01,1.876906257536e-02,1.545311823527e-02,1.718591042538e-02,1.414966276114e-02,5.795040229406e-03,4.771226132557e-03,2.398718452260e-03,1.974935067058e-03,3.330669073875e-16,1.110223024625e-16,2.220446049250e-16,0.000000000000e+00,2.220446049250e-16,4.191281152088e-01,9.311543810848e-01,4.394761498208e-01,9.080779944290e-01
logreg,iid,fullbatch,fedavg,1,5.000000000000e-01,42,16,5.739626389580e-03,1.449968642955e-01,1.803702057573e-01,1.618922956111e-02,3.377999589855e-03,1.699119919025e+00,3.545336341002e-01,1.362145460738e-01,6,6,1,4.227341560822e-01,1.263093095199e-01,1.873689471482e-02,1.525702270974e-02,1.711556350845e-02,1.393680997374e-02,5.776545383173e-03,4.703708135011e-03,2.407807732057e-03,1.960622494165e-03,3.330669073875e-16,1.110223024625e-16,2.220446049250e-16,0.000000000000e+00,2.220446049250e-16,4.139554068237e-01,9.311543810848e-01,4.344896677003e-01,9.080779944290e-01
logreg,iid,fullbatch,fedavg,1,5.000000000000e-01,43,16,5.715076785331e-03,1.443699263474e-01,1.793945204015e-01,1.597913904482e-02,3.308985400011e-03,1.727138713066e+00,3.576586178580e-01,1.352235844107e-01,6,6,1,4.195355031220e-01,1.229835278402e-01,1.870401722264e-02,1.506771899733e-02,1.704654988796e-02,1.373248433897e-02,5.759152977501e-03,4.639500578654e-03,2.416573082031e-03,1.946760618487e-03,3.330669073875e-16,1.110223024625e-16,2.220446049250e-16,0.000000000000e+00,2.220446049250e-16,4.089831620221e-01,9.318497913769e-01,4.296984532835e-01,9.080779944290e-01
logreg,iid,fullbatch,fedavg,1,5.000000000000e-01,44,16,5.691225784354e-03,1.437604148365e-01,1.784414983741e-01,1.577744483527e-02,3.242951158966e-03,1.754952666684e+00,3.607191052655e-01,1.342714931210e-01,6,6,1,4.164328314134e-01,1.167633201083e-01,1.867051180110e-02,1.488482881398e-02,1.697882842383e-02,1.353615568995e-02,5.742760087012e-03,4.578342668137e-03,2.425017306357e-03,1.933314301215e-03,2.220446049250e-16,1.110223024625e-16,2.220446049250e-16,0.000000000000e+00,2.220446049250e-16,4.041988894706e-01,9.325452016690e-01,4.250903493223e-01,9.080779944290e-01
logreg,iid,fullbatch,fedavg,1,5.000000000000e-01,45,16,5.668032789947e-03,1.431673118956e-01,1.775103553318e-01,1.558359615903e-02,3.179702893382e-03,1.782566793188e+00,3.637178949009e-01,1.333560393917e-01,6,6,1,4.134197694126e-01,1.106380152851e-01,1.863645397949e-02,1.470800381656e-02,1.691236030415e-02,1.334733851055e-02,5.727273497148e-03,4.519999381173e-03,2.433143926417e-03,1.920252114237e-03,2.220446049250e-16,1.110223024625e-16,2.220446049250e-16,0.000000000000e+00,2.220446049250e-16,3.995911435402e-01,9.346314325452e-01,4.206542109593e-01,9.080779944290e-01
logreg,iid,fullbatch,fedavg,1,5.000000000000e-01,46,16,5.645460568917e-03,1.425896850805e-01,1.766003465254e-01,1.539709121167e-02,3.119063367713e-03,1.809985852598e+00,3.666576037842e-01,1.324751551456e-01,6,6,1,4.104905929501e-01,1.046081522685e-01,1.860191351208e-02,1.453692247573e-02,1.684710878893e-02,1.316558719864e-02,5.712608724357e-03,4.464258481054e-03,2.440957076859e-03,1.907545896815e-03,4.440892098501e-16,1.110223024625e-16,2.220446049250e-16,0.000000000000e+00,2.220446049250e-16,3.951494162430e-01,9.346314325452e-01,4.163798015888e-01,9.080779944290e-01
logreg,iid,fullbatch,fedavg,1,5.000000000000e-01,47,16,5.623474905941e-03,1.420266785513e-01,1.757107639680e-01,1.521747176444e-02,3.060870317302e-03,1.837214361599e+00,3.695406827751e-01,1.316269219648e-01,6,6,1,4.076401461510e-01,9.867402953783e-02,1.856695476134e-02,1.437128735267e-02,1.678303899171e-02,1.299049193049e-02,5.698689145758e-03,4.410927925444e-03,2.448461413163e-03,1.895170370845e-03,4.440892098501e-16,1.110223024625e-16,2.220446049250e-16,0.000000000000e+00,2.220446049250e-16,3.908640423206e-01,9.353268428373e-01,4.122577013720e-01,9.080779944290e-01
logreg,iid,fullbatch,fedavg,1,5.000000000000e-01,48,16,5.602044299368e-03,1.414775053077e-01,1.748409338811e-01,1.504431847031e-02,3.004974897607e-03,1.864256604549e+00,3.723694303883e-01,1.308095577039e-01,6,6,1,4.048637729583e-01,9.283573135600e-02,1.853163706405e-02,1.421082271846e-02,1.672011769267e-02,1.282167503827e-02,5.698988915776e-03,4.370219472606e-03,2.455662029436e-03,1.883102806092e-03,2.220446049250e-16,1.110223024625e-16,2.220446049250e-16,0.000000000000e+00,2.220446049250e-16,3.867261156573e-01,9.360222531293e-01,4.082792266438e-01,9.080779944290e-01
logreg,iid,fullbatch,fedavg,1,5.000000000000e-01,49,16,5.581139692840e-03,1.409414403357e-01,1.739902143829e-01,1.487724676592e-02,2.951240319943e-03,1.891116645136e+00,3.751460052156e-01,1.300214045666e-01,6,6,1,4.021572577323e-01,8.709315116389e-02,1.849601507917e-02,1.405527246522e-02,1.665831317867e-02,1.265878782727e-02,5.722656595077e-03,4.348693344184e-03,2.462564385324e-03,1.871322728205e-03,2.220446049250e-16,1.110223024625e-16,2.220446049250e-16,0.000000000000e+00,2.220446049250e-16,3.827274154705e-01,9.367176634214e-01,4.044363587257e-01,9.080779944290e-01
logreg,iid,fullbatch,fedavg,1,5.000000000000e-01,50,16,5.560734237942e-03,1.404178145444e-01,1.731579933871e-01,1.471590328306e-02,2.899540648595e-03,1.917798338381e+00,3.778724371166e-01,1.292609184523e-01,6,6,1,3.995167736376e-01,8.144601249137e-02,1.846013911649e-02,1.390439826685e-02,1.659759510566e-02,1.250150777114e-02,5.744629013062e-03,4.326923496562e-03,2.469174241058e-03,1.859811663459e-03,3.330669073875e-16,1.110223024625e-16,2.220446049250e-16,0.000000000000e+00,2.220446049250e-16,3.788603409712e-01,9.367176634214e-01,4.007216808833e-01,9.080779944290e-01
logreg,iid,fullbatch,fedavg,2,5.000000000000e-01,1,16,1.116745319269e-02,2.818477805137e-01,3.563190920290e-01,3.698978605165e-01,2.833268996715e-02,3.941543568803e-01,3.019064013266e-02,2.868438011384e-01,5,5,1,1.558977961274e+00,2.787598436096e-02,2.835621535197e-02,2.617953486670e-01,2.135871910907e-02,1.971918059880e-01,9.020265583497e-03,8.327851739694e-02,4.832020697697e-03,4.461105008612e-02,2.775557561563e-17,1.387778780781e-17,2.775557561563e-17,0.000000000000e+00,2.775557561563e-17,2.034182986114e+00,4.972183588317e-01,2.036456985138e+00,5.013927576602e-01
logreg,iid,fullbatch,fedavg,2,5.000000000000e-01,2,16,1.056476856143e-02,2.668158794845e-01,3.360450387134e-01,1.973809558145e-01,2.451412495640e-02,4.309665786652e-01,5.352476138255e-02,2.753010987876e-01,5,5,1,1.412585345023e+00,3.316526943627e-02,2.755522827652e-02,1.260011327371e-01,2.103702587120e-02,9.619550462767e-02,8.690207489430e-03,3.973750376517e-02,4.126161311389e-03,1.886759905865e-02,5.551115123126e-17,2.775557561563e-17,2.775557561563e-17,0.000000000000e+00,5.551115123126e-17,1.804783898537e+00,5.966620305981e-01,1.802484374095e+00,6.239554317549e-01
logreg,iid,fullbatch,fedavg,2,5.000000000000e-01,3,16,1.001708984934e-02,2.530648441760e-01,3.179684072788e-01,1.337862905739e-01,2.189932049698e-02,4.574155554608e-01,7.487381409838e-02,2.632923307932e-01,5,5,1,1.273366163016e+00,4.791186957460e-02,2.711374896981e-02,8.612370175847e-02,1.578925233451e-02,5.015274208525e-02,8.465764787928e-03,2.689052711098e-02,4.054740174306e-03,1.287941530582e-02,5.551115123126e-17,2.775557561563e-17,5.551115123126e-17,0.000000000000e+00,5.551115123126e-17,1.614353823536e+00,6.773296244784e-01,1.607564154288e+00,6.963788300836e-01
logreg,iid,fullbatch,fedavg,2,5.000000000000e-01,4,16,9.538547089693e-03,2.410087212042e-01,3.027041831287e-01,1.013659697224e-01,1.958710384674e-02,4.869809832187e-01,9.410009212969e-02,2.520069744567e-01,5,5,1,1.154289962854e+00,6.223759998974e-02,2.645008659911e-02,6.652358371092e-02,1.539918600164e-02,3.872989357602e-02,8.581920043554e-03,2.158405320446e-02,3.983685328367e-03,1.001921197598e-02,1.110223024625e-16,2.775557561563e-17,5.551115123126e-17,0.000000000000e+00,1.110223024625e-16,1.458004848828e+00,7.253129346314e-01,1.447324631789e+00,7.381615598886e-01
logreg,iid,fullbatch,fedavg,2,5.000000000000e-01,5,16,9.125373427620e-03,2.305770576662e-01,2.898610227178e-01,8.191163364749e-02,1.759400570168e-02,5.186637757397e-01,1.114050962149e-01,2.395754265934e-01,5,5,1,1.053775250397e+00,7.803526543964e-02,2.566763388314e-02,5.472196565027e-02,1.526621847868e-02,3.254672740789e-02,8.599659531009e-03,1.833399508511e-02,3.904524690875e-03,8.324229143499e-03,1.110223024625e-16,5.551115123126e-17,1.110223024625e-16,0.000000000000e+00,5.551115123126e-17,1.329179488556e+00,7.649513212796e-01,1.315316395065e+00,7.632311977716e-01
logreg,iid,fullbatch,fedavg,2,5.000000000000e-01,6,16,8.768384347780e-03,2.215499722945e-01,2.789490968990e-01,6.901806921627e-02,1.589865492032e-02,5.515173699739e-01,1.270447644703e-01,2.288827619475e-01,5,5,1,9.689913537714e-01,9.481462503614e-02,2.481424936167e-02,4.671489854609e-02,1.517927969473e-02,2.857626279993e-02,8.561178862344e-03,1.611713480268e-02,3.824800952291e-03,7.200507492333e-03,1.110223024625e-16,5.551115123126e-17,1.110223024625e-16,0.000000000000e+00,1.110223024625e-16,1.222163474168e+00,7.983310152990e-01,1.205766225682e+00,8.105849582173e-01
logreg,iid,fullbatch,fedavg,2,5.000000000000e-01,7,16,8.458448369848e-03,2.137026593401e-01,2.695648427090e-01,5.987898512298e-02,1.446022311390e-02,5.849459101165e-01,1.412590469340e-01,2.197195851901e-01,5,5,1,8.971680482622e-01,1.119314384803e-01,2.392251663597e-02,4.084349251250e-02,1.512538831346e-02,2.582394209314e-02,8.493182769135e-03,1.450061680872e-02,3.749806836508e-03,6.402136103856e-03,1.110223024625e-16,5.551115123126e-17,1.110223024625e-16,0.000000000000e+00,1.110223024625e-16,1.132394905323e+00,8.212795549374e-01,1.114002383637e+00,8.412256267409e-01
logreg,iid,fullbatch,fedavg,2,5.000000000000e-01,8,16,8.187870207508e-03,2.068438981603e-01,2.614030246424e-01,5.308022698463e-02,1.323578119665e-02,6.186163163212e-01,1.542546193308e-01,2.118751983540e-01,5,5,1,8.359815207020e-01,1.132557828553e-01,2.301674508578e-02,3.630261286346e-02,1.509550697816e-02,2.380902876420e-02,8.412831911156e-03,1.326893871474e-02,3.693297731780e-03,5.825165862793e-03,1.110223024625e-16,5.551115123126e-17,1.110223024625e-16,0.000000000000e+00,1.110223024625e-16,1.056335068380e+00,8.400556328234e-01,1.036376258485e+00,8.690807799443e-01
logreg,iid,fullbatch,fedavg,2,5.000000000000e-01,9,16,7.950405799384e-03,2.008179457159e-01,2.542349005083e-01,4.783517019179e-02,1.218721790618e-02,6.523560882054e-01,1.662041917591e-01,2.051630771973e-01,5,5,1,7.835591374382e-01,1.110449638961e-01,2.211495354429e-02,3.265545664245e-02,1.508306210990e-02,2.227200160194e-02,8.201792241879e-03,1.211095788235e-02,3.645670006968e-03,5.383281434745e-03,2.220446049250e-16,5.551115123126e-17,1.110223024625e-16,0.000000000000e+00,2.220446049250e-16,9.912605589662e-01,8.518776077886e-01,9.700709940183e-01,8.718662952646e-01
logreg,iid,fullbatch,fedavg,2,5.000000000000e-01,10,16,7.740983636110e-03,1.954980723005e-01,2.478868388615e-01,4.367251086834e-02,1.128289301568e-02,6.860814531658e-01,1.772507117680e-01,1.994226235785e-01,5,5,1,7.383965746339e-01,1.098575121322e-01,2.136624914232e-02,2.983425534066e-02,1.508310834411e-02,2.106094067665e-02,7.885209295555e-03,1.101032502107e-02,3.606494317577e-03,5.035842821007e-03,2.220446049250e-16,5.551115123126e-17,1.110223024625e-16,0.000000000000e+00,1.110223024625e-16,9.350721071428e-01,8.623087621697e-01,9.129128005111e-01,8.885793871866e-01
logreg,iid,fullbatch,fedavg,2,5.000000000000e-01,11,16,7.555441196553e-03,1.907801375654e-01,2.422246634554e-01,4.029301372912e-02,1.049725039578e-02,7.197543081937e-01,1.875124369536e-01,1.945158816240e-01,5,5,1,6.992781700870e-01,1.095227992551e-01,2.084695148912e-02,2.773898186846e-02,1.509187130729e-02,2.008126438881e-02,7.582958796217e-03,1.008989523803e-02,3.575398173234e-03,4.757429648723e-03,1.110223024625e-16,1.110223024625e-16,2.220446049250e-16,0.000000000000e+00,1.110223024625e-16,8.861415498766e-01,8.720445062587e-01,8.632157278143e-01,8.941504178273e-01
logreg,iid,fullbatch,fedavg,2,5.000000000000e-01,12,16,7.390326803659e-03,1.865776999838e-01,2.371428348900e-01,3.749768082634e-02,9.809842518610e-03,7.533583530662e-01,1.970875702389e-01,1.903241551765e-01,5,5,1,6.652154425474e-01,1.099043039329e-01,2.034521539866e-02,2.595420754615e-02,1.510646570741e-02,1.927118187625e-02,7.296437645852e-03,9.307999610584e-03,3.551668069761e-03,4.530830881430e-03,2.220446049250e-16,5.551115123126e-17,2.220446049250e-16,0.000000000000e+00,1.110223024625e-16,8.431956038290e-01,8.762169680111e-01,8.196621866204e-01,8.969359331476e-01
logreg,iid,fullbatch,fedavg,2,5.000000000000e-01,13,16,7.242755557049e-03,1.828184454197e-01,2.325569782037e-01,3.514908876888e-02,9.204320632075e-03,7.868864902217e-01,2.060581315400e-01,1.867452603499e-01,5,5,1,6.354007332873e-01,1.108866695283e-01,1.986232627021e-02,2.441143206629e-02,1.195262065571e-02,1.469015175672e-02,6.874737071349e-03,8.449270982045e-03,3.534440156444e-03,4.343939606953e-03,2.220446049250e-16,5.551115123126e-17,1.110223024625e-16,0.000000000000e+00,1.110223024625e-16,8.052293653360e-01,8.803894297636e-01,7.812133961807e-01,8.969359331476e-01
logreg,iid,fullbatch,fedavg,2,5.000000000000e-01,14,16,7.110302323989e-03,1.794415290069e-01,2.283986452865e-01,3.314933248059e-02,8.667564688626e-03,8.203344975687e-01,2.144930769919e-01,1.836912861796e-01,5,5,1,6.091715203092e-01,1.123689860407e-01,1.939892069916e-02,2.306175130794e-02,1.183861266770e-02,1.407393459706e-02,6.420164764183e-03,7.632395917471e-03,3.522820304241e-03,4.187985868848e-03,1.665334536938e-16,5.551115123126e-17,1.110223024625e-16,0.000000000000e+00,2.220446049250e-16,7.714422994197e-01,8.845618915160e-01,7.470428618754e-01,9.025069637883e-01
logreg,iid,fullbatch,fedavg,2,5.000000000000e-01,15,16,6.990919640328e-03,1.763955332326e-01,2.246115806604e-01,3.142681614578e-02,8.188983403891e-03,8.536981082422e-01,2.224507760475e-01,1.810866960072e-01,5,5,1,5.859823577590e-01,1.129495430453e-01,1.895515658438e-02,2.186917881583e-02,1.173035989617e-02,1.353369659604e-02,5.985028432741e-03,6.905121381127e-03,3.515953333713e-03,4.056469373956e-03,2.220446049250e-16,1.110223024625e-16,2.220446049250e-16,0.000000000000e+00,2.220446049250e-16,7.411907958505e-01,8.859527121001e-01,7.164869781663e-01,9.136490250696e-01
logreg,iid,fullbatch,fedavg,2,5.000000000000e-01,16,16,6.882872939028e-03,1.736368556610e-01,2.211490148543e-01,2.992801067070e-02,7.759967316869e-03,8.869718979442e-01,2.299809704949e-01,1.788666745642e-01,5,5,1,5.653825349714e-01,1.125721812876e-01,1.853084345710e-02,2.080653881947e-02,1.162791414078e-02,1.305588963178e-02,5.569276181994e-03,6.253215691194e-03,3.513058450840e-03,3.944482462533e-03,2.220446049250e-16,1.110223024625e-16,2.220446049250e-16,0.000000000000e+00,1.110223024625e-16,7.139528162005e-01,8.908205841446e-01,6.890081979529e-01,9.164345403900e-01
logreg,iid,fullbatch,fedavg,2,5.000000000000e-01,17,16,6.784688407416e-03,1.711284104143e-01,2.179716711646e-01,2.861212643965e-02,7.373466406676e-03,9.201490904296e-01,2.371263255014e-01,1.769756745276e-01,5,5,1,5.469981905541e-01,1.125446610551e-01,1.812554268264e-02,1.985284679458e-02,1.153112822132e-02,1.263000650269e-02,5.521007989982e-03,6.047141743332e-03,3.500347847202e-03,3.833919389613e-03,2.220446049250e-16,5.551115123126e-17,1.110223024625e-16,0.000000000000e+00,1.110223024625e-16,6.893013579292e-01,8.936022253129e-01,6.641673936725e-01,9.164345403900e-01
logreg,iid,fullbatch,fedavg,2,5.000000000000e-01,18,16,6.695110437445e-03,1.688385683338e-01,2.150462746150e-01,2.744756440611e-02,7.023664924780e-03,9.532217879336e-01,2.439236625292e-01,1.753661379895e-01,5,5,1,5.305179629291e-01,1.128174628808e-01,1.773864436007e-02,1.899158446949e-02,1.143973118039e-02,1.224775786754e-02,5.848038805980e-03,6.261105454859e-03,3.483517950964e-03,3.729570539541e-03,2.220446049250e-16,5.551115123126e-17,1.110223024625e-16,0.000000000000e+00,2.220446049250e-16,6.668843716993e-01,8.956884561892e-01,6.416029559820e-01,9.164345403900e-01
logreg,iid,fullbatch,fedavg,2,5.000000000000e-01,19,16,6.613066592747e-03,1.667402842868e-01,2.123444191718e-01,2.640948883289e-02,6.705730685249e-03,9.861813578787e-01,2.504049447754e-01,1.739973759222e-01,5,5,1,5.156814663414e-01,1.127864770110e-01,1.736942601583e-02,1.820953113010e-02,1.135338145489e-02,1.190250920476e-02,6.146889960508e-03,6.444195909940e-03,3.468829697862e-03,3.636606201649e-03,2.220446049250e-16,1.110223024625e-16,2.220446049250e-16,0.000000000000e+00,2.220446049250e-16,6.464094307943e-01,8.970792767733e-01,6.210148560564e-01,9.164345403900e-01
logreg,iid,fullbatch,fedavg,2,5.000000000000e-01,20,16,6.537638593452e-03,1.648103742869e-01,2.098416939943e-01,2.547812849596e-02,6.415620950460e-03,1.019018836046e+00,2.565980697714e-01,1.728345908934e-01,5,5,1,5.022700258759e-01,1.126302211768e-01,1.701709702562e-02,1.749595141052e-02,1.127170357880e-02,1.158888486276e-02,6.419842000676e-03,6.600493817360e-03,3.473019215138e-03,3.570748603264e-03,2.220446049250e-16,1.110223024625e-16,2.220446049250e-16,0.000000000000e+00,2.220446049250e-16,6.276319260338e-01,8.998609179416e-01,6.021523891199e-01,9.192200557103e-01
logreg,iid,fullbatch,fedavg,2,5.000000000000e-01,21,16,6.468038187939e-03,1.630289142146e-01,2.075169996336e-01,2.463756335733e-02,6.149931269889e-03,1.051725280184e+00,2.625275111069e-01,1.718480288710e-01,5,5,1,4.900992167386e-01,1.126704164719e-01,1.668083185965e-02,1.684201772425e-02,1.124669844938e-02,1.135537461306e-02,6.667269240387e-03,6.731694657903e-03,3.483199921115e-03,3.516857870287e-03,2.220446049250e-16,1.110223024625e-16,2.220446049250e-16,0.000000000000e+00,2.220446049250e-16,6.103458974476e-01,9.012517385257e-01,5.848046689077e-01,9.220055710306e-01
logreg,iid,fullbatch,fedavg,2,5.000000000000e-01,22,16,6.403587030448e-03,1.613787381485e-01,2.053520055701e-01,2.387484225405e-02,5.905776985452e-03,1.084292049331e+00,2.682148414765e-01,1.710122463407e-01,5,5,1,4.790128433205e-01,1.128731321544e-01,1.635979460818e-02,1.624039092458e-02,1.126096230411e-02,1.117877298497e-02,6.752667583617e-03,6.703382528216e-03,3.494939821741e-03,3.469431635442e-03,3.330669073875e-16,1.110223024625e-16,1.110223024625e-16,0.000000000000e+00,2.220446049250e-16,5.943768545613e-01,9.040333796940e-01,5.687931944119e-01,9.220055710306e-01
logreg,iid,fullbatch,fedavg,2,5.000000000000e-01,23,16,6.343699862363e-03,1.598450188042e-01,2.033307144916e-01,2.317933093833e-02,5.680699686357e-03,1.116711006146e+00,2.736791618032e-01,1.695939684784e-01,5,5,1,4.688780670875e-01,1.132081041335e-01,1.605315674259e-02,1.568491005072e-02,1.127432291608e-02,1.101569888447e-02,6.825544716837e-03,6.668972130989e-03,3.507916539544e-03,3.427447714517e-03,2.220446049250e-16,1.110223024625e-16,2.220446049250e-16,0.000000000000e+00,2.220446049250e-16,5.795761090884e-01,9.061196105702e-01,5.539659904974e-01,9.247910863510e-01
logreg,iid,fullbatch,fedavg,2,5.000000000000e-01,24,16,6.287870428957e-03,1.584149159367e-01,2.014391083717e-01,2.254222336899e-02,5.472592826960e-03,1.148974650184e+00,2.789374555488e-01,1.673947681938e-01,5,5,1,4.595814518951e-01,1.136486203559e-01,1.576010966449e-02,1.517035882008e-02,1.128670411070e-02,1.086435024251e-02,6.886991574795e-03,6.629277054838e-03,3.521856291220e-03,3.390066743695e-03,2.220446049250e-16,1.110223024625e-16,2.220446049250e-16,0.000000000000e+00,2.220446049250e-16,5.658162673675e-01,9.082058414465e-01,5.401929536093e-01,9.247910863510e-01
logreg,iid,fullbatch,fedavg,2,5.000000000000e-01,25,16,6.235659667201e-03,1.570772811713e-01,1.996648581237e-01,2.195617061372e-02,5.279642158284e-03,1.181076194230e+00,2.840048830421e-01,1.653562476513e-01,5,5,1,4.510257431277e-01,1.141713327436e-01,1.550505109853e-02,1.471618395941e-02,1.129805146958e-02,1.072322836943e-02,6.938013839543e-03,6.585021057128e-03,3.536527097035e-03,3.356595409244e-03,2.220446049250e-16,1.110223024625e-16,2.220446049250e-16,0.000000000000e+00,2.220446049250e-16,5.529876192609e-01,9.109874826147e-01,5.273621275939e-01,9.247910863510e-01
logreg,iid,fullbatch,fedavg,2,5.000000000000e-01,26,16,6.186685782589e-03,1.558224097837e-01,1.979970833178e-01,2.141499574503e-02,5.100277690173e-03,1.213009596421e+00,2.888950274027e-01,1.634616744480e-01,5,5,1,4.431272351402e-01,1.147560199755e-01,1.553719331030e-02,1.455171960238e-02,1.130832809604e-02,1.059107757360e-02,6.979535761487e-03,6.536846477198e-03,3.551732809178e-03,3.326457932881e-03,3.330669073875e-16,1.110223024625e-16,2.220446049250e-16,0.000000000000e+00,2.220446049250e-16,5.409952253591e-01,9.123783031989e-01,5.153767029710e-01,9.275766016713e-01
logreg,iid,fullbatch,fedavg,2,5.000000000000e-01,27,16,6.140615899477e-03,1.546418316137e-01,1.964261518030e-01,2.091347246099e-02,4.933134692273e-03,1.244769559829e+00,2.936201011540e-01,1.616963478259e-01,5,5,1,4.358136116288e-01,1.153853221764e-01,1.556786070110e-02,1.439771355218e-02,1.131751122429e-02,1.046683856308e-02,7.012404771832e-03,6.485322367359e-03,3.567307920454e-03,3.299173764285e-03,2.220446049250e-16,1.110223024625e-16,2.220446049250e-16,0.000000000000e+00,4.440892098501e-16,5.297565521674e-01,9.109874826147e-01,5.041525831212e-01,9.275766016713e-01
logreg,iid,fullbatch,fedavg,2,5.000000000000e-01,28,16,6.097159023680e-03,1.535281346403e-01,1.949435114808e-01,2.044715150809e-02,4.777021830698e-03,1.276351509323e+00,2.981911207175e-01,1.600473313967e-01,5,5,1,4.290221673551e-01,1.160444643192e-01,1.559702046030e-02,1.425295450481e-02,1.132558948812e-02,1.034961210221e-02,7.037396500928e-03,6.430952143414e-03,3.583113085756e-03,3.274339988645e-03,2.220446049250e-16,1.110223024625e-16,2.220446049250e-16,0.000000000000e+00,2.220446049250e-16,5.191995403495e-01,9.116828929068e-01,4.936163979060e-01,9.275766016713e-01
logreg,iid,fullbatch,fedavg,2,5.000000000000e-01,29,16,6.056060100702e-03,1.524748158547e-01,1.935415482380e-01,2.001222336367e-02,4.630894977062e-03,1.307751553576e+00,3.026180545083e-01,1.585032221521e-01,5,5,1,4.226983383919e-01,1.167209809000e-01,1.562464725167e-02,1.411640248687e-02,1.133256070997e-02,1.023863039031e-02,7.055219934902e-03,6.374180653827e-03,3.599031277900e-03,3.251617349392e-03,2.220446049250e-16,1.110223024625e-16,2.220446049250e-16,0.000000000000e+00,4.440892098501e-16,5.092610175117e-01,9.116828929068e-01,4.837038728367e-01,9.303621169916e-01
logreg,iid,fullbatch,fedavg,2,5.000000000000e-01,30,16,6.017094989781e-03,1.514761549757e-01,1.922134653461e-01,1.960540870438e-02,4.493835556910e-03,1.338966438264e+00,3.069099492141e-01,1.570539509380e-01,5,5,1,4.167944828287e-01,1.174044506986e-01,1.565072303934e-02,1.398716068979e-02,1.133843010390e-02,1.013323431989e-02,7.066522528864e-03,6.315400629148e-03,3.593511123783e-03,3.211546035450e-03,2.220446049250e-16,1.110223024625e-16,2.220446049250e-16,0.000000000000e+00,2.220446049250e-16,4.998853868587e-01,9.130737134910e-01,4.743584826167e-01,9.303621169916e-01
logreg,iid,fullbatch,fedavg,2,5.000000000000e-01,31,16,5.980066204389e-03,1.505271073061e-01,1.909531806091e-01,1.922387036859e-02,4.365032554267e-03,1.369993494904e+00,3.110750379465e-01,1.556906101391e-01,5,5,1,4.112688655126e-01,1.180862473708e-01,1.567523669366e-02,1.386445259909e-02,1.134320880967e-02,1.003285525678e-02,7.071895157145e-03,6.254958512471e-03,3.582480173480e-03,3.168636462918e-03,3.330669073875e-16,1.110223024625e-16,2.220446049250e-16,0.000000000000e+00,2.220446049250e-16,4.910235380832e-01,9.137691237830e-01,4.655303335454e-01,9.303621169916e-01
logreg,iid,fullbatch,fedavg,2,5.000000000000e-01,32,16,5.944799295021e-03,1.496232126460e-01,1.897552382840e-01,1.886514209039e-02,4.243767478927e-03,1.400830588514e+00,3.151208332563e-01,1.544053048458e-01,5,5,1,4.056495763327e-01,1.197038047015e-01,1.569818347289e-02,1.374760329826e-02,1.134691269339e-02,9.937000331162e-03,7.050253420271e-03,6.174223109410e-03,3.572132226352e-03,3.128276393356e-03,3.330669073875e-16,1.110223024625e-16,2.220446049250e-16,0.000000000000e+00,4.440892098501e-16,4.826319383167e-01,9.158553546592e-01,4.571752311911e-01,9.331476323120e-01
logreg,iid,fullbatch,fedavg,2,5.000000000000e-01,33,16,5.911139771037e-03,1.487605177015e-01,1.886147333694e-01,1.852707042587e-02,4.129401748540e-03,1.431476066267e+00,3.190542074468e-01,1.531910242586e-01,5,5,1,4.002433241817e-01,1.215395722777e-01,1.571956444462e-02,1.363602408996e-02,1.134956136378e-02,9.845240478019e-03,7.026235621142e-03,6.094947384144e-03,3.562400140632e-03,3.090223924897e-03,2.220446049250e-16,1.110223024625e-16,2.220446049250e-16,0.000000000000e+00,2.220446049250e-16,4.746718697765e-01,9.172461752434e-01,4.492538988887e-01,9.359331476323e-01
logreg,iid,fullbatch,fedavg,2,5.000000000000e-01,34,16,5.878950475595e-03,1.479355098472e-01,1.875272463024e-01,1.820776713484e-02,4.021366049714e-03,1.461928708533e+00,3.228814621837e-01,1.520415305169e-01,5,5,1,3.951380548277e-01,1.233361549303e-01,1.573938588944e-02,1.352919977290e-02,1.135117736341e-02,9.757200648491e-03,7.000725154642e-03,6.017655951615e-03,3.553224079973e-03,3.054266459538e-03,4.440892098501e-16,1.110223024625e-16,2.220446049250e-16,0.000000000000e+00,2.220446049250e-16,4.671087875494e-01,9.179415855355e-01,4.417313196739e-01,9.359331476323e-01
logreg,iid,fullbatch,fedavg,2,5.000000000000e-01,35,16,5.848109342069e-03,1.471450604612e-01,1.864887864559e-01,1.790556990660e-02,3.919151329387e-03,1.492187683139e+00,3.266083890418e-01,1.509512625195e-01,5,5,1,3.903071373821e-01,1.250901886191e-01,1.575765871375e-02,1.342667805873e-02,1.135178550276e-02,9.672551748075e-03,6.973925125385e-03,5.942294421092e-03,3.544550630228e-03,3.020216457245e-03,3.330669073875e-16,1.110223024625e-16,2.220446049250e-16,0.000000000000e+00,2.220446049250e-16,4.599117762562e-01,9.193324061196e-01,4.345761797557e-01,9.359331476323e-01
logreg,iid,fullbatch,fedavg,2,5.000000000000e-01,36,16,5.818507472245e-03,1.463863763424e-01,1.854957431076e-01,1.761900978903e-02,3.822301135773e-03,1.522252503286e+00,3.302403223515e-01,1.497425826884e-01,5,5,1,3.857268646538e-01,1.267992547959e-01,1.577439788861e-02,1.332806072457e-02,1.135141231098e-02,9.591003958357e-03,6.946014685636e-03,5.868807556246e-03,3.536332033357e-03,2.987907900869e-03,2.220446049250e-16,1.110223024625e-16,2.220446049250e-16,0.000000000000e+00,2.220446049250e-16,4.530530884856e-01,9.200278164117e-01,4.277603959144e-01,9.359331476323e-01
logreg,iid,fullbatch,fedavg,2,5.000000000000e-01,37,16,5.790047486440e-03,1.456569579637e-01,1.845448427752e-01,1.734678403597e-02,3.730405081654e-03,1.552122989247e+00,3.337821854722e-01,1.481394896362e-01,5,5,1,3.813760790816e-01,1.284617246515e-01,1.578962192411e-02,1.323299618151e-02,1.135008558259e-02,9.512301174538e-03,6.869593626513e-03,5.757282008722e-03,3.528525521962e-03,2.957193337682e-03,2.220446049250e-16,1.110223024625e-16,2.220446049250e-16,0.000000000000e+00,2.220446049250e-16,4.465077511570e-01,9.214186369958e-01,4.212587125894e-01,9.359331476323e-01
logreg,iid,fullbatch,fedavg,2,5.000000000000e-01,38,16,5.762642103849e-03,1.449545635210e-01,1.836331119967e-01,1.708773335976e-02,3.643093245157e-03,1.581799233799e+00,3.372385314379e-01,1.466101380119e-01,5,5,1,3.772358528853e-01,1.300766249865e-01,1.580335238417e-02,1.308742058578e-02,1.134783400307e-02,9.397618475218e-03,6.790640642278e-03,5.623615038884e-03,3.521092740254e-03,2.915964948007e-03,4.440892098501e-16,1.110223024625e-16,2.220446049250e-16,0.000000000000e+00,2.220446049250e-16,4.402532285571e-01,9.221140472879e-01,4.150483570886e-01,9.359331476323e-01
logreg,iid,fullbatch,fedavg,2,5.000000000000e-01,39,16,5.736212918233e-03,1.442771779021e-01,1.827578447814e-01,1.684082278524e-02,3.560031356823e-03,1.611281571225e+00,3.406135787653e-01,1.451501700264e-01,5,5,1,3.732892137377e-01,1.316435231824e-01,1.581561344357e-02,1.293148471471e-02,1.134468683972e-02,9.275874437909e-03,6.713509684428e-03,5.489236833969e-03,3.513999239328e-03,2.873187790851e-03,4.440892098501e-16,1.110223024625e-16,2.220446049250e-16,0.000000000000e+00,2.220446049250e-16,4.342691328563e-01,9.235048678720e-01,4.091087434762e-01,9.359331476323e-01
logreg,iid,fullbatch,fedavg,2,5.000000000000e-01,40,16,5.710689339671e-03,1.436229858422e-01,1.819165740781e-01,1.660512546304e-02,3.480916648769e-03,1.640570549625e+00,3.439112430908e-01,1.437555583586e-01,5,5,1,3.695209087745e-01,1.331624289249e-01,1.582643148664e-02,1.278198171063e-02,1.134067368641e-02,9.159126223003e-03,6.638111839203e-03,5.361172175384e-03,3.507214036388e-03,2.832549188755e-03,3.330669073875e-16,1.110223024625e-16,2.220446049250e-16,0.000000000000e+00,2.220446049250e-16,4.285369745619e-01,9.235048678720e-01,4.034212173922e-01,9.359331476323e-01
logreg,iid,fullbatch,fedavg,2,5.000000000000e-01,41,16,5.686007677796e-03,1.429903486500e-01,1.811070467102e-01,1.637980892705e-02,3.405474263432e-03,1.669666906267e+00,3.471351651975e-01,1.424225735141e-01,5,5,1,3.659172009934e-01,1.346337105338e-01,1.583583474629e-02,1.263842356066e-02,1.133582425325e-02,9.047009558834e-03,6.564364157541e-03,5.238954305762e-03,3.500709229083e-03,2.793881516743e-03,2.220446049250e-16,1.110223024625e-16,2.220446049250e-16,0.000000000000e+00,2.220446049250e-16,4.230399466882e-01,9.242002781641e-01,3.979688354225e-01,9.359331476323e-01
logreg,iid,fullbatch,fedavg,2,5.000000000000e-01,42,16,5.662110345824e-03,1.423777839832e-01,1.803272013083e-01,1.616412337981e-02,3.333454136942e-03,1.698571545676e+00,3.502887359110e-01,1.411477551791e-01,5,5,1,3.624656930989e-01,1.360580239653e-01,1.584385298075e-02,1.250037131853e-02,1.133016819357e-02,8.939196147118e-03,6.492189240087e-03,5.122161652841e-03,3.494459657421e-03,2.757034120959e-03,4.440892098501e-16,1.110223024625e-16,2.220446049250e-16,0.000000000000e+00,4.440892098501e-16,4.177627374992e-01,9.248956884562e-01,3.927361737391e-01,9.359331476323e-01
logreg,iid,fullbatch,fedavg,2,5.000000000000e-01,43,16,5.638945167938e-03,1.417839482367e-01,1.795751488425e-01,1.595739166802e-02,3.264628286443e-03,1.727285520179e+00,3.533751182682e-01,1.399278870036e-01,5,5,1,3.591551746709e-01,1.374362527652e-01,1.585051718549e-02,1.236742922420e-02,1.132373496194e-02,8.835389347656e-03,6.421514842678e-03,5.010412556236e-03,3.488442606827e-03,2.721871251124e-03,4.440892098501e-16,1.110223024625e-16,2.220446049250e-16,0.000000000000e+00,2.220446049250e-16,4.126913675461e-01,9.248956884562e-01,3.877091616262e-01,9.387186629526e-01
logreg,iid,fullbatch,fedavg,2,5.000000000000e-01,44,16,5.616464775291e-03,1.412076211701e-01,1.788491554124e-01,1.575900067284e-02,3.198788442320e-03,1.755810012624e+00,3.563972673072e-01,1.387599743400e-01,5,5,1,3.559754892146e-01,1.387694574527e-01,1.585585933735e-02,1.223923963460e-02,1.131655369834e-02,8.735320464497e-03,6.352273503999e-03,4.903360706334e-03,3.482637546845e-03,2.688270284781e-03,2.220446049250e-16,1.110223024625e-16,2.220446049250e-16,0.000000000000e+00,4.440892098501e-16,4.078130474348e-01,9.242002781641e-01,3.828749362336e-01,9.387186629526e-01
logreg,iid,fullbatch,fedavg,2,5.000000000000e-01,45,16,5.594626078158e-03,1.406476924636e-01,1.781476270046e-01,1.556839388925e-02,3.135743975834e-03,1.784146321024e+00,3.593579477728e-01,1.376412245350e-01,5,5,1,3.529174182007e-01,1.400588330011e-01,1.585991216798e-02,1.211547863919e-02,1.130865313397e-02,8.638745538536e-03,6.284402196122e-03,4.800691186735e-03,3.477025900786e-03,2.656120196803e-03,4.440892098501e-16,1.110223024625e-16,2.220446049250e-16,0.000000000000e+00,4.440892098501e-16,4.031160533355e-01,9.248956884562e-01,3.782217154970e-01,9.387186629526e-01
logreg,iid,fullbatch,fedavg,2,5.000000000000e-01,46,16,5.573389803665e-03,1.401031499330e-01,1.774690959669e-01,1.538506500856e-02,3.075320080544e-03,1.812295844886e+00,3.622597499955e-01,1.365690294306e-01,5,5,1,3.499725796708e-01,1.413056732522e-01,1.586270896375e-02,1.199585225629e-02,1.130006151548e-02,8.545442568247e-03,6.217841997996e-03,4.702117030031e-03,3.471590842283e-03,2.625320235873e-03,2.220446049250e-16,1.110223024625e-16,2.220446049250e-16,0.000000000000e+00,4.440892098501e-16,3.985896177277e-01,9.248956884562e-01,3.737386866543e-01,9.387186629526e-01
logreg,iid,fullbatch,fedavg,2,5.000000000000e-01,47,16,5.552720090111e-03,1.395730691792e-01,1.768122089832e-01,1.520855235062e-02,3.017356172363e-03,1.840260073030e+00,3.651051041611e-01,1.355409497867e-01,5,5,1,3.471333393565e-01,1.425113412562e-01,1.586428338971e-02,1.188009312310e-02,1.129080654438e-02,8.455209093733e-03,6.152537791436e-03,4.607376211716e-03,3.466317115305e-03,2.595778776288e-03,4.440892098501e-16,1.110223024625e-16,2.220446049250e-16,0.000000000000e+00,2.220446049250e-16,3.942238332642e-01,9.242002781641e-01,3.694159081892e-01,9.387186629526e-01
logreg,iid,fullbatch,fedavg,2,5.000000000000e-01,48,16,5.532584130230e-03,1.390566044776e-01,1.761757163641e-01,1.503843401815e-02,2.961704478520e-03,1.868040572702e+00,3.678962931614e-01,1.345547013737e-01,5,5,1,3.443927325844e-01,1.436772446617e-01,1.586466933479e-02,1.176795760739e-02,1.128091532955e-02,8.367860090195e-03,6.088437978855e-03,4.516229019238e-03,3.461190874641e-03,2.567412318802e-03,4.440892098501e-16,1.110223024625e-16,2.220446049250e-16,0.000000000000e+00,2.220446049250e-16,3.900095679667e-01,9.242002781641e-01,3.652442233711e-01,9.387186629526e-01
logreg,iid,fullbatch,fedavg,2,5.000000000000e-01,49,16,5.512951856854e-03,1.385529807440e-01,1.755584624926e-01,1.487432366700e-02,2.908228790146e-03,1.895638979827e+00,3.706354641917e-01,1.336081425235e-01,5,5,1,3.417443954956e-01,1.448048154052e-01,1.586390077642e-02,1.165922328000e-02,1.127041435040e-02,8.283226125869e-03,6.025494221753e-03,4.428455743256e-03,3.452640786751e-03,2.537529098657e-03,3.330669073875e-16,1.110223024625e-16,2.220446049250e-16,0.000000000000e+00,2.220446049250e-16,3.859383902352e-01,9.255910987483e-01,3.612151838352e-01,9.387186629526e-01
logreg,iid,fullbatch,fedavg,2,5.000000000000e-01,50,16,5.493795665420e-03,1.380614864346e-01,1.749593772846e-01,1.471586680339e-02,2.856803356984e-03,1.923056990251e+00,3.733246392360e-01,1.326992629572e-01,5,5,1,3.391825043353e-01,1.458954930501e-01,1.586201166212e-02,1.155368669743e-02,1.125932942928e-02,8.201151746710e-03,5.963661198850e-03,4.343854646488e-03,3.439244342374e-03,2.505101651300e-03,2.220446049250e-16,1.110223024625e-16,2.220446049250e-16,0.000000000000e+00,2.220446049250e-16,3.820025023793e-01,9.255910987483e-01,3.573209818794e-01,9.387186629526e-01
logreg,iid,fullbatch,fedavg,0,8.000000000000e-01,1,16,6.873638589987e-03,1.734335608292e-01,2.221473095100e-01,2.203611448191e-01,2.947611552256e-02,2.331935015225e-01,3.119260700715e-02,1.713599821455e-01,4,4,1,6.127414509727e-01,8.622155489168e-02,1.944739902583e-02,1.894031529688e-01,1.507233610361e-02,1.467933052044e-01,4.966057265456e-03,4.836569161006e-02,2.889312390617e-03,2.813974639837e-02,4.163336342344e-17,1.387778780781e-17,1.387778780781e-17,0.000000000000e+00,2.775557561563e-17,2.061731987378e+00,4.666203059805e-01,2.058878331139e+00,4.735376044568e-01
logreg,iid,fullbatch,fedavg,0,8.000000000000e-01,2,16,6.621425472615e-03,1.668795231985e-01,2.241269790334e-01,1.208830383027e-01,2.499655737047e-02,2.648934961114e-01,5.477547194038e-02,1.652811840043e-01,4,4,1,5.596086353291e-01,1.194170436148e-01,1.788948098504e-02,9.358466255467e-02,1.715846493719e-02,8.976052197631e-02,5.230927825141e-03,2.736438333638e-02,3.199934980406e-03,1.673971623820e-02,2.775557561563e-17,2.775557561563e-17,2.775557561563e-17,0.000000000000e+00,2.775557561563e-17,1.838655135947e+00,5.737134909597e-01,1.838662683226e+00,5.738161559889e-01
logreg,iid,fullbatch,fedavg,0,8.000000000000e-01,3,16,6.340309927956e-03,1.596778850436e-01,2.195153115773e-01,8.301645542682e-02,2.229337731249e-02,2.844032933675e-01,7.637413444549e-02,1.597429998215e-01,4,4,1,5.078866088767e-01,1.296704219986e-01,1.609022302141e-02,5.856609065102e-02,1.576043313188e-02,5.736570302802e-02,5.169656360956e-03,1.881680338846e-02,3.252949395290e-03,1.184026653417e-02,5.551115123126e-17,2.775557561563e-17,5.551115123126e-17,0.000000000000e+00,5.551115123126e-17,1.650365405696e+00,6.342141863700e-01,1.653088354893e+00,6.267409470752e-01
logreg,iid,fullbatch,fedavg,0,8.000000000000e-01,4,16,6.084982456000e-03,1.531406995083e-01,2.139967449392e-01,6.350389738589e-02,1.990430431008e-02,3.057118883033e-01,9.582061426914e-02,1.515448590546e-01,4,4,1,4.633097226085e-01,1.317635002242e-01,1.578105442766e-02,4.516903529959e-02,1.183140259548e-02,3.386421635695e-02,5.015232923759e-03,1.435475899328e-02,3.248774543541e-03,9.298745702340e-03,1.110223024625e-16,2.775557561563e-17,5.551115123126e-17,0.000000000000e+00,1.110223024625e-16,1.494838361307e+00,6.648122392211e-01,1.500001971846e+00,6.740947075209e-01
logreg,iid,fullbatch,fedavg,0,8.000000000000e-01,5,16,5.861514904291e-03,1.474162837498e-01,2.086137628037e-01,5.173544222544e-02,1.783977729564e-02,3.285643540922e-01,1.132978602705e-01,1.435860875541e-01,4,4,1,4.260029043074e-01,1.343614118435e-01,1.566014411204e-02,3.767826198148e-02,1.549667904954e-02,3.728496550824e-02,4.816998220572e-03,1.158968395313e-02,3.222576914773e-03,7.753510847767e-03,8.326672684689e-17,5.551115123126e-17,5.551115123126e-17,0.000000000000e+00,1.110223024625e-16,1.366351953955e+00,6.995827538248e-01,1.373571033613e+00,6.991643454039e-01
logreg,iid,fullbatch,fedavg,0,8.000000000000e-01,6,16,5.667229675599e-03,1.424376036958e-01,2.036515930883e-01,4.391088800013e-02,1.608472312729e-02,3.523361658607e-01,1.290620603159e-01,1.369882039526e-01,4,4,1,3.949779872910e-01,1.309125718445e-01,1.551523025186e-02,3.270258815394e-02,1.415677255031e-02,2.983926727393e-02,4.600620949299e-03,9.697066025771e-03,3.185450176840e-03,6.714206848823e-03,1.110223024625e-16,5.551115123126e-17,5.551115123126e-17,0.000000000000e+00,1.110223024625e-16,1.259481775054e+00,7.253129346314e-01,1.268361230480e+00,7.186629526462e-01
logreg,iid,fullbatch,fedavg,0,8.000000000000e-01,7,16,5.497734887893e-03,1.380928786420e-01,1.991834005023e-01,3.834861220020e-02,1.460114693295e-02,3.765276052037e-01,1.433620298746e-01,1.315770614255e-01,4,4,1,3.690045992425e-01,1.276242415321e-01,1.535335944421e-02,2.914328745041e-02,1.298576904289e-02,2.464919820037e-02,4.380850591900e-03,8.315599497361e-03,3.142488558458e-03,5.964977743248e-03,1.110223024625e-16,5.551115123126e-17,1.110223024625e-16,0.000000000000e+00,1.110223024625e-16,1.169768378468e+00,7.503477051460e-01,1.179960384451e+00,7.325905292479e-01
logreg,iid,fullbatch,fedavg,0,8.000000000000e-01,8,16,5.348891208856e-03,1.342757996923e-01,1.952063431151e-01,3.419675878462e-02,1.334515179378e-02,4.008115674898e-01,1.564151515804e-01,1.271436043990e-01,4,4,1,3.461835418308e-01,1.267751913659e-01,1.517964401256e-02,2.645680850568e-02,1.197421529098e-02,2.087002308466e-02,4.166005642910e-03,7.260988033503e-03,3.096642597588e-03,5.397180602333e-03,1.110223024625e-16,5.551115123126e-17,1.110223024625e-16,0.000000000000e+00,1.110223024625e-16,1.093709927247e+00,7.642559109875e-01,1.104929280838e+00,7.493036211699e-01
logreg,iid,fullbatch,fedavg,0,8.000000000000e-01,9,16,5.217260277111e-03,1.308978313365e-01,1.916860799926e-01,3.098070118850e-02,1.227593225957e-02,4.249991093789e-01,1.684035569553e-01,1.234950323813e-01,4,4,1,3.266604791157e-01,1.260929143174e-01,1.499820761425e-02,2.434568421990e-02,1.110285761528e-02,1.802259792585e-02,4.112885725096e-03,6.676198894630e-03,3.049778324130e-03,4.950520884202e-03,1.665334536938e-16,5.551115123126e-17,1.110223024625e-16,0.000000000000e+00,1.110223024625e-16,1.028597800611e+00,7.830319888734e-01,1.040618063158e+00,7.715877437326e-01
logreg,iid,fullbatch,fedavg,0,8.000000000000e-01,10,16,5.100075304309e-03,1.278878613556e-01,1.885755136500e-01,2.841624716955e-02,1.135894112487e-02,4.489921418063e-01,1.794774402784e-01,1.204717356440e-01,4,4,1,3.097687822220e-01,1.255938070791e-01,1.481238646534e-02,2.263432222587e-02,1.035068636591e-02,1.581654455297e-02,4.106060617486e-03,6.274336637962e-03,3.003092442596e-03,4.588927123853e-03,2.220446049250e-16,5.551115123126e-17,1.110223024625e-16,0.000000000000e+00,1.110223024625e-16,9.723406644566e-01,7.962447844228e-01,9.849846665114e-01,7.883008356546e-01
logreg,iid,fullbatch,fedavg,0,8.000000000000e-01,11,16,4.995109304993e-03,1.251888772301e-01,1.858243484347e-01,2.632326620763e-02,1.056616185178e-02,4.727458631682e-01,1.897602396903e-01,1.179475294636e-01,4,4,1,2.950065566784e-01,1.252950533589e-01,1.462483646692e-02,2.096428229015e-02,9.698439047298e-03,1.390243333122e-02,4.101916984150e-03,5.879979976597e-03,2.957342571649e-03,4.239265487923e-03,1.665334536938e-16,5.551115123126e-17,1.110223024625e-16,0.000000000000e+00,1.665334536938e-16,9.233164325929e-01,8.087621696801e-01,9.364466008829e-01,8.022284122563e-01
logreg,iid,fullbatch,fedavg,0,8.000000000000e-01,12,16,4.900552528543e-03,1.227547438590e-01,1.833841541519e-01,2.458220129471e-02,9.875281077411e-03,4.962443590343e-01,1.993536896794e-01,1.158242777870e-01,4,4,1,2.819925950548e-01,1.252021175495e-01,1.443763924837e-02,1.954041150934e-02,9.129674914120e-03,1.235642487664e-02,4.099690722415e-03,5.548666398913e-03,2.912994819431e-03,3.942550199314e-03,1.110223024625e-16,5.551115123126e-17,1.110223024625e-16,0.000000000000e+00,2.220446049250e-16,8.802573920122e-01,8.171070931850e-01,8.937674773623e-01,8.105849582173e-01
logreg,iid,fullbatch,fedavg,0,8.000000000000e-01,13,16,4.814919039397e-03,1.205477141684e-01,1.812108047101e-01,2.311063605688e-02,9.268614115348e-03,5.194864064331e-01,2.083421255713e-01,1.140257821088e-01,4,4,1,2.704328882979e-01,1.253073504739e-01,1.425240252299e-02,1.831789184289e-02,8.630790546196e-03,1.109271840230e-02,4.098699175768e-03,5.267850671290e-03,2.870320627516e-03,3.689077874725e-03,2.220446049250e-16,5.551115123126e-17,1.110223024625e-16,0.000000000000e+00,1.110223024625e-16,8.421638805451e-01,8.310152990264e-01,8.559722593466e-01,8.161559888579e-01
logreg,iid,fullbatch,fedavg,0,8.000000000000e-01,14,16,4.736978262515e-03,1.185366052822e-01,1.792653728284e-01,2.184993811225e-02,8.732114640229e-03,5.424777911976e-01,2.167959578732e-01,1.119942023758e-01,4,4,1,2.600968637371e-01,1.255929633771e-01,1.407034694916e-02,1.725603175080e-02,8.190663267113e-03,1.004512155301e-02,4.098375665294e-03,5.026294011267e-03,2.829460435502e-03,3.470082101675e-03,2.220446049250e-16,1.110223024625e-16,2.220446049250e-16,0.000000000000e+00,1.110223024625e-16,8.082401659370e-01,8.421418636996e-01,8.222845025266e-01,8.300835654596e-01
logreg,iid,fullbatch,fedavg,0,8.000000000000e-01,15,16,4.665704220513e-03,1.166954571668e-01,1.775141763709e-01,2.075727446137e-02,8.254561648253e-03,5.652273760049e-01,2.247744148296e-01,1.097070679162e-01,4,4,1,2.508008302025e-01,1.260349423446e-01,1.389237838682e-02,1.632465882046e-02,7.800219040700e-03,9.165882976889e-03,4.098271661012e-03,4.815797896999e-03,2.790466056011e-03,3.279021420671e-03,2.220446049250e-16,5.551115123126e-17,1.665334536938e-16,0.000000000000e+00,2.220446049250e-16,7.778468886872e-01,8.497913769124e-01,7.920798985957e-01,8.328690807799e-01
logreg,iid,fullbatch,fedavg,0,8.000000000000e-01,16,16,4.600236873579e-03,1.150025229288e-01,1.759284067878e-01,1.980063954109e-02,7.826923919811e-03,5.877451883665e-01,2.323276914381e-01,1.076890241790e-01,4,4,1,2.423963861233e-01,1.266064713298e-01,1.371914757367e-02,1.550087503797e-02,7.658124704723e-03,8.652697511684e-03,4.098044392876e-03,4.630263920766e-03,2.753329550556e-03,3.110908828142e-03,2.220446049250e-16,1.110223024625e-16,2.220446049250e-16,0.000000000000e+00,2.220446049250e-16,7.504656569741e-01,8.581363004172e-01,7.648517483886e-01,8.551532033426e-01
logreg,iid,fullbatch,fedavg,0,8.000000000000e-01,17,16,4.539851912892e-03,1.134394889846e-01,1.744835882496e-01,1.895564848642e-02,7.441873397990e-03,6.100415406312e-01,2.394986336735e-01,1.059007848324e-01,4,4,1,2.347621746742e-01,1.272804466897e-01,1.355109964825e-02,1.476695128866e-02,7.448693746459e-03,8.117016373081e-03,4.097439665831e-03,4.465076157960e-03,2.718003412768e-03,2.961872101939e-03,2.220446049250e-16,1.110223024625e-16,1.110223024625e-16,0.000000000000e+00,2.220446049250e-16,7.256725144331e-01,8.636995827538e-01,7.401851308149e-01,8.635097493036e-01
logreg,iid,fullbatch,fedavg,0,8.000000000000e-01,18,16,4.483936701923e-03,1.119908599087e-01,1.731590007251e-01,1.820340502590e-02,7.093415051070e-03,6.321266512167e-01,2.463240638520e-01,1.043092305806e-01,4,4,1,2.277979039428e-01,1.280311102486e-01,1.338851543721e-02,1.410891958860e-02,7.250826405079e-03,7.640976117180e-03,4.096274634016e-03,4.316685423057e-03,2.684414939506e-03,2.828856918572e-03,3.330669073875e-16,1.110223024625e-16,1.110223024625e-16,0.000000000000e+00,2.220446049250e-16,7.031178969761e-01,8.685674547983e-01,7.177374207991e-01,8.635097493036e-01
logreg,iid,fullbatch,fedavg,0,8.000000000000e-01,19,16,4.431970871999e-03,1.106434658285e-01,1.719371322357e-01,1.752904591422e-02,6.776605122263e-03,6.540104952314e-01,2.528358299526e-01,1.028864167608e-01,4,4,1,2.214199233245e-01,1.288349808422e-01,1.323154587385e-02,1.351560675456e-02,7.063715310084e-03,7.215362382255e-03,4.094422516744e-03,4.182323452673e-03,2.652476538027e-03,2.709421117946e-03,3.330669073875e-16,1.110223024625e-16,2.220446049250e-16,0.000000000000e+00,2.220446049250e-16,6.825113598561e-01,8.727399165508e-01,6.972234655156e-01,8.718662952646e-01
logreg,iid,fullbatch,fedavg,0,8.000000000000e-01,20,16,4.383510551773e-03,1.093860640236e-01,1.708031877905e-01,1.692072401759e-02,6.487335653490e-03,6.757027516242e-01,2.590616422333e-01,1.016087388954e-01,4,4,1,2.155578908539e-01,1.267454745851e-01,1.308024055422e-02,1.297795538406e-02,6.886565760426e-03,6.832714032876e-03,4.091799839650e-03,4.059802687830e-03,2.622093084186e-03,2.601588779531e-03,3.330669073875e-16,1.110223024625e-16,2.220446049250e-16,0.000000000000e+00,2.220446049250e-16,6.636098364208e-01,8.762169680111e-01,6.784042019691e-01,8.802228412256e-01
logreg,iid,fullbatch,fedavg,0,8.000000000000e-01,21,16,4.338175491642e-03,1.082090146550e-01,1.697446627637e-01,1.636888328948e-02,6.222168585945e-03,6.972127854975e-01,2.650257451850e-01,1.004562315768e-01,4,4,1,2.101522216130e-01,1.238526236482e-01,1.293457124041e-02,1.248853658432e-02,6.718619456361e-03,6.486935153652e-03,4.088356144737e-03,3.947373618673e-03,2.593167092974e-03,2.503744539182e-03,2.220446049250e-16,1.110223024625e-16,2.220446049250e-16,0.000000000000e+00,2.220446049250e-16,6.462085327799e-01,8.776077885953e-01,6.610778373060e-01,8.857938718663e-01
logreg,iid,fullbatch,fedavg,0,8.000000000000e-01,22,16,4.295638521409e-03,1.071040157113e-01,1.687509788773e-01,1.586573248208e-02,5.978207050759e-03,7.185496395383e-01,2.707494612216e-01,9.941198047610e-02,4,4,1,2.051521066622e-01,1.210092298599e-01,1.279445101896e-02,1.204119359552e-02,6.559167039030e-03,6.173004220759e-03,4.084065863281e-03,3.843621554669e-03,2.557222018949e-03,2.406668746574e-03,2.220446049250e-16,1.110223024625e-16,1.110223024625e-16,0.000000000000e+00,1.110223024625e-16,6.301338065858e-01,8.831710709318e-01,6.450729540063e-01,8.885793871866e-01
logreg,iid,fullbatch,fedavg,0,8.000000000000e-01,23,16,4.255616899969e-03,1.060638856849e-01,1.678131768135e-01,1.540485694836e-02,5.752994713251e-03,7.397220251510e-01,2.762516337695e-01,9.846163020055e-02,4,4,1,2.005139562541e-01,1.182145572665e-01,1.265974975680e-02,1.163077662117e-02,6.407553493221e-03,5.886753277079e-03,4.078921982185e-03,3.747390852215e-03,2.516002781134e-03,2.311504325738e-03,3.330669073875e-16,1.110223024625e-16,1.110223024625e-16,0.000000000000e+00,1.110223024625e-16,6.152375521337e-01,8.873435326843e-01,6.302430736291e-01,8.941504178273e-01
logreg,iid,fullbatch,fedavg,0,8.000000000000e-01,24,16,4.217865203756e-03,1.050823849194e-01,1.669236581509e-01,1.498092815227e-02,5.544436426847e-03,7.607383111713e-01,2.815489908825e-01,9.759297303878e-02,4,4,1,1.962001635698e-01,1.154677088222e-01,1.253030644090e-02,1.125294241817e-02,6.263179127404e-03,5.624698358955e-03,4.072931152373e-03,3.657728559711e-03,2.476335431249e-03,2.223892938879e-03,2.220446049250e-16,1.110223024625e-16,2.220446049250e-16,0.000000000000e+00,2.220446049250e-16,6.013927387138e-01,8.887343532684e-01,6.164623354823e-01,8.969359331476e-01
logreg,iid,fullbatch,fedavg,0,8.000000000000e-01,25,16,4.182169468392e-03,1.041540683804e-01,1.660759693575e-01,1.458948344725e-02,5.350735197647e-03,7.816065108644e-01,2.866564456181e-01,9.679560565593e-02,4,4,1,1.921781138960e-01,1.127677441869e-01,1.240593892797e-02,1.090400067076e-02,6.125497921986e-03,5.383907968425e-03,4.066109935527e-03,3.573841989857e-03,2.438136715489e-03,2.142961087868e-03,2.220446049250e-16,1.110223024625e-16,1.110223024625e-16,0.000000000000e+00,2.220446049250e-16,5.884898391469e-01,8.901251738526e-01,6.036220348778e-01,8.969359331476e-01
logreg,iid,fullbatch,fedavg,0,8.000000000000e-01,26,16,4.148342351825e-03,1.032741640131e-01,1.652646212037e-01,1.422675713634e-02,5.170341731212e-03,8.023342686970e-01,2.915873457367e-01,9.606064264198e-02,4,4,1,1.884193839741e-01,1.101137477155e-01,1.228645156804e-02,1.058079470450e-02,5.994014410549e-03,5.161900128987e-03,4.058481939258e-03,3.495066413067e-03,2.401327614218e-03,2.067965218728e-03,3.330669073875e-16,1.110223024625e-16,2.220446049250e-16,0.000000000000e+00,2.220446049250e-16,5.764339508609e-01,8.929068150209e-01,5.916278296253e-01,8.997214484680e-01
logreg,iid,fullbatch,fedavg,0,8.000000000000e-01,27,16,4.116219130713e-03,1.024384719657e-01,1.644849377977e-01,1.388954945926e-02,5.001913760977e-03,8.229288483193e-01,2.963536825141e-01,9.538047747823e-02,4,4,1,1.848990902116e-01,1.075048651729e-01,1.217164110151e-02,1.028060777824e-02,5.868279838827e-03,4.956561145105e-03,4.050075640592e-03,3.420840196147e-03,2.365833666416e-03,1.998268581050e-03,2.220446049250e-16,1.110223024625e-16,2.220446049250e-16,0.000000000000e+00,2.220446049250e-16,5.651424598066e-01,8.949930458971e-01,5.803974701537e-01,9.025069637883e-01
logreg,iid,fullbatch,fedavg,0,8.000000000000e-01,28,16,4.085654377165e-03,1.016432808557e-01,1.637329303013e-01,1.357512397248e-02,4.844283038777e-03,8.433971228479e-01,3.009662663448e-01,9.474858296648e-02,4,4,1,1.815953544781e-01,1.049403210549e-01,1.206130116785e-02,1.000108868612e-02,5.747888067167e-03,4.766080998861e-03,4.040922740144e-03,3.350685480408e-03,2.331585060544e-03,1.933322835175e-03,2.220446049250e-16,1.110223024625e-16,2.220446049250e-16,0.000000000000e+00,2.220446049250e-16,5.545431329321e-01,8.970792767733e-01,5.698589430660e-01,9.025069637883e-01
logreg,iid,fullbatch,fedavg,0,8.000000000000e-01,29,16,4.056519191740e-03,1.008852979799e-01,1.630051911746e-01,1.328112642342e-02,4.696428371141e-03,8.637455681571e-01,3.054348752065e-01,9.415934445772e-02,4,4,1,1.784888635339e-01,1.024194240993e-01,1.195522570753e-02,9.740192119006e-03,5.632471498667e-03,4.588901610388e-03,4.031056924052e-03,3.284193025163e-03,2.298516568359e-03,1.872653307619e-03,4.440892098501e-16,1.110223024625e-16,2.220446049250e-16,0.000000000000e+00,2.220446049250e-16,5.445725513022e-01,8.977746870654e-01,5.599489434795e-01,9.052924791086e-01
logreg,iid,fullbatch,fedavg,0,8.000000000000e-01,30,16,4.028698891969e-03,1.001615909567e-01,1.622988054872e-01,1.300552006452e-02,4.557453459509e-03,8.839802595380e-01,3.097683808093e-01,9.360792032726e-02,4,4,1,1.755625035651e-01,9.994156580303e-02,1.185321148843e-02,9.496130435594e-03,5.521697195728e-03,4.423675123628e-03,4.020512938402e-03,3.221010214684e-03,2.266567377517e-03,1.815847078993e-03,3.330669073875e-16,1.110223024625e-16,2.220446049250e-16,0.000000000000e+00,2.220446049250e-16,5.351748157469e-01,8.984700973574e-01,5.506116106281e-01,9.052924791086e-01
logreg,iid,fullbatch,fedavg,0,8.000000000000e-01,31,16,4.002091074687e-03,9.946953875843e-02,1.616112764252e-01,1.274653366168e-02,4.426568583198e-03,9.041068718278e-01,3.139748562952e-01,9.309012508439e-02,4,4,1,1.728010553692e-01,9.750621498558e-02,1.175505994455e-02,9.267334346199e-03,5.415263271052e-03,4.269230062819e-03,4.006328732538e-03,3.158468611844e-03,2.268558395782e-03,1.788462945893e-03,3.330669073875e-16,1.110223024625e-16,2.220446049250e-16,0.000000000000e+00,2.220446049250e-16,5.263004718885e-01,9.012517385257e-01,5.417974756288e-01,9.108635097493e-01
logreg,iid,fullbatch,fedavg,0,8.000000000000e-01,32,16,3.976603985805e-03,9.880679047937e-02,1.609404626174e-01,1.250261939244e-02,4.303075375974e-03,9.241306829084e-01,3.180616685981e-01,9.260233129529e-02,4,4,1,1.701909388214e-01,9.511291029871e-02,1.166057847816e-02,9.052420625277e-03,5.312895590739e-03,4.124543710730e-03,3.988571004266e-03,3.096434923193e-03,2.271427479902e-03,1.763370231280e-03,3.330669073875e-16,1.110223024625e-16,2.220446049250e-16,0.000000000000e+00,2.220446049250e-16,5.179056128024e-01,9.012517385257e-01,5.334625812833e-01,9.164345403900e-01
logreg,iid,fullbatch,fedavg,0,8.000000000000e-01,33,16,3.952155143607e-03,9.817123049072e-02,1.602845253146e-01,1.227241851281e-02,4.186354108303e-03,9.440565803472e-01,3.220355579857e-01,9.214138715652e-02,4,4,1,1.677199976163e-01,9.276125185799e-02,1.156958134618e-02,8.850165415893e-03,5.214344797420e-03,3.988719436931e-03,3.970679015344e-03,3.037375774259e-03,2.274067160812e-03,1.739550458900e-03,3.330669073875e-16,1.110223024625e-16,2.220446049250e-16,0.000000000000e+00,2.220446049250e-16,5.099511263122e-01,9.019471488178e-01,5.255677421862e-01,9.192200557103e-01
logreg,iid,fullbatch,fedavg,0,8.000000000000e-01,34,16,3.928670171688e-03,9.756094888423e-02,1.596418837957e-01,1.205473317421e-02,4.075853010942e-03,9.638890708623e-01,3.259027068384e-01,9.170454710261e-02,4,4,1,1.653773171018e-01,9.045089270655e-02,1.148189022672e-02,8.659482019053e-03,5.119383643804e-03,3.860967988441e-03,3.952652205140e-03,2.981035354121e-03,2.276473983820e-03,1.716885037261e-03,2.220446049250e-16,1.110223024625e-16,2.220446049250e-16,0.000000000000e+00,3.330669073875e-16,5.024020606819e-01,9.026425591099e-01,5.180779198960e-01,9.164345403900e-01
logreg,iid,fullbatch,fedavg,0,8.000000000000e-01,35,16,3.906081805796e-03,9.697421630893e-02,1.590111776557e-01,1.184850314471e-02,3.971079270756e-03,9.836322922490e-01,3.296687993486e-01,9.128941328293e-02,4,4,1,1.631530694429e-01,8.818153052903e-02,1.139733454117e-02,8.479402306925e-03,5.027804617278e-03,3.740591970562e-03,3.934491747861e-03,2.927187780869e-03,2.278646457214e-03,1.695270061273e-03,2.220446049250e-16,1.110223024625e-16,2.220446049250e-16,0.000000000000e+00,2.220446049250e-16,4.952270877151e-01,9.026425591099e-01,5.109616929581e-01,9.164345403900e-01
logreg,iid,fullbatch,fedavg,0,8.000000000000e-01,36,16,3.884329045356e-03,9.640946246770e-02,1.583912348595e-01,1.165278646836e-02,3.871591403645e-03,1.003290027377e+00,3.333390735256e-01,9.089388611541e-02,4,4,1,1.610383814661e-01,8.595289984897e-02,1.131575159167e-02,8.309061084469e-03,4.939417831526e-03,3.626972910407e-03,3.916200272911e-03,2.875632875380e-03,2.280584658681e-03,1.674614106167e-03,2.220446049250e-16,1.110223024625e-16,2.220446049250e-16,0.000000000000e+00,2.220446049250e-16,4.883980463871e-01,9.047287899861e-01,5.041908055079e-01,9.164345403900e-01
logreg,iid,fullbatch,fedavg,0,8.000000000000e-01,37,16,3.863356425803e-03,9.586525767279e-02,1.577810446348e-01,1.146674330689e-02,3.776992767240e-03,1.022865719869e+00,3.369183666544e-01,9.051612243187e-02,4,4,1,1.590252214101e-01,8.376476482767e-02,1.123698656009e-02,8.147682865273e-03,4.854049159459e-03,3.519560422380e-03,3.897781624169e-03,2.826192625753e-03,2.282289912468e-03,1.654836402443e-03,4.440892098501e-16,1.110223024625e-16,2.220446049250e-16,0.000000000000e+00,2.220446049250e-16,4.818895533626e-01,9.054242002782e-01,4.977397812797e-01,9.192200557103e-01
logreg,iid,fullbatch,fedavg,0,8.000000000000e-01,38,16,3.843113392106e-03,9.534029696628e-02,1.571797344356e-01,1.128962236936e-02,3.686926021409e-03,1.042362491081e+00,3.404111551627e-01,9.015449998253e-02,4,4,1,1.571063015094e-01,8.161691271256e-02,1.116089240515e-02,7.994570635984e-03,4.771538582033e-03,3.417863092988e-03,3.879240652269e-03,2.778708214608e-03,2.283433331341e-03,1.635628083964e-03,3.330669073875e-16,1.110223024625e-16,2.220446049250e-16,0.000000000000e+00,2.220446049250e-16,4.756786693158e-01,9.061196105702e-01,4.915855923002e-01,9.220055710306e-01
logreg,iid,fullbatch,fedavg,0,8.000000000000e-01,39,16,3.823553757364e-03,9.483338639861e-02,1.565865503344e-01,1.112074945843e-02,3.601068380563e-03,1.061783158021e+00,3.438215896918e-01,8.980758727605e-02,4,4,1,1.552749938861e-01,7.950914794065e-02,1.108732968546e-02,7.849096267851e-03,4.691738728808e-03,3.321440778866e-03,3.860583034991e-03,2.733037507797e-03,2.283973842789e-03,1.616902452970e-03,4.440892098501e-16,1.110223024625e-16,2.220446049250e-16,0.000000000000e+00,2.220446049250e-16,4.697446120001e-01,9.068150208623e-01,4.857073734975e-01,9.220055710306e-01
logreg,iid,fullbatch,fedavg,0,8.000000000000e-01,40,16,3.804635233170e-03,9.434343112879e-02,1.560008403077e-01,1.095951775733e-02,3.519127530232e-03,1.081130251884e+00,3.471535260413e-01,8.947411790356e-02,4,4,1,1.535252576794e-01,7.744128687832e-02,1.101616633048e-02,7.710692299636e-03,4.618294932905e-03,3.232544799009e-03,3.841815121748e-03,2.689052923424e-03,2.284311804662e-03,1.598888843340e-03,4.440892098501e-16,1.110223024625e-16,2.220446049250e-16,0.000000000000e+00,2.220446049250e-16,4.640685086471e-01,9.075104311544e-01,4.800861760192e-01,9.220055710306e-01
logreg,iid,fullbatch,fedavg,0,8.000000000000e-01,41,16,3.786319020748e-03,9.386942506765e-02,1.554220399690e-01,1.080537955606e-02,3.440838103235e-03,1.100406036886e+00,3.504105525496e-01,8.891640625220e-02,4,4,1,1.518515756939e-01,7.541315316560e-02,1.094727737600e-02,7.578844867900e-03,4.585183649006e-03,3.174341379423e-03,3.822943798813e-03,2.646639615932e-03,2.284451608701e-03,1.581535185043e-03,4.440892098501e-16,1.110223024625e-16,2.220446049250e-16,0.000000000000e+00,2.220446049250e-16,4.586331815786e-01,9.082058414465e-01,4.747047533117e-01,9.220055710306e-01
logreg,iid,fullbatch,fedavg,0,8.000000000000e-01,42,16,3.768569453725e-03,9.341044183256e-02,1.548496603723e-01,1.065783917347e-02,3.365958629059e-03,1.119612529159e+00,3.535960143878e-01,8.819481071089e-02,4,4,1,1.502488991455e-01,7.342457362662e-02,1.088054467699e-02,7.453087601664e-03,4.552980713497e-03,3.118756010270e-03,3.803976372447e-03,2.605693922517e-03,2.284397797579e-03,1.564794539965e-03,3.330669073875e-16,1.110223024625e-16,2.220446049250e-16,0.000000000000e+00,2.220446049250e-16,4.534229619732e-01,9.102920723227e-01,4.695473750286e-01,9.220055710306e-01
logreg,iid,fullbatch,fedavg,0,8.000000000000e-01,43,16,3.751353684940e-03,9.296562682053e-02,1.542832775740e-01,1.051644687769e-02,3.294268884894e-03,1.138751515440e+00,3.567130351695e-01,8.750030080214e-02,4,4,1,1.487125993172e-01,7.147537470544e-02,1.081585660753e-02,7.332996331158e-03,4.521650329202e-03,3.065614354738e-03,3.784920467571e-03,2.566122028939e-03,2.282051860869e-03,1.547198574324e-03,2.220446049250e-16,1.110223024625e-16,2.220446049250e-16,0.000000000000e+00,2.220446049250e-16,4.484235275867e-01,9.102920723227e-01,4.645996646617e-01,9.220055710306e-01
logreg,iid,fullbatch,fedavg,0,8.000000000000e-01,44,16,3.734641410957e-03,9.253419023852e-02,1.537225236875e-01,1.038079364399e-02,3.225567588743e-03,1.157824571400e+00,3.597645362229e-01,8.683130759258e-02,4,4,1,1.472384251315e-01,6.956537938661e-02,1.075310775508e-02,7.218184486611e-03,4.491158633931e-03,3.014757437267e-03,3.765783939940e-03,2.527838819654e-03,2.278967541257e-03,1.529791063800e-03,2.220446049250e-16,1.110223024625e-16,2.220446049250e-16,0.000000000000e+00,2.220446049250e-16,4.436217609215e-01,9.116828929068e-01,4.598484574652e-01,9.220055710306e-01
logreg,iid,fullbatch,fedavg,0,8.000000000000e-01,45,16,3.718404628947e-03,9.211540095539e-02,1.531670792077e-01,1.025050661798e-02,3.159670384861e-03,1.176833079413e+00,3.627532538173e-01,8.618638015708e-02,4,4,1,1.458224658077e-01,6.769440456107e-02,1.069219861474e-02,7.108299084224e-03,4.461473537695e-03,2.966039951650e-03,3.746574800097e-03,2.490766883418e-03,2.275832339105e-03,1.513000040012e-03,3.330669073875e-16,2.220446049250e-16,2.220446049250e-16,0.000000000000e+00,2.220446049250e-16,4.390056249116e-01,9.130737134910e-01,4.552816757928e-01,9.220055710306e-01
logreg,iid,fullbatch,fedavg,0,8.000000000000e-01,46,16,3.702617421493e-03,9.170858106200e-02,1.526166664183e-01,1.012524517542e-02,3.096408079768e-03,1.195778245667e+00,3.656817545989e-01,8.556417478042e-02,4,4,1,1.444611179004e-01,6.586225879982e-02,1.063303528734e-02,7.003017213643e-03,4.432564579655e-03,2.919328791174e-03,3.727301147625e-03,2.454835650580e-03,2.272643727021e-03,1.496784569101e-03,3.330669073875e-16,1.110223024625e-16,3.330669073875e-16,0.000000000000e+00,2.220446049250e-16,4.345640536603e-01,9.130737134910e-01,4.508882194242e-01,9.220055710306e-01
logreg,iid,fullbatch,fedavg,0,8.000000000000e-01,47,16,3.687255765534e-03,9.131310104324e-02,1.520710437230e-01,1.000469748887e-02,3.035625093689e-03,1.214661116486e+00,3.685524494505e-01,8.496344529594e-02,4,4,1,1.431510561267e-01,6.406874050003e-02,1.057552918444e-02,6.902042955279e-03,4.404402801977e-03,2.874501767376e-03,3.707971114413e-03,2.419980642319e-03,2.269399599078e-03,1.481107303697e-03,4.440892098501e-16,2.220446049250e-16,2.220446049250e-16,0.000000000000e+00,2.220446049250e-16,4.302868561527e-01,9.137691237830e-01,4.466578688338e-01,9.220055710306e-01
logreg,iid,fullbatch,fedavg,0,8.000000000000e-01,48,16,3.672297362274e-03,9.092837548090e-02,1.515300007646e-01,9.888577526116e-03,2.977178097741e-03,1.233482593823e+00,3.713676059651e-01,8.438303442991e-02,4,4,1,1.418892074781e-01,6.231363637046e-02,1.051959674209e-02,6.805104667294e-03,4.376960638177e-03,2.831446489603e-03,3.688592815838e-03,2.386142815378e-03,2.266098217944e-03,1.465934097814e-03,2.220446049250e-16,1.110223024625e-16,4.440892098501e-16,0.000000000000e+00,4.440892098501e-16,4.261646311848e-01,9.151599443672e-01,4.425811996646e-01,9.220055710306e-01
logreg,iid,fullbatch,fedavg,0,8.000000000000e-01,49,16,3.657721485341e-03,9.055385921833e-02,1.509933542205e-01,9.776622418360e-03,2.920934811694e-03,1.252243449836e+00,3.741293596930e-01,8.382186603609e-02,4,4,1,1.406727281889e-01,6.059672022504e-02,1.046515914502e-02,6.711952591517e-03,4.350211813947e-03,2.790059382151e-03,3.669174308889e-03,2.353267988571e-03,2.262738169964e-03,1.451233671018e-03,3.330669073875e-16,1.110223024625e-16,2.220446049250e-16,0.000000000000e+00,2.220446049250e-16,4.221886920195e-01,9.151599443672e-01,4.386495069321e-01,9.220055710306e-01
logreg,iid,fullbatch,fedavg,0,8.000000000000e-01,50,16,3.643508844893e-03,9.018904392828e-02,1.504609441753e-01,9.668590145622e-03,2.866772940910e-03,1.270944340550e+00,3.768397243049e-01,8.327893811953e-02,4,4,1,1.394989831972e-01,5.891775205558e-02,1.041214206194e-02,6.622356735395e-03,4.324131258720e-03,2.750244819517e-03,3.649723556414e-03,2.321306339500e-03,2.259318326887e-03,1.436977314606e-03,2.220446049250e-16,1.110223024625e-16,3.330669073875e-16,0.000000000000e+00,2.220446049250e-16,4.183509994986e-01,9.158553546592e-01,4.348547376974e-01,9.220055710306e-01
logreg,iid,fullbatch,fedavg,1,8.000000000000e-01,1,16,6.953150357137e-03,1.757962290715e-01,2.171912789963e-01,2.446380730983e-01,2.685368036322e-02,2.589272778662e-01,2.842219229851e-02,1.849512089114e-01,12,12,1,5.997654400051e-01,1.397724714686e-01,1.727043485655e-02,1.552977927725e-01,1.191648517925e-02,1.071544440725e-01,7.769324272908e-03,6.986268272563e-02,3.534227993324e-03,3.178019610259e-02,2.775557561563e-17,6.938893903907e-18,2.775557561563e-17,0.000000000000e+00,2.775557561563e-17,2.047230615852e+00,4.895688456189e-01,2.044648667516e+00,4.791086350975e-01
logreg,iid,fullbatch,fedavg,1,8.000000000000e-01,2,16,6.637261722613e-03,1.678854512240e-01,2.040088911870e-01,1.293742141367e-01,2.401360355607e-02,2.763959064751e-01,5.130281769751e-02,1.771320573636e-01,12,12,1,5.517857739812e-01,1.421199319720e-01,1.661391753739e-02,8.681937724967e-02,1.096029024064e-02,5.727520742933e-02,7.097286277127e-03,3.708830101967e-02,3.237292829567e-03,1.691712666836e-02,5.551115123126e-17,1.387778780781e-17,4.163336342344e-17,0.000000000000e+00,5.551115123126e-17,1.822228798478e+00,6.912378303199e-01,1.817601533969e+00,6.880222841226e-01
logreg,iid,fullbatch,fedavg,1,8.000000000000e-01,3,16,6.315711876195e-03,1.598025138330e-01,1.912550544514e-01,8.689042731290e-02,2.184538923326e-02,2.891096060939e-01,7.268593413003e-02,1.689990185793e-01,12,12,1,5.040905752261e-01,1.380413270832e-01,1.622072768347e-02,6.128843716731e-02,1.001996372046e-02,3.785945543773e-02,6.342450642552e-03,2.396433102622e-02,2.961570527609e-03,1.119000532774e-02,5.551115123126e-17,2.775557561563e-17,5.551115123126e-17,0.000000000000e+00,2.775557561563e-17,1.633201371383e+00,7.593880389430e-01,1.627494088341e+00,7.465181058496e-01
logreg,iid,fullbatch,fedavg,1,8.000000000000e-01,4,16,6.014894355228e-03,1.522193935629e-01,1.796756890503e-01,6.518712312667e-02,1.986027182556e-02,3.028606258795e-01,9.227120429198e-02,1.613160747270e-01,12,12,1,4.606985928663e-01,1.315231192897e-01,1.599221845431e-02,4.830533486821e-02,1.378476897234e-02,4.163761789475e-02,5.585980417490e-03,1.687274691783e-02,2.766765913433e-03,8.357161599074e-03,8.326672684689e-17,2.775557561563e-17,5.551115123126e-17,0.000000000000e+00,5.551115123126e-17,1.475984056073e+00,7.990264255911e-01,1.470212627076e+00,7.660167130919e-01
logreg,iid,fullbatch,fedavg,1,8.000000000000e-01,5,16,5.742994106100e-03,1.453471046345e-01,1.709303076793e-01,5.214393337542e-02,1.807326044117e-02,3.177619292763e-01,1.101373397506e-01,1.536259734392e-01,12,12,1,4.225838261620e-01,1.254737884381e-01,1.571892677175e-02,4.020738970034e-02,1.296098585761e-02,3.315286195074e-02,4.871092231111e-03,1.245975036633e-02,2.707185045547e-03,6.924699484757e-03,8.326672684689e-17,2.775557561563e-17,5.551115123126e-17,0.000000000000e+00,5.551115123126e-17,1.345302264726e+00,8.184979137691e-01,1.340190693239e+00,7.827298050139e-01
logreg,iid,fullbatch,fedavg,1,8.000000000000e-01,6,16,5.502361660473e-03,1.392496677753e-01,1.667322071685e-01,4.351662822221e-02,1.648624447303e-02,3.337547049890e-01,1.264427389084e-01,1.466680403588e-01,12,12,1,3.897392144329e-01,1.199569889411e-01,1.541669383188e-02,3.465119285889e-02,1.213635458353e-02,2.727816793040e-02,4.382256828006e-03,9.849740038970e-03,2.631067999517e-03,5.913696261359e-03,1.110223024625e-16,5.551115123126e-17,5.551115123126e-17,0.000000000000e+00,1.110223024625e-16,1.236321508083e+00,8.365785813630e-01,1.232316445337e+00,8.133704735376e-01
logreg,iid,fullbatch,fedavg,1,8.000000000000e-01,7,16,5.291998725492e-03,1.339062921499e-01,1.629988464058e-01,3.743637380787e-02,1.508877177155e-02,3.507242872790e-01,1.413598109863e-01,1.406215241826e-01,12,12,1,3.616959561942e-01,1.150707406096e-01,1.509824963652e-02,3.058537562962e-02,1.013017011517e-02,2.052125680945e-02,4.209904940460e-03,8.528241820660e-03,2.531754395710e-03,5.128717636740e-03,1.665334536938e-16,5.551115123126e-17,1.110223024625e-16,0.000000000000e+00,1.110223024625e-16,1.144930038571e+00,8.497913769124e-01,1.142271011989e+00,8.300835654596e-01
logreg,iid,fullbatch,fedavg,1,8.000000000000e-01,8,16,5.109170635441e-03,1.292515499457e-01,1.596877882863e-01,3.295107696285e-02,1.386361625194e-02,3.685308755373e-01,1.550532215138e-01,1.354450381339e-01,12,12,1,3.378087816823e-01,1.109179215760e-01,1.477294268561e-02,2.746862898869e-02,9.945412309786e-03,1.849237803807e-02,3.990880253627e-03,7.420593943816e-03,2.425311230513e-03,4.509594045739e-03,1.110223024625e-16,5.551115123126e-17,5.551115123126e-17,0.000000000000e+00,1.110223024625e-16,1.067753072880e+00,8.595271210014e-01,1.066538347743e+00,8.384401114206e-01
logreg,iid,fullbatch,fedavg,1,8.000000000000e-01,9,16,4.950512036129e-03,1.252031909167e-01,1.567488884819e-01,2.952498877689e-02,1.279088327094e-02,3.870344159403e-01,1.676719362550e-01,1.310524450507e-01,12,12,1,3.170774973232e-01,1.085412564082e-01,1.444745962431e-02,2.499446060251e-02,9.770150690361e-03,1.690260107043e-02,3.566079575019e-03,6.169405401435e-03,2.265822105711e-03,3.919927989154e-03,1.665334536938e-16,5.551115123126e-17,1.110223024625e-16,0.000000000000e+00,1.110223024625e-16,1.002076488557e+00,8.657858136300e-01,1.002314061339e+00,8.440111420613e-01
logreg,iid,fullbatch,fedavg,1,8.000000000000e-01,10,16,4.812650861818e-03,1.216780242509e-01,1.541304276714e-01,2.683429361412e-02,1.185066859898e-02,4.061079610507e-01,1.793470299992e-01,1.273409234361e-01,12,12,1,2.986959940205e-01,1.087950285867e-01,1.412648911730e-02,2.297660179323e-02,9.604538313478e-03,1.562169130660e-02,3.493118768245e-03,5.681524849377e-03,2.111934544276e-03,3.435041689003e-03,1.110223024625e-16,5.551115123126e-17,1.110223024625e-16,0.000000000000e+00,1.110223024625e-16,9.457410976958e-01,8.713490959666e-01,9.473849331210e-01,8.467966573816e-01
logreg,iid,fullbatch,fedavg,1,8.000000000000e-01,11,16,4.692500097478e-03,1.185994623114e-01,1.517836661302e-01,2.467241909738e-02,1.102452478296e-02,4.256419383022e-01,1.901921363672e-01,1.242082649914e-01,12,12,1,2.829420918680e-01,1.094857254104e-01,1.381322543500e-02,2.129535797402e-02,9.448376001390e-03,1.456622496821e-02,3.362210339378e-03,5.183400002985e-03,2.019234226436e-03,3.112981532640e-03,1.665334536938e-16,5.551115123126e-17,1.110223024625e-16,0.000000000000e+00,1.110223024625e-16,8.970366000423e-01,8.789986091794e-01,9.000109963943e-01,8.495821727019e-01
logreg,iid,fullbatch,fedavg,1,8.000000000000e-01,12,16,4.587360780425e-03,1.159002762956e-01,1.496653897230e-01,2.290187421037e-02,1.029609718572e-02,4.455436557834e-01,2.003050378448e-01,1.200010035077e-01,12,12,1,2.693555682290e-01,1.106010109813e-01,1.350974735310e-02,1.987023066035e-02,9.301212668923e-03,1.368028848519e-02,3.223594864100e-03,4.741285816162e-03,1.996049758408e-03,2.935803910500e-03,1.110223024625e-16,5.551115123126e-17,1.110223024625e-16,0.000000000000e+00,1.110223024625e-16,8.546080336943e-01,8.838664812239e-01,8.588233356694e-01,8.495821727019e-01
logreg,iid,fullbatch,fedavg,1,8.000000000000e-01,13,16,4.494930749681e-03,1.135229362281e-01,1.477387904440e-01,2.142793833074e-02,9.651261388595e-03,4.657350545902e-01,2.097696325378e-01,1.161139830298e-01,12,12,1,2.575621426361e-01,1.121130413449e-01,1.321730854829e-02,1.864498631033e-02,9.162453280718e-03,1.292500779292e-02,3.112308729314e-03,4.390375955860e-03,1.963330276261e-03,2.769570369779e-03,1.110223024625e-16,5.551115123126e-17,1.110223024625e-16,0.000000000000e+00,1.110223024625e-16,8.173785664687e-01,8.873435326843e-01,8.227409240154e-01,8.551532033426e-01
logreg,iid,fullbatch,fedavg,1,8.000000000000e-01,14,16,4.413272099818e-03,1.114188776508e-01,1.459733015151e-01,2.018345586854e-02,9.078000866028e-03,4.861502179773e-01,2.186579012317e-01,1.126446631840e-01,12,12,1,2.472591707661e-01,1.133349708639e-01,1.293656176409e-02,1.757906353734e-02,9.031442811080e-03,1.227252726845e-02,3.048315560692e-03,4.142254634613e-03,1.931555634836e-03,2.624726712544e-03,2.220446049250e-16,5.551115123126e-17,1.110223024625e-16,0.000000000000e+00,1.110223024625e-16,7.844880921762e-01,8.880389429764e-01,7.909052698180e-01,8.579387186630e-01
logreg,iid,fullbatch,fedavg,1,8.000000000000e-01,15,16,4.340764364127e-03,1.095473852864e-01,1.443439150783e-01,1.911963940148e-02,8.566173059104e-03,5.067332091212e-01,2.270317066644e-01,1.095327210112e-01,12,12,1,2.382021521566e-01,1.130248874134e-01,1.271122649965e-02,1.669954209585e-02,8.907522231015e-03,1.170237525628e-02,3.009609456779e-03,3.953914267590e-03,1.900835705644e-03,2.497248073155e-03,2.220446049250e-16,5.551115123126e-17,1.110223024625e-16,0.000000000000e+00,2.220446049250e-16,7.552453818950e-01,8.901251738526e-01,7.626300160053e-01,8.579387186630e-01
logreg,iid,fullbatch,fedavg,1,8.000000000000e-01,16,16,4.276056191712e-03,1.078744221577e-01,1.428303246614e-01,1.820029254716e-02,8.107245813031e-03,5.274363563566e-01,2.349443659014e-01,1.067279813342e-01,12,12,1,2.301931605492e-01,1.132773271211e-01,1.277348455993e-02,1.627434974752e-02,8.790061764233e-03,1.119917895405e-02,2.969129683353e-03,3.782887487429e-03,1.896281848812e-03,2.416001200193e-03,1.665334536938e-16,5.551115123126e-17,1.110223024625e-16,0.000000000000e+00,2.220446049250e-16,7.290911770468e-01,8.901251738526e-01,7.373624202562e-01,8.579387186630e-01
logreg,iid,fullbatch,fedavg,1,8.000000000000e-01,17,16,4.218020961535e-03,1.063715458102e-01,1.414160782553e-01,1.739806274207e-02,7.694044682560e-03,5.482189323772e-01,2.424419904715e-01,1.041887094249e-01,12,12,1,2.230713620843e-01,1.140075152375e-01,1.283208744877e-02,1.589680175687e-02,8.678478173689e-03,1.075117728345e-02,3.152200649725e-03,3.905047329720e-03,1.903767273711e-03,2.358447997040e-03,2.220446049250e-16,1.110223024625e-16,1.665334536938e-16,0.000000000000e+00,2.220446049250e-16,7.055698304727e-01,8.922114047288e-01,7.146540000936e-01,8.607242339833e-01
logreg,iid,fullbatch,fedavg,1,8.000000000000e-01,18,16,4.165718199849e-03,1.050149616559e-01,1.400878259736e-01,1.669194262394e-02,7.320528093348e-03,5.690461325644e-01,2.495646129213e-01,1.018801170819e-01,12,12,1,2.167054228550e-01,1.151375221487e-01,1.288717586393e-02,1.555862233378e-02,8.572241770687e-03,1.034922419560e-02,3.328492645316e-03,4.018472360122e-03,1.910477525765e-03,2.306509867981e-03,2.220446049250e-16,1.110223024625e-16,1.110223024625e-16,0.000000000000e+00,2.220446049250e-16,6.843075097882e-01,8.908205841446e-01,6.941381390708e-01,8.607242339833e-01
logreg,iid,fullbatch,fedavg,1,8.000000000000e-01,19,16,4.118361012458e-03,1.037847208891e-01,1.388346888389e-01,1.606556336162e-02,6.981595072586e-03,5.898882661685e-01,2.563471270666e-01,9.977310224302e-02,12,12,1,2.108732377916e-01,1.170753355213e-01,1.293891797164e-02,1.525336403761e-02,8.470877264090e-03,9.986103545157e-03,3.497984724804e-03,4.123685962180e-03,1.916535352332e-03,2.259355185971e-03,2.220446049250e-16,1.110223024625e-16,1.110223024625e-16,0.000000000000e+00,2.220446049250e-16,6.649953964130e-01,8.915159944367e-01,6.755129431709e-01,8.607242339833e-01
logreg,iid,fullbatch,fedavg,1,8.000000000000e-01,20,16,4.075289042558e-03,1.026640522552e-01,1.376477466096e-01,1.550600392569e-02,6.672924424189e-03,6.107200956428e-01,2.628200703475e-01,9.784320813240e-02,12,12,1,2.052015351693e-01,1.210086799617e-01,1.298749204524e-02,1.497592826095e-02,8.373961195727e-03,9.656047656497e-03,3.660723680113e-03,4.221194902417e-03,1.908112888822e-03,2.200252491956e-03,2.220446049250e-16,1.110223024625e-16,1.110223024625e-16,0.000000000000e+00,1.110223024625e-16,6.473766770426e-01,8.936022253129e-01,6.585280500309e-01,8.635097493036e-01
logreg,iid,fullbatch,fedavg,1,8.000000000000e-01,21,16,4.035946223825e-03,1.016388105463e-01,1.365196304497e-01,1.500294452089e-02,6.390841833081e-03,6.315202799941e-01,2.690102744968e-01,9.606977457787e-02,12,12,1,2.000554650680e-01,1.250668301117e-01,1.303307612909e-02,1.472222869793e-02,8.281117694734e-03,9.354392421930e-03,3.816810591151e-03,4.311488543692e-03,1.897054083418e-03,2.142921885194e-03,2.220446049250e-16,1.110223024625e-16,2.220446049250e-16,0.000000000000e+00,2.220446049250e-16,6.312364162854e-01,8.942976356050e-01,6.429744188224e-01,8.746518105850e-01
logreg,iid,fullbatch,fedavg,1,8.000000000000e-01,22,16,3.999862569472e-03,1.006970237117e-01,1.354442027606e-01,1.454805446805e-02,6.132210724595e-03,6.522708936647e-01,2.749414073378e-01,9.443525102942e-02,12,12,1,1.953673026803e-01,1.292080975649e-01,1.307584221771e-02,1.448895078344e-02,8.192013593409e-03,9.077325941686e-03,3.966388666730e-03,4.395036986790e-03,1.886898484414e-03,2.090815935130e-03,2.220446049250e-16,1.110223024625e-16,2.220446049250e-16,0.000000000000e+00,2.220446049250e-16,6.163936247211e-01,8.949930458971e-01,6.286763759374e-01,8.774373259053e-01
logreg,iid,fullbatch,fedavg,1,8.000000000000e-01,23,16,3.966639299114e-03,9.982852180365e-02,1.344163070827e-01,1.413454283008e-02,5.894342848831e-03,6.729570031545e-01,2.806344249545e-01,9.292464246933e-02,12,12,1,1.910802207418e-01,1.333967535432e-01,1.311595327309e-02,1.427337678384e-02,5.795918235897e-03,6.307381786654e-03,4.109632709559e-03,4.472289195104e-03,1.877546838601e-03,2.043231848930e-03,2.220446049250e-16,1.110223024625e-16,2.220446049250e-16,0.000000000000e+00,2.220446049250e-16,6.026950072367e-01,8.956884561892e-01,6.154853763855e-01,8.774373259053e-01
logreg,iid,fullbatch,fedavg,1,8.000000000000e-01,24,16,3.935936697909e-03,9.902463313672e-02,1.334315731934e-01,1.375682393828e-02,5.674925024961e-03,6.935662904085e-01,2.861079501757e-01,9.152506296618e-02,12,12,1,1.871462450970e-01,1.376024914853e-01,1.315356197913e-02,1.407325659930e-02,5.701866260775e-03,6.100539694883e-03,4.212218031050e-03,4.506735536522e-03,1.868912116323e-03,1.999586105748e-03,2.220446049250e-16,1.110223024625e-16,2.220446049250e-16,0.000000000000e+00,2.220446049250e-16,5.900100041669e-01,8.956884561892e-01,6.032750776394e-01,8.774373259053e-01
logreg,iid,fullbatch,fedavg,1,8.000000000000e-01,25,16,3.907464199140e-03,9.827793532760e-02,1.324862651568e-01,1.341026529469e-02,5.471959031127e-03,7.140887161093e-01,2.913785904510e-01,9.022537566169e-02,12,12,1,1.835246364086e-01,1.417998541170e-01,1.318881052173e-02,1.388671092383e-02,5.612492414106e-03,5.909483617835e-03,4.225296910826e-03,4.448883140092e-03,1.860917983941e-03,1.959390504047e-03,2.220446049250e-16,1.110223024625e-16,1.110223024625e-16,0.000000000000e+00,2.220446049250e-16,5.782268328690e-01,8.963838664812e-01,5.919374236792e-01,8.774373259053e-01
logreg,iid,fullbatch,fedavg,1,8.000000000000e-01,26,16,3.880972270564e-03,9.758205100890e-02,1.315771625638e-01,1.309099536398e-02,5.283712154398e-03,7.345162183625e-01,2.964612057875e-01,8.901590181898e-02,12,12,1,1.801806027590e-01,1.400713370199e-01,1.322183094252e-02,1.371215766684e-02,5.527451626929e-03,5.732435132004e-03,4.237863461060e-03,4.395023064600e-03,1.858362125397e-03,1.927278799458e-03,2.220446049250e-16,1.110223024625e-16,2.220446049250e-16,0.000000000000e+00,2.220446049250e-16,5.672493081578e-01,8.949930458971e-01,5.813795115820e-01,8.802228412256e-01
logreg,iid,fullbatch,fedavg,1,8.000000000000e-01,27,16,3.856245762190e-03,9.693147986179e-02,1.307014673360e-01,1.279575546646e-02,5.108676380404e-03,7.548424435303e-01,3.013691354371e-01,8.788818493075e-02,12,12,1,1.770842700676e-01,1.381316560552e-01,1.325274578493e-02,1.354825534174e-02,5.450995834486e-03,5.572542070212e-03,4.249865269512e-03,4.344628711191e-03,1.878830966724e-03,1.920725115702e-03,2.220446049250e-16,1.110223024625e-16,2.220446049250e-16,0.000000000000e+00,2.220446049250e-16,5.569942728158e-01,8.970792767733e-01,5.715210682323e-01,8.830083565460e-01
logreg,iid,fullbatch,fedavg,1,8.000000000000e-01,28,16,3.833098438165e-03,9.632146017514e-02,1.298567302058e-01,1.252178452990e-02,4.945534593024e-03,7.750625066038e-01,3.061143904060e-01,8.683479871339e-02,12,12,1,1.742098541974e-01,1.362712445314e-01,1.328166886181e-02,1.339385899942e-02,5.495047948858e-03,5.541464569538e-03,4.261263609138e-03,4.297258464580e-03,1.898538469336e-03,1.914575406739e-03,2.220446049250e-16,1.110223024625e-16,2.220446049250e-16,0.000000000000e+00,2.220446049250e-16,5.473895088949e-01,8.984700973574e-01,5.622924057798e-01,8.857938718663e-01
logreg,iid,fullbatch,fedavg,1,8.000000000000e-01,29,16,3.811368468934e-03,9.574785442964e-02,1.290407923601e-01,1.226672859068e-02,4.793132474599e-03,7.951727787898e-01,3.107078175538e-01,8.584919012312e-02,12,12,1,1.715349915416e-01,1.344833027814e-01,1.330870604457e-02,1.324798555651e-02,5.539931185502e-03,5.514655450635e-03,4.272031318707e-03,4.252540330942e-03,1.917506254616e-03,1.908757701958e-03,3.330669073875e-16,1.110223024625e-16,2.220446049250e-16,0.000000000000e+00,2.220446049250e-16,5.383720302033e-01,8.970792767733e-01,5.536327551364e-01,8.885793871866e-01
logreg,iid,fullbatch,fedavg,1,8.000000000000e-01,30,16,3.790914703404e-03,9.520705445922e-02,1.282517388032e-01,1.202856912434e-02,4.650455055453e-03,8.151707001143e-01,3.151592399909e-01,8.492555038490e-02,12,12,1,1.690401947286e-01,1.327612983815e-01,1.333395601887e-02,1.310978624356e-02,5.598031170977e-03,5.503917361993e-03,4.282150923713e-03,4.210159625028e-03,1.935757473344e-03,1.903213619349e-03,2.220446049250e-16,1.110223024625e-16,1.110223024625e-16,0.000000000000e+00,2.220446049250e-16,5.298866787892e-01,8.956884561892e-01,5.454888998280e-01,8.857938718663e-01
logreg,iid,fullbatch,fedavg,1,8.000000000000e-01,31,16,3.771613575972e-03,9.469590259690e-02,1.274878608108e-01,1.180556583637e-02,4.516607068202e-03,8.350546148957e-01,3.194775776314e-01,8.405870849750e-02,12,12,1,1.667084075957e-01,1.310990295185e-01,1.335751097906e-02,1.297852451015e-02,5.654037655481e-03,5.493618265260e-03,4.291612993430e-03,4.169849046774e-03,1.953316172457e-03,1.897895637896e-03,2.220446049250e-16,1.110223024625e-16,1.110223024625e-16,0.000000000000e+00,2.220446049250e-16,5.218849652525e-01,8.970792767733e-01,5.378140499138e-01,8.857938718663e-01
logreg,iid,fullbatch,fedavg,1,8.000000000000e-01,32,16,3.753356531589e-03,9.421162590125e-02,1.267476254749e-01,1.159621065521e-02,4.390796427139e-03,8.548236279846e-01,3.236709510707e-01,8.324404284007e-02,12,12,1,1.645246393256e-01,1.294906646364e-01,1.337945725070e-02,1.285355815616e-02,5.708016815159e-03,5.483654883395e-03,4.288819981955e-03,4.120241653037e-03,1.970206810909e-03,1.892764956692e-03,3.330669073875e-16,1.110223024625e-16,2.220446049250e-16,0.000000000000e+00,2.220446049250e-16,5.143241057064e-01,8.977746870654e-01,5.305669088983e-01,8.857938718663e-01
logreg,iid,fullbatch,fedavg,1,8.000000000000e-01,33,16,3.736047874632e-03,9.375178111497e-02,1.260296508051e-01,1.139919047463e-02,4.272320284116e-03,8.744774797252e-01,3.277467713998e-01,8.247740741811e-02,12,12,1,1.624756620409e-01,1.279307641580e-01,1.339987583988e-02,1.273432476828e-02,5.760035998239e-03,5.473943934632e-03,4.266729589090e-03,4.054807741142e-03,1.982938253520e-03,1.884448782772e-03,2.220446049250e-16,1.110223024625e-16,2.220446049250e-16,0.000000000000e+00,2.220446049250e-16,5.071662181951e-01,8.984700973574e-01,5.237108966592e-01,8.857938718663e-01
logreg,iid,fullbatch,fedavg,1,8.000000000000e-01,34,16,3.719602965565e-03,9.331420845256e-02,1.253326852173e-01,1.121335678265e-02,4.160553216740e-03,8.940164376697e-01,3.317118181169e-01,8.175507000242e-02,12,12,1,1.605497595348e-01,1.264142888662e-01,1.341884291346e-02,1.262032976508e-02,5.810162779168e-03,5.464418261305e-03,4.245700851846e-03,3.993052544078e-03,1.993801740206e-03,1.875156867836e-03,4.440892098501e-16,1.110223024625e-16,2.220446049250e-16,0.000000000000e+00,4.440892098501e-16,5.003776490699e-01,8.991655076495e-01,5.172134991840e-01,8.857938718663e-01
logreg,iid,fullbatch,fedavg,1,8.000000000000e-01,35,16,3.703946703832e-03,9.289699267320e-02,1.246555905042e-01,1.103770074989e-02,4.054937187991e-03,9.134412031837e-01,3.355723069291e-01,8.107365997549e-02,12,12,1,1.587365174295e-01,1.249365985346e-01,1.343643021683e-02,1.251113651845e-02,5.858464246526e-03,5.455023752136e-03,4.225638527136e-03,3.934641838454e-03,2.004283320306e-03,1.866259254678e-03,3.330669073875e-16,1.110223024625e-16,2.220446049250e-16,0.000000000000e+00,2.220446049250e-16,4.939284058168e-01,8.991655076495e-01,5.110457219064e-01,8.857938718663e-01
logreg,iid,fullbatch,fedavg,1,8.000000000000e-01,36,16,3.689012247115e-03,9.249843018250e-02,1.239973275932e-01,1.087133267581e-02,3.954972982899e-03,9.327528311990e-01,3.393339489392e-01,8.043012414018e-02,12,12,1,1.570266470707e-01,1.234934435842e-01,1.345270543694e-02,1.240635814089e-02,5.905006473005e-03,5.445716883623e-03,4.206457216961e-03,3.879280266900e-03,2.005455971498e-03,1.849472222135e-03,3.330669073875e-16,1.110223024625e-16,2.220446049250e-16,0.000000000000e+00,2.220446049250e-16,4.877916774918e-01,9.005563282337e-01,5.051816281069e-01,8.857938718663e-01
logreg,iid,fullbatch,fedavg,1,8.000000000000e-01,37,16,3.674739926388e-03,9.211700113932e-02,1.233614246167e-01,1.071346493601e-02,3.860212881352e-03,9.519526615074e-01,3.430020024647e-01,7.982168909131e-02,12,12,1,1.554118370408e-01,1.220809518950e-01,1.346773251804e-02,1.230565061920e-02,9.103409325141e-03,8.317909079996e-03,4.188080217507e-03,3.826705932331e-03,2.003537676346e-03,1.830659661119e-03,2.220446049250e-16,1.110223024625e-16,2.220446049250e-16,0.000000000000e+00,2.220446049250e-16,4.819434275920e-01,9.012517385257e-01,4.995979474936e-01,8.857938718663e-01
logreg,iid,fullbatch,fedavg,1,8.000000000000e-01,38,16,3.661076323712e-03,9.175134573029e-02,1.236024269368e-01,1.056339775946e-02,3.770254368977e-03,9.710422601288e-01,3.465813185377e-01,7.924582902327e-02,12,12,1,1.538846273976e-01,1.206956123809e-01,1.348157193726e-02,1.220870704375e-02,9.044925957340e-03,8.190947744036e-03,4.170438515112e-03,3.776685857696e-03,2.001747089597e-03,1.812751799738e-03,2.220446049250e-16,1.110223024625e-16,2.220446049250e-16,0.000000000000e+00,2.220446049250e-16,4.763620470812e-01,9.012517385257e-01,4.942737429483e-01,8.885793871866e-01
logreg,iid,fullbatch,fedavg,1,8.000000000000e-01,39,16,3.647973485731e-03,9.140024392619e-02,1.238385705305e-01,1.042050730659e-02,3.684734722802e-03,9.900233694320e-01,3.500763809671e-01,7.870023806236e-02,12,12,1,1.524383027070e-01,1.193342565314e-01,1.349428094656e-02,1.211525273516e-02,8.988251741738e-03,8.069710563282e-03,4.153469909660e-03,3.729012155792e-03,2.000065862254e-03,1.795672070570e-03,4.440892098501e-16,1.110223024625e-16,2.220446049250e-16,0.000000000000e+00,2.220446049250e-16,4.710280575823e-01,9.019471488178e-01,4.891901256958e-01,8.885793871866e-01
logreg,iid,fullbatch,fedavg,1,8.000000000000e-01,40,16,3.635388250717e-03,9.106259815587e-02,1.240695326392e-01,1.028423562843e-02,3.603326336452e-03,1.008897865825e+00,3.534913417062e-01,7.818280638333e-02,12,12,1,1.510668006929e-01,1.179940388108e-01,1.350591378623e-02,1.202504111010e-02,8.933278248638e-03,7.953777870059e-03,4.137118248450e-03,3.683498784487e-03,1.998477677359e-03,1.779352112581e-03,3.330669073875e-16,1.110223024625e-16,2.220446049250e-16,0.000000000000e+00,2.220446049250e-16,4.659238565806e-01,9.019471488178e-01,4.843300109559e-01,8.913649025070e-01
logreg,iid,fullbatch,fedavg,1,8.000000000000e-01,41,16,3.623281670917e-03,9.073741843292e-02,1.242950466632e-01,1.015408217161e-02,3.525732672555e-03,1.027667723966e+00,3.568300521584e-01,7.769159950560e-02,12,12,1,1.497646339274e-01,1.166724165592e-01,1.351652187500e-02,1.193785015962e-02,8.879904898140e-03,7.842770136137e-03,4.121332755857e-03,3.639978786877e-03,1.996968020487e-03,1.763730730627e-03,3.330669073875e-16,1.110223024625e-16,2.220446049250e-16,0.000000000000e+00,2.220446049250e-16,4.610334979422e-01,9.019471488178e-01,4.796779075776e-01,8.913649025070e-01
logreg,iid,fullbatch,fedavg,1,8.000000000000e-01,42,16,3.611618515179e-03,9.042380955058e-02,1.245148946296e-01,1.002959656018e-02,3.451684748680e-03,1.046334986577e+00,3.600960909554e-01,7.722484027335e-02,12,12,1,1.485268224586e-01,1.153671298607e-01,1.352615398047e-02,1.185347943728e-02,8.828038278287e-03,7.736343261680e-03,4.106067446038e-03,3.598301934904e-03,1.995523978887e-03,1.748753007286e-03,2.220446049250e-16,1.110223024625e-16,3.330669073875e-16,0.000000000000e+00,2.220446049250e-16,4.563425022354e-01,9.012517385257e-01,4.752197363126e-01,8.913649025070e-01
logreg,iid,fullbatch,fedavg,1,8.000000000000e-01,43,16,3.600366839382e-03,9.012096002589e-02,1.247289007242e-01,9.910372437084e-03,3.380938078468e-03,1.064901739050e+00,3.632927886655e-01,7.678089311098e-02,12,12,1,1.473488356503e-01,1.140761817016e-01,1.353485637322e-02,1.177174747399e-02,8.777591543075e-03,7.634184525177e-03,4.091280607697e-03,3.558332710079e-03,1.994134065388e-03,1.734369541850e-03,2.220446049250e-16,1.110223024625e-16,3.330669073875e-16,0.000000000000e+00,3.330669073875e-16,4.518376922890e-01,9.019471488178e-01,4.709426723122e-01,8.913649025070e-01
logreg,iid,fullbatch,fedavg,1,8.000000000000e-01,44,16,3.589497614354e-03,8.982813252795e-02,1.249369257173e-01,9.796042189181e-03,3.313270002213e-03,1.083370088148e+00,3.664232498221e-01,7.635825021585e-02,12,12,1,1.462127642531e-01,1.128814114212e-01,1.354267296733e-02,1.169248955137e-02,8.728483877144e-03,7.536009086166e-03,4.076934351362e-03,3.519948567015e-03,1.996882363073e-03,1.724070737133e-03,4.440892098501e-16,1.110223024625e-16,3.330669073875e-16,0.000000000000e+00,2.220446049250e-16,4.475070502007e-01,9.019471488178e-01,4.668350081916e-01,8.913649025070e-01
logreg,iid,fullbatch,fedavg,1,8.000000000000e-01,45,16,3.578984402652e-03,8.954465556872e-02,1.251388621474e-01,9.686272411891e-03,3.248477351529e-03,1.101742144198e+00,3.694903726079e-01,7.595551940704e-02,12,12,1,1.450368659433e-01,1.122607125934e-01,1.354964544934e-02,1.161555577767e-02,8.680640016683e-03,7.441556952663e-03,4.069453976992e-03,3.488576127777e-03,2.003286437456e-03,1.717335367920e-03,2.220446049250e-16,1.110223024625e-16,4.440892098501e-16,0.000000000000e+00,2.220446049250e-16,4.433395926335e-01,9.019471488178e-01,4.628860346136e-01,8.913649025070e-01
logreg,iid,fullbatch,fedavg,1,8.000000000000e-01,46,16,3.568803077007e-03,8.926991627127e-02,1.253346301494e-01,9.580759995945e-03,3.186374401404e-03,1.120020006260e+00,3.724968664821e-01,7.557141339541e-02,12,12,1,1.439133530896e-01,1.116364806019e-01,1.355581339760e-02,1.154080942011e-02,8.633989818220e-03,7.350590341182e-03,4.091038011835e-03,3.482925637895e-03,2.009454706227e-03,1.710759297337e-03,4.440892098501e-16,1.110223024625e-16,2.220446049250e-16,0.000000000000e+00,2.220446049250e-16,4.393252617573e-01,9.026425591099e-01,4.590859358475e-01,8.913649025070e-01
logreg,iid,fullbatch,fedavg,1,8.000000000000e-01,47,16,3.558931574419e-03,8.900335405982e-02,1.255241738309e-01,9.479228739206e-03,3.126791070051e-03,1.138205749820e+00,3.754452679994e-01,7.520474027802e-02,12,12,1,1.428255321427e-01,1.110907110115e-01,1.356121439330e-02,1.146812545512e-02,8.588467868555e-03,7.262891370002e-03,4.112119500924e-03,3.477439479634e-03,2.015392313215e-03,1.704329068099e-03,2.220446049250e-16,1.110223024625e-16,2.220446049250e-16,0.000000000000e+00,2.220446049250e-16,4.354548296152e-01,9.012517385257e-01,4.554256981697e-01,8.913649025070e-01
logreg,iid,fullbatch,fedavg,1,8.000000000000e-01,48,16,3.549349680804e-03,8.874445514054e-02,1.257074581193e-01,9.381426403492e-03,3.069571332989e-03,1.156301416637e+00,3.783379550346e-01,7.485439509103e-02,12,12,1,1.417109765670e-01,1.109968067407e-01,1.356588412439e-02,1.139738930461e-02,8.544013130400e-03,7.178260036572e-03,4.132709910176e-03,3.472099812840e-03,2.021104292371e-03,1.698032522919e-03,2.220446049250e-16,1.110223024625e-16,2.220446049250e-16,0.000000000000e+00,4.440892098501e-16,4.317198140426e-01,9.012517385257e-01,4.518970293088e-01,8.913649025070e-01
logreg,iid,fullbatch,fedavg,1,8.000000000000e-01,49,16,3.540038841946e-03,8.849274766269e-02,1.258844660144e-01,9.287122149882e-03,3.014571822750e-03,1.174309006417e+00,3.811771595995e-01,7.451935228089e-02,12,12,1,1.406394043344e-01,1.109058725528e-01,1.356985648322e-02,1.132849573143e-02,8.500568619259e-03,7.096512438222e-03,4.152820312704e-03,3.466890548479e-03,2.026595563985e-03,1.691858659253e-03,3.330669073875e-16,1.110223024625e-16,2.220446049250e-16,0.000000000000e+00,2.220446049250e-16,4.281124045589e-01,9.012517385257e-01,4.484922874202e-01,8.913649025070e-01
logreg,iid,fullbatch,fedavg,1,8.000000000000e-01,50,16,3.530981997104e-03,8.824779746618e-02,1.260551961877e-01,9.196104297060e-03,2.961660589804e-03,1.192230470048e+00,3.839649794134e-01,7.419865897476e-02,12,12,1,1.396083214415e-01,1.107822951862e-01,1.357316365871e-02,1.123562093621e-02,8.458081107865e-03,7.001447530229e-03,4.172461405217e-03,3.453888562663e-03,2.031870932093e-03,1.681946240267e-03,2.220446049250e-16,1.110223024625e-16,2.220446049250e-16,0.000000000000e+00,2.220446049250e-16,4.246253968890e-01,9.019471488178e-01,4.452044183036e-01,8.913649025070e-01
logreg,iid,fullbatch,fedavg,2,8.000000000000e-01,1,16,6.382038217847e-03,1.618043768136e-01,1.881892620315e-01,2.000999867518e-01,3.009592731412e-02,2.120565401171e-01,3.189424607890e-02,1.780485279794e-01,1,1,1,5.653808062023e-01,5.975009786877e-02,2.538633066409e-02,2.323972872978e-01,1.060837819253e-02,9.711361390480e-02,5.408651151066e-03,4.951309711039e-02,3.266561985542e-03,2.990350020547e-02,2.775557561563e-17,1.387778780781e-17,1.387778780781e-17,0.000000000000e+00,2.775557561563e-17,2.050251504319e+00,4.902642559110e-01,2.067801266960e+00,4.763231197772e-01
logreg,iid,fullbatch,fedavg,2,8.000000000000e-01,2,16,6.154954095898e-03,1.560854086815e-01,1.815646689921e-01,1.107809882893e-01,2.507092063909e-02,2.455017182856e-01,5.555966047010e-02,1.709891813350e-01,1,1,1,5.263401834674e-01,6.193916965020e-02,2.457002554336e-02,1.131414177355e-01,1.127463375588e-02,5.191805948014e-02,5.345676281482e-03,2.461606692978e-02,2.910375899010e-03,1.340186052213e-02,5.551115123126e-17,2.775557561563e-17,2.775557561563e-17,0.000000000000e+00,5.551115123126e-17,1.830528362009e+00,5.660639777469e-01,1.845808950935e+00,5.598885793872e-01
logreg,iid,fullbatch,fedavg,2,8.000000000000e-01,3,16,5.926250356745e-03,1.503224794531e-01,1.770531402869e-01,7.694699308395e-02,2.220793402263e-02,2.668528441550e-01,7.701730917905e-02,1.624963262557e-01,1,1,1,4.893984692947e-01,5.665441992462e-02,2.417118283974e-02,7.754926842931e-02,1.137004579303e-02,3.647892364652e-02,5.118709302356e-03,1.642253771079e-02,2.618300284058e-03,8.400386232781e-03,8.326672684689e-17,2.775557561563e-17,5.551115123126e-17,0.000000000000e+00,5.551115123126e-17,1.645510482279e+00,6.314325452017e-01,1.656162151642e+00,6.518105849582e-01
logreg,iid,fullbatch,fedavg,2,8.000000000000e-01,4,16,5.721865544409e-03,1.451596608356e-01,1.723510777547e-01,5.943366703254e-02,1.977114356473e-02,2.894048857456e-01,9.627313659236e-02,1.549138274054e-01,1,1,1,4.581449018547e-01,5.141125632905e-02,2.380037854122e-02,6.053906261394e-02,1.136372488664e-02,2.890497103853e-02,4.848981867993e-03,1.233395579872e-02,2.608234764392e-03,6.634351946963e-03,5.551115123126e-17,5.551115123126e-17,5.551115123126e-17,0.000000000000e+00,5.551115123126e-17,1.492781024915e+00,6.947148817803e-01,1.498531947366e+00,6.935933147632e-01
logreg,iid,fullbatch,fedavg,2,8.000000000000e-01,5,16,5.543028506611e-03,1.406329264510e-01,1.678635661553e-01,4.880429601158e-02,1.771494275127e-02,3.129012938083e-01,1.135766512296e-01,1.483159792707e-01,1,1,1,4.318548713270e-01,4.710598404207e-02,2.341920579857e-02,5.054265963510e-02,1.132950343018e-02,2.445101002277e-02,4.563174895786e-03,9.848113449999e-03,2.563395208379e-03,5.532246167599e-03,1.110223024625e-16,5.551115123126e-17,8.326672684689e-17,0.000000000000e+00,5.551115123126e-17,1.366543479235e+00,7.378303198887e-01,1.367733228772e+00,7.353760445682e-01
logreg,iid,fullbatch,fedavg,2,8.000000000000e-01,6,16,5.386397563603e-03,1.366625584944e-01,1.636614615427e-01,4.168873074669e-02,1.598792949066e-02,3.369040104129e-01,1.292051225146e-01,1.425295073471e-01,1,1,1,4.096714699195e-01,4.360590335367e-02,2.305744285687e-02,4.397980329602e-02,1.129043086926e-02,2.153538585523e-02,4.548315400009e-03,8.675464051344e-03,2.504250643297e-03,4.776611672848e-03,1.110223024625e-16,5.551115123126e-17,5.551115123126e-17,0.000000000000e+00,1.110223024625e-16,1.261425076907e+00,7.579972183588e-01,1.258574648112e+00,7.688022284123e-01
logreg,iid,fullbatch,fedavg,2,8.000000000000e-01,7,16,5.248431726426e-03,1.331616373848e-01,1.597585682087e-01,3.659815989314e-02,1.453269653711e-02,3.611464474624e-01,1.434069838962e-01,1.374044427723e-01,1,1,1,3.908453007873e-01,4.070056895953e-02,2.288944512529e-02,3.962972605254e-02,1.125575699940e-02,1.948769679468e-02,4.389241904243e-03,7.599330315409e-03,2.436562233448e-03,4.218551096060e-03,1.110223024625e-16,5.551115123126e-17,1.110223024625e-16,0.000000000000e+00,1.110223024625e-16,1.173081285868e+00,7.712100139082e-01,1.166735594303e+00,7.910863509749e-01
logreg,iid,fullbatch,fedavg,2,8.000000000000e-01,8,16,5.126261666470e-03,1.300586465629e-01,1.561591287090e-01,3.277844148108e-02,1.329784283568e-02,3.854957326400e-01,1.563912570227e-01,1.328328953323e-01,1,1,1,3.747782177340e-01,3.825271120343e-02,2.272210336329e-02,3.637532982950e-02,1.040421031118e-02,1.665587800715e-02,4.252500748550e-03,6.807737596097e-03,2.356403900145e-03,3.772316660516e-03,1.110223024625e-16,5.551115123126e-17,1.110223024625e-16,0.000000000000e+00,1.110223024625e-16,1.098127520739e+00,7.885952712100e-01,1.088797172476e+00,8.105849582173e-01
logreg,iid,fullbatch,fedavg,2,8.000000000000e-01,9,16,5.017650719507e-03,1.272973311443e-01,1.528615462792e-01,2.980834778963e-02,1.224127416526e-02,4.098961147154e-01,1.683303870083e-01,1.287384348771e-01,1,1,1,3.609987670939e-01,3.618380263583e-02,2.255435021041e-02,3.383541997860e-02,1.288333464870e-02,1.932722665459e-02,4.137110877878e-03,6.206380709051e-03,2.268025511381e-03,3.402429907485e-03,2.220446049250e-16,5.551115123126e-17,1.110223024625e-16,0.000000000000e+00,1.110223024625e-16,1.033948030713e+00,7.990264255911e-01,1.022089493479e+00,8.133704735376e-01
logreg,iid,fullbatch,fedavg,2,8.000000000000e-01,10,16,4.920806839518e-03,1.248324497562e-01,1.498573841176e-01,2.743441345175e-02,1.132969371904e-02,4.343283200365e-01,1.793662127376e-01,1.250632110813e-01,1,1,1,3.491295193358e-01,3.444737170389e-02,2.238585995745e-02,3.178690808488e-02,1.258620518534e-02,1.787184178426e-02,4.041602734604e-03,5.738892983548e-03,2.236266666685e-03,3.175397466183e-03,1.110223024625e-16,5.551115123126e-17,1.110223024625e-16,0.000000000000e+00,1.110223024625e-16,9.785156932851e-01,8.108484005563e-01,9.645269981836e-01,8.328690807799e-01
logreg,iid,fullbatch,fedavg,2,8.000000000000e-01,11,16,4.834237391948e-03,1.226263189227e-01,1.471320341228e-01,2.549490207286e-02,1.053700423204e-02,4.587866992831e-01,1.896158446945e-01,1.217596438425e-01,1,1,1,3.388626099760e-01,2.797833621875e-02,2.221682223934e-02,3.009111156195e-02,1.231077760423e-02,1.667407599127e-02,3.971726993329e-03,5.379422797841e-03,2.226587275586e-03,3.015754701113e-03,1.110223024625e-16,1.110223024625e-16,1.110223024625e-16,0.000000000000e+00,1.110223024625e-16,9.302488987746e-01,8.240611961057e-01,9.144719353367e-01,8.467966573816e-01
logreg,iid,fullbatch,fedavg,2,8.000000000000e-01,12,16,4.756663526672e-03,1.206467097062e-01,1.446665588476e-01,2.388163811366e-02,9.842688985381e-03,4.832687016462e-01,1.991766018744e-01,1.187862712340e-01,1,1,1,3.298762407196e-01,7.758825303156e-03,2.204771444910e-02,2.865752754909e-02,1.205570776917e-02,1.566995882119e-02,4.075966466088e-03,5.297924261528e-03,2.216654602489e-03,2.881198433711e-03,1.110223024625e-16,5.551115123126e-17,1.110223024625e-16,0.000000000000e+00,1.110223024625e-16,8.879035841494e-01,8.358831710709e-01,8.706291666674e-01,8.607242339833e-01
logreg,iid,fullbatch,fedavg,2,8.000000000000e-01,13,16,4.686973505756e-03,1.188656660191e-01,1.424396647263e-01,2.251945804240e-02,9.230484847847e-03,5.077711066119e-01,2.081299424227e-01,1.161060218156e-01,11,11,1,3.182959254368e-01,1.088450627560e-02,1.416433329939e-02,1.775445785853e-02,1.181947390808e-02,1.481526500228e-02,4.169778808142e-03,5.226660553926e-03,2.222608423153e-03,2.785955875989e-03,2.220446049250e-16,1.110223024625e-16,1.110223024625e-16,0.000000000000e+00,1.665334536938e-16,8.504929076021e-01,8.442280945758e-01,8.319667978924e-01,8.662952646240e-01
logreg,iid,fullbatch,fedavg,2,8.000000000000e-01,14,16,4.624196061656e-03,1.172588108348e-01,1.404292981119e-01,2.135447996471e-02,8.687373226965e-03,5.322893285284e-01,2.165445409721e-01,1.136855911200e-01,11,11,1,3.058375330874e-01,2.827537101733e-02,1.390908048022e-02,1.688006613049e-02,1.160050856333e-02,1.407838224638e-02,4.227000602541e-03,5.129889772796e-03,2.248851059249e-03,2.729206625248e-03,1.665334536938e-16,1.110223024625e-16,1.110223024625e-16,0.000000000000e+00,1.110223024625e-16,8.172274872683e-01,8.504867872045e-01,7.976564628033e-01,8.802228412256e-01
logreg,iid,fullbatch,fedavg,2,8.000000000000e-01,15,16,4.567482693460e-03,1.158048779321e-01,1.386137603563e-01,2.034706549901e-02,8.202831246711e-03,5.568178298550e-01,2.244786941725e-01,1.114952005650e-01,11,11,1,2.948315546105e-01,4.441972060018e-02,1.367405936494e-02,1.612013934866e-02,9.360282854690e-03,1.103469422894e-02,4.218477332622e-03,4.973098377457e-03,2.274768137548e-03,2.681689349484e-03,2.220446049250e-16,1.110223024625e-16,2.220446049250e-16,0.000000000000e+00,2.220446049250e-16,7.874707106510e-01,8.539638386648e-01,7.670282317592e-01,8.857938718663e-01
logreg,iid,fullbatch,fedavg,2,8.000000000000e-01,16,16,4.516093626755e-03,1.144853414634e-01,1.369724100961e-01,1.946741357154e-02,7.768276871031e-03,5.813507553517e-01,2.319822101770e-01,1.095084228771e-01,11,11,1,2.850699822387e-01,5.939146238138e-02,1.345810507596e-02,1.545435552992e-02,9.182987592884e-03,1.054510678035e-02,4.210356940551e-03,4.834882228950e-03,2.300040879148e-03,2.641207605310e-03,3.330669073875e-16,1.110223024625e-16,1.665334536938e-16,0.000000000000e+00,1.110223024625e-16,7.607050853714e-01,8.616133518776e-01,7.395363700075e-01,8.857938718663e-01
logreg,iid,fullbatch,fedavg,2,8.000000000000e-01,17,16,4.469385345621e-03,1.132840910990e-01,1.354860602391e-01,1.869269984990e-02,7.376654161930e-03,6.058824566682e-01,2.390979035405e-01,1.077019705016e-01,11,11,1,2.763784222136e-01,7.326870303196e-02,1.325988782548e-02,1.486688301276e-02,9.014290032431e-03,1.010675181563e-02,4.202574825526e-03,4.711894180839e-03,2.324454233330e-03,2.606159992472e-03,2.220446049250e-16,1.110223024625e-16,1.110223024625e-16,0.000000000000e+00,1.110223024625e-16,7.365067193029e-01,8.671766342142e-01,7.147331731912e-01,8.885793871866e-01
logreg,iid,fullbatch,fedavg,2,8.000000000000e-01,18,16,4.426799063707e-03,1.121871357075e-01,1.348072545242e-01,1.800516098362e-02,7.022119443997e-03,6.304078275814e-01,2.458627872161e-01,1.060554351199e-01,11,11,1,2.686102206796e-01,8.613090881483e-02,1.307802749226e-02,1.434519746134e-02,8.853715011735e-03,9.711578461268e-03,4.195081084018e-03,4.601555284400e-03,2.347871454888e-03,2.575363880686e-03,2.220446049250e-16,1.110223024625e-16,1.110223024625e-16,0.000000000000e+00,2.220446049250e-16,7.145258254292e-01,8.699582753825e-01,6.922488478242e-01,8.885793871866e-01
logreg,iid,fullbatch,fedavg,2,8.000000000000e-01,19,16,4.387850057729e-03,1.111823322758e-01,1.343252677369e-01,1.739077690456e-02,6.699800785695e-03,6.549224668139e-01,2.523090303446e-01,1.045509968461e-01,11,11,1,2.616416907720e-01,9.805660162861e-02,1.291116364592e-02,1.387925961270e-02,8.700807649021e-03,9.353205606618e-03,4.187833833799e-03,4.501843101689e-03,2.370213553792e-03,2.547935271583e-03,3.330669073875e-16,1.110223024625e-16,1.110223024625e-16,0.000000000000e+00,2.220446049250e-16,6.944717222908e-01,8.720445062587e-01,6.717759416057e-01,8.885793871866e-01
logreg,iid,fullbatch,fedavg,2,8.000000000000e-01,20,16,4.352117935613e-03,1.102591406860e-01,1.338641155964e-01,1.683834338747e-02,6.405611487917e-03,6.794227130107e-01,2.584647334637e-01,1.031731258216e-01,11,11,1,2.553682026535e-01,1.048697100621e-01,1.275799620454e-02,1.346092933883e-02,8.555135929857e-03,9.026502155169e-03,4.180795604093e-03,4.411146805858e-03,2.391443265824e-03,2.523205705895e-03,2.220446049250e-16,5.551115123126e-17,1.110223024625e-16,0.000000000000e+00,1.110223024625e-16,6.761012117225e-01,8.734353268428e-01,6.530572178966e-01,8.941504178273e-01
logreg,iid,fullbatch,fedavg,2,8.000000000000e-01,21,16,4.319237904120e-03,1.094084050552e-01,1.334194984224e-01,1.633880611157e-02,6.136103938449e-03,7.039055966858e-01,2.643545602185e-01,1.019082940110e-01,11,11,1,2.497009692595e-01,1.101082343991e-01,1.261730710848e-02,1.308353919851e-02,8.416291557704e-03,8.727288600854e-03,4.173931570070e-03,4.328165815367e-03,2.411552857424e-03,2.500664053598e-03,2.220446049250e-16,1.110223024625e-16,1.110223024625e-16,0.000000000000e+00,2.220446049250e-16,6.592095106178e-01,8.748261474270e-01,6.358761523691e-01,8.969359331476e-01
logreg,iid,fullbatch,fedavg,2,8.000000000000e-01,22,16,4.288893050368e-03,1.086221613397e-01,1.329880898095e-01,1.588477404876e-02,5.888354048588e-03,7.283687453196e-01,2.700002554145e-01,1.007447084388e-01,11,11,1,2.445644003380e-01,1.149110237634e-01,1.248796996917e-02,1.274157841034e-02,8.283889784418e-03,8.452120840408e-03,4.167208831719e-03,4.251837425355e-03,2.430555015725e-03,2.479915261645e-03,2.220446049250e-16,1.110223024625e-16,1.110223024625e-16,0.000000000000e+00,1.110223024625e-16,6.436231267638e-01,8.748261474270e-01,6.200494375795e-01,9.025069637883e-01
logreg,iid,fullbatch,fedavg,2,8.000000000000e-01,23,16,4.260807602537e-03,1.078934698810e-01,1.325673327173e-01,1.547015834856e-02,5.659869139194e-03,7.528102678261e-01,2.754210723987e-01,9.967207155381e-02,11,11,1,2.398939228881e-01,1.193077588884e-01,1.236895228585e-02,1.243045496249e-02,8.157568670778e-03,8.198130902448e-03,4.160596237735e-03,4.181284150432e-03,2.440137940100e-03,2.452271143561e-03,2.220446049250e-16,1.110223024625e-16,1.110223024625e-16,0.000000000000e+00,2.220446049250e-16,6.291942240511e-01,8.769123783032e-01,6.054210340971e-01,9.052924791086e-01
logreg,iid,fullbatch,fedavg,2,8.000000000000e-01,24,16,4.234741100603e-03,1.072162708735e-01,1.321552747750e-01,1.508990063522e-02,5.448513995305e-03,7.772286359642e-01,2.806341276178e-01,9.868137046727e-02,11,11,1,2.356341846328e-01,1.233272834680e-01,1.225931322353e-02,1.214631406491e-02,8.036988054079e-03,7.962907812273e-03,4.153954031594e-03,4.115665319823e-03,2.447059493620e-03,2.424503934525e-03,3.330669073875e-16,1.110223024625e-16,2.220446049250e-16,0.000000000000e+00,3.330669073875e-16,6.157961360497e-01,8.783031988873e-01,5.918574198537e-01,9.052924791086e-01
logreg,iid,fullbatch,fedavg,2,8.000000000000e-01,25,16,4.210483388840e-03,1.065852603642e-01,1.317504363726e-01,1.473976602886e-02,5.252451125544e-03,8.016225735758e-01,2.856546963227e-01,9.776469432378e-02,11,11,1,2.317375718097e-01,1.269972971668e-01,1.215819887933e-02,1.188589789990e-02,7.921828388836e-03,7.744407238663e-03,4.238196346454e-03,4.143275624427e-03,2.453809226815e-03,2.398852513041e-03,2.220446049250e-16,1.110223024625e-16,2.220446049250e-16,0.000000000000e+00,2.220446049250e-16,6.033197706767e-01,8.789986091794e-01,5.792437733316e-01,9.080779944290e-01
logreg,iid,fullbatch,fedavg,2,8.000000000000e-01,26,16,4.187850334907e-03,1.059957843060e-01,1.313517057102e-01,1.441618369027e-02,5.070092215713e-03,8.259909596769e-01,2.904964604282e-01,9.691507767261e-02,11,11,1,2.281629846147e-01,1.303441510707e-01,1.206483626244e-02,1.164643608402e-02,7.811789556552e-03,7.540882096798e-03,4.337738020412e-03,4.187308265529e-03,2.460345851781e-03,2.375022759038e-03,3.330669073875e-16,1.110223024625e-16,2.220446049250e-16,0.000000000000e+00,2.220446049250e-16,5.916707107037e-01,8.803894297636e-01,5.674808888427e-01,9.108635097493e-01
logreg,iid,fullbatch,fedavg,2,8.000000000000e-01,27,16,4.166680181472e-03,1.054437482650e-01,1.309582557329e-01,1.411612271023e-02,4.900058466419e-03,8.503327480737e-01,2.951717172628e-01,9.612636705967e-02,11,11,1,2.248748237055e-01,1.333927253976e-01,1.197852675344e-02,1.142555926376e-02,7.730446894231e-03,7.373584493606e-03,4.372457337699e-03,4.170610582458e-03,2.466638786898e-03,2.352770772407e-03,2.220446049250e-16,1.110223024625e-16,2.220446049250e-16,0.000000000000e+00,2.220446049250e-16,5.807668610310e-01,8.824756606398e-01,5.564826691070e-01,9.108635097493e-01
logreg,iid,fullbatch,fedavg,2,8.000000000000e-01,28,16,4.146830442397e-03,1.049255405657e-01,1.305694786643e-01,1.383699459293e-02,4.741148026240e-03,8.746469039663e-01,2.996915561790e-01,9.539310788181e-02,11,11,1,2.218421495699e-01,1.361663709575e-01,1.189863951085e-02,1.122123033978e-02,7.047005891479e-03,6.645808223869e-03,4.331987500062e-03,4.085360307193e-03,2.472665863685e-03,2.331892918045e-03,3.330669073875e-16,1.110223024625e-16,2.220446049250e-16,0.000000000000e+00,2.220446049250e-16,5.705365282416e-01,8.845618915160e-01,5.461740757027e-01,9.080779944290e-01
logreg,iid,fullbatch,fedavg,2,8.000000000000e-01,29,16,4.128175264021e-03,1.044379668951e-01,1.301849345881e-01,1.357657596355e-02,4.592309124923e-03,8.989323566258e-01,3.040660086243e-01,9.471044864131e-02,11,11,1,2.190379835462e-01,1.386868984727e-01,1.182460510045e-02,1.103168926683e-02,6.923236804533e-03,6.458989243145e-03,4.294567166873e-03,4.006588813579e-03,2.478411520541e-03,2.312218085734e-03,2.220446049250e-16,1.110223024625e-16,2.220446049250e-16,0.000000000000e+00,4.440892098501e-16,5.609168439866e-01,8.859527121001e-01,5.364894447341e-01,9.080779944290e-01
logreg,iid,fullbatch,fedavg,2,8.000000000000e-01,30,16,4.110603181482e-03,1.039781946284e-01,1.298043111895e-01,1.333294680694e-02,4.452617810090e-03,9.231879664513e-01,3.083041761887e-01,9.407405997731e-02,11,11,1,2.164387250376e-01,1.409746026809e-01,1.175590949983e-02,1.085540840898e-02,6.802778888225e-03,6.281686937856e-03,4.259924199391e-03,3.933614577109e-03,2.483865379491e-03,2.293601624587e-03,2.220446049250e-16,1.110223024625e-16,2.220446049250e-16,0.000000000000e+00,2.220446049250e-16,5.518524634650e-01,8.859527121001e-01,5.273710954370e-01,9.108635097493e-01
logreg,iid,fullbatch,fedavg,2,8.000000000000e-01,31,16,4.094015209343e-03,1.035437053796e-01,1.294273923258e-01,1.310444074182e-02,4.321259420334e-03,9.474125043450e-01,3.124143402989e-01,9.348006615189e-02,11,11,1,2.140236641843e-01,1.430483107840e-01,1.169208855298e-02,1.069105617513e-02,6.685555947561e-03,6.113163946156e-03,4.227812168017e-03,3.865842888663e-03,2.489021123872e-03,2.275920553956e-03,2.220446049250e-16,1.110223024625e-16,2.220446049250e-16,0.000000000000e+00,4.440892098501e-16,5.432944852723e-01,8.852573018081e-01,5.187681750183e-01,9.108635097493e-01
logreg,iid,fullbatch,fedavg,2,8.000000000000e-01,32,16,4.078323214518e-03,1.031322544991e-01,1.290540335677e-01,1.288960470050e-02,4.197513105017e-03,9.716046412444e-01,3.164040565463e-01,9.292498698205e-02,11,11,1,2.117725878804e-01,1.449334628156e-01,1.163272290125e-02,1.053746720330e-02,6.571487337546e-03,5.952762124919e-03,4.198008118817e-03,3.802753082551e-03,2.493875612411e-03,2.259069755031e-03,3.330669073875e-16,1.110223024625e-16,2.220446049250e-16,0.000000000000e+00,2.220446049250e-16,5.351995503803e-01,8.866481223922e-01,5.106356950096e-01,9.136490250696e-01
logreg,iid,fullbatch,fedavg,2,8.000000000000e-01,33,16,4.063448527298e-03,1.027418364339e-01,1.286841432310e-01,1.268716601674e-02,4.080738839226e-03,9.957629457289e-01,3.202802361013e-01,9.240568850735e-02,11,11,1,2.094237946795e-01,1.476459858507e-01,1.157743338744e-02,1.039361776422e-02,6.460489448379e-03,5.799891534602e-03,4.170310429606e-03,3.743887881963e-03,2.498428179112e-03,2.242958921554e-03,4.440892098501e-16,1.110223024625e-16,2.220446049250e-16,0.000000000000e+00,4.440892098501e-16,5.275290868567e-01,8.866481223922e-01,5.029337236719e-01,9.164345403900e-01
logreg,iid,fullbatch,fedavg,2,8.000000000000e-01,34,16,4.049320753168e-03,1.023706550384e-01,1.283176677274e-01,1.249600539169e-02,3.970366490614e-03,1.019885887799e+00,3.240492162287e-01,9.191934095386e-02,11,11,1,2.072238640672e-01,1.501541691615e-01,1.152587691278e-02,1.025860535398e-02,6.352476892905e-03,5.654021291202e-03,4.144536790058e-03,3.688844469365e-03,2.502680079386e-03,2.227510102354e-03,3.330669073875e-16,1.110223024625e-16,2.220446049250e-16,0.000000000000e+00,2.220446049250e-16,5.202486737811e-01,8.866481223922e-01,4.956267061855e-01,9.164345403900e-01
logreg,iid,fullbatch,fedavg,2,8.000000000000e-01,35,16,4.035876754024e-03,1.020170980667e-01,1.279545803096e-01,1.231513455630e-02,3.865886580191e-03,1.043971847158e+00,3.277168215722e-01,9.146338279220e-02,11,11,1,2.051592589099e-01,1.524733597988e-01,1.147774271728e-02,1.013163167134e-02,6.247363454586e-03,5.514671917462e-03,4.120522324392e-03,3.637266970745e-03,2.506634051404e-03,2.212655708463e-03,3.330669073875e-16,1.110223024625e-16,2.220446049250e-16,0.000000000000e+00,2.220446049250e-16,5.133275031408e-01,8.873435326843e-01,4.886828899768e-01,9.164345403900e-01
logreg,iid,fullbatch,fedavg,2,8.000000000000e-01,36,16,4.023059772458e-03,1.016797152021e-01,1.275948724771e-01,1.214367771058e-02,3.766842446806e-03,1.068019124577e+00,3.312884175897e-01,9.103548989071e-02,11,11,1,2.032179128941e-01,1.546177666101e-01,1.143274904948e-02,9.959970921837e-03,6.145062842352e-03,5.353449722180e-03,4.098117864298e-03,3.570194236401e-03,2.510293968432e-03,2.186915397394e-03,2.220446049250e-16,1.110223024625e-16,2.220446049250e-16,0.000000000000e+00,2.220446049250e-16,5.067379226628e-01,8.873435326843e-01,4.820738369463e-01,9.164345403900e-01
logreg,iid,fullbatch,fedavg,2,8.000000000000e-01,37,16,4.010818677027e-03,1.013571990850e-01,1.272385474687e-01,1.198085601920e-02,3.672823578950e-03,1.092025955185e+00,3.347689572930e-01,9.063354893685e-02,11,11,1,2.013890436553e-01,1.566005382074e-01,1.139064019044e-02,9.791937757967e-03,6.163799305685e-03,5.298695959556e-03,4.077188372354e-03,3.504945648541e-03,2.513664563099e-03,2.160865985998e-03,2.220446049250e-16,1.110223024625e-16,2.220446049250e-16,0.000000000000e+00,2.220446049250e-16,5.004550458154e-01,8.873435326843e-01,4.757740078441e-01,9.192200557103e-01
logreg,iid,fullbatch,fedavg,2,8.000000000000e-01,38,16,3.999107310034e-03,1.010483688846e-01,1.268856153831e-01,1.182597459460e-02,3.583459920654e-03,1.115990522731e+00,3.381630222560e-01,9.025563444334e-02,11,11,1,1.996629930279e-01,1.584338382736e-01,1.135118379762e-02,9.633606118489e-03,6.187482293795e-03,5.251237963043e-03,4.057611511417e-03,3.443643568791e-03,2.516751208654e-03,2.135934918742e-03,4.440892098501e-16,1.110223024625e-16,2.220446049250e-16,0.000000000000e+00,2.220446049250e-16,4.944564178096e-01,8.894297635605e-01,4.697604067977e-01,9.192200557103e-01
logreg,iid,fullbatch,fedavg,2,8.000000000000e-01,39,16,3.987883922336e-03,1.007521560364e-01,1.265360895708e-01,1.167841151623e-02,3.498416992992e-03,1.139910974113e+00,3.414748586993e-01,8.989998877427e-02,11,11,1,1.980310900384e-01,1.601289174075e-01,1.131416853572e-02,9.484157657674e-03,6.209547527293e-03,5.205183884767e-03,4.039276352436e-03,3.385943353104e-03,2.519559745457e-03,2.112033401164e-03,2.220446049250e-16,1.110223024625e-16,2.220446049250e-16,0.000000000000e+00,4.440892098501e-16,4.887217284891e-01,8.901251738526e-01,4.640122761993e-01,9.192200557103e-01
logreg,iid,fullbatch,fedavg,2,8.000000000000e-01,40,16,3.977110682188e-03,1.004675918254e-01,1.261899840118e-01,1.153760852506e-02,3.417391700668e-03,1.163785433613e+00,3.447084093337e-01,8.956500472476e-02,11,11,1,1.964855330334e-01,1.616961810323e-01,1.127940196427e-02,9.342860853020e-03,6.230105269525e-03,5.160469217892e-03,4.007626086134e-03,3.319563660582e-03,2.522096343428e-03,2.089081962785e-03,2.220446049250e-16,1.110223024625e-16,2.220446049250e-16,0.000000000000e+00,2.220446049250e-16,4.832325646464e-01,8.901251738526e-01,4.585108339183e-01,9.192200557103e-01
logreg,iid,fullbatch,fedavg,2,8.000000000000e-01,41,16,3.966753247248e-03,1.001937965483e-01,1.258473114562e-01,1.140306310359e-02,3.340108715925e-03,1.187612016440e+00,3.478673415389e-01,8.924921026790e-02,11,11,1,1.950192879542e-01,1.631452531350e-01,1.124670865389e-02,9.209060044263e-03,6.249257340748e-03,5.117033601036e-03,3.999029269760e-03,3.274495836723e-03,2.524367393117e-03,2.067009256878e-03,2.220446049250e-16,1.110223024625e-16,4.440892098501e-16,0.000000000000e+00,4.440892098501e-16,4.779721956219e-01,8.908205841446e-01,4.532390462230e-01,9.220055710306e-01
logreg,iid,fullbatch,fedavg,2,8.000000000000e-01,42,16,3.956780390585e-03,9.992997002766e-02,1.255080821514e-01,1.127432170711e-02,3.266317350457e-03,1.211388841330e+00,3.509550723649e-01,8.895125514884e-02,11,11,1,1.936260002811e-01,1.644850357688e-01,1.121592850609e-02,9.082166065075e-03,6.267097814038e-03,5.074820427240e-03,3.990359928345e-03,3.231218129554e-03,2.526379419618e-03,2.045751042359e-03,4.440892098501e-16,1.110223024625e-16,2.220446049250e-16,0.000000000000e+00,2.220446049250e-16,4.729253871086e-01,8.915159944367e-01,4.481814309389e-01,9.220055710306e-01
logreg,iid,fullbatch,fedavg,2,8.000000000000e-01,43,16,3.947163672984e-03,9.967538328916e-02,1.251723030160e-01,1.115097395604e-02,3.195788841122e-03,1.235114042015e+00,3.539747907714e-01,8.866989905999e-02,11,11,1,1.922999185863e-01,1.657237643738e-01,1.118691525387e-02,8.961648207216e-03,5.417556045718e-03,4.339912328181e-03,3.981610557816e-03,3.189600735102e-03,2.528139014703e-03,2.025249316237e-03,3.330669073875e-16,1.110223024625e-16,2.220446049250e-16,0.000000000000e+00,2.220446049250e-16,4.680782389494e-01,8.922114047288e-01,4.433238862994e-01,9.220055710306e-01
logreg,iid,fullbatch,fedavg,2,8.000000000000e-01,44,16,3.937877155044e-03,9.942937123952e-02,1.248399771530e-01,1.103264763408e-02,3.128313987565e-03,1.258785777482e+00,3.569294774611e-01,8.840400117496e-02,11,11,1,1.910358279723e-01,1.668690590472e-01,1.115953512276e-02,8.847027303929e-03,5.363897059095e-03,4.252376395185e-03,3.972775321946e-03,3.149526513334e-03,2.529652783534e-03,2.005451571162e-03,2.220446049250e-16,1.110223024625e-16,2.220446049250e-16,0.000000000000e+00,2.220446049250e-16,4.634180434134e-01,8.922114047288e-01,4.386535417022e-01,9.192200557103e-01
logreg,iid,fullbatch,fedavg,2,8.000000000000e-01,45,16,3.928897143589e-03,9.919132620980e-02,1.245111036145e-01,1.091900436501e-02,3.063701090052e-03,1.282402240984e+00,3.598219226085e-01,8.815251085580e-02,11,11,1,1.898289919579e-01,1.679279719479e-01,1.113366563422e-02,8.737869757074e-03,5.311476655619e-03,4.168527487648e-03,3.962934600555e-03,3.110171217018e-03,2.530927303030e-03,1.986310157414e-03,4.440892098501e-16,1.110223024625e-16,2.220446049250e-16,0.000000000000e+00,2.220446049250e-16,4.589331610125e-01,8.922114047288e-01,4.341586272019e-01,9.220055710306e-01
logreg,iid,fullbatch,fedavg,2,8.000000000000e-01,46,16,3.920201967731e-03,9.896069224763e-02,1.241856773530e-01,1.080973586301e-02,3.001774144139e-03,1.305961667831e+00,3.626547417451e-01,8.791445937698e-02,11,11,1,1.886751016011e-01,1.689070310495e-01,1.110919453534e-02,8.633782362971e-03,5.260253769173e-03,4.088134929366e-03,3.949905898183e-03,3.069766018648e-03,2.531969089575e-03,1.967781732476e-03,3.330669073875e-16,1.110223024625e-16,2.220446049250e-16,0.000000000000e+00,2.220446049250e-16,4.546129113923e-01,8.922114047288e-01,4.298283590804e-01,9.220055710306e-01
logreg,iid,fullbatch,fedavg,2,8.000000000000e-01,47,16,3.911771780627e-03,9.873696006001e-02,1.238636893060e-01,1.070456066985e-02,2.942371255722e-03,1.329462341987e+00,3.654303900248e-01,8.768895253463e-02,11,11,1,1.875702308408e-01,1.698122804717e-01,1.108601884058e-02,8.534407816549e-03,5.216316544891e-03,4.015704224800e-03,3.936862910553e-03,3.030735747402e-03,2.532784574190e-03,1.949826784389e-03,4.440892098501e-16,1.110223024625e-16,2.220446049250e-16,0.000000000000e+00,2.220446049250e-16,4.504474772146e-01,8.922114047288e-01,4.256528392530e-01,9.220055710306e-01
logreg,iid,fullbatch,fedavg,2,8.000000000000e-01,48,16,3.903588383579e-03,9.851966252235e-02,1.235451265739e-01,1.060322130688e-02,2.885343245741e-03,1.352902601568e+00,3.681511750627e-01,8.747516402919e-02,11,11,1,1.865107971992e-01,1.706493176235e-01,1.106404397293e-02,8.439420793539e-03,5.223725941680e-03,3.984548636991e-03,3.923811502035e-03,2.993001154118e-03,2.533380083704e-03,1.932409217521e-03,2.220446049250e-16,1.110223024625e-16,2.220446049250e-16,0.000000000000e+00,2.220446049250e-16,4.464278192732e-01,8.922114047288e-01,4.216229666161e-01,9.220055710306e-01
logreg,iid,fullbatch,fedavg,2,8.000000000000e-01,49,16,3.895635069587e-03,9.830837068184e-02,1.232299726602e-01,1.050548178144e-02,2.830552418536e-03,1.376280843300e+00,3.708192685146e-01,8.727232952634e-02,11,11,1,1.854935271148e-01,1.714233273924e-01,1.104318299340e-02,8.348524526846e-03,5.231194523142e-03,3.954725354752e-03,3.905989058825e-03,2.952884641927e-03,2.536764964455e-03,1.917766330347e-03,2.220446049250e-16,1.110223024625e-16,2.220446049250e-16,0.000000000000e+00,2.220446049250e-16,4.425456013505e-01,8.922114047288e-01,4.177303587316e-01,9.220055710306e-01
logreg,iid,fullbatch,fedavg,2,8.000000000000e-01,50,16,3.887896483918e-03,9.810269019326e-02,1.229182077507e-01,1.041112539744e-02,2.777871471856e-03,1.399595526038e+00,3.734367165412e-01,8.707974131516e-02,11,11,1,1.845154252894e-01,1.721391136026e-01,1.102335590885e-02,8.261447806719e-03,5.238702688802e-03,3.926142746032e-03,3.883359213441e-03,2.910381350459e-03,2.543116903471e-03,1.905937514685e-03,3.330669073875e-16,1.110223024625e-16,2.220446049250e-16,0.000000000000e+00,2.220446049250e-16,4.387931235421e-01,8.936022253129e-01,4.139672824818e-01,9.220055710306e-01
logreg,iid,fullbatch,fedavg,0,9.000000000000e-01,1,16,4.651139767312e-03,1.172329295690e-01,1.649071349320e-01,1.450591506021e-01,3.044285034740e-02,1.527826637202e-01,3.206374605123e-02,1.065094292864e-01,4,4,1,2.994002957662e-01,5.644081708616e-03,1.426770930686e-02,1.382910100006e-01,8.048619218088e-03,7.801193988752e-02,4.601921668558e-03,4.460452493116e-02,2.380732437992e-03,2.307545565375e-02,2.775557561563e-17,1.387778780781e-17,2.775557561563e-17,0.000000000000e+00,2.775557561563e-17,2.078515333941e+00,4.826147426982e-01,2.073125625029e+00,4.930362116992e-01
logreg,iid,fullbatch,fedavg,0,9.000000000000e-01,2,16,4.514924322312e-03,1.135413540036e-01,1.708216361977e-01,8.121158711488e-02,2.509329125356e-02,1.799255536745e-01,5.559458302330e-02,1.018461456744e-01,4,4,1,2.730903846420e-01,3.580274915125e-02,1.359424766547e-02,6.792682981753e-02,8.198561279323e-03,4.096602404733e-02,5.327256332436e-03,2.661887904300e-02,2.474145398441e-03,1.236264466850e-02,5.551115123126e-17,2.775557561563e-17,4.163336342344e-17,0.000000000000e+00,4.163336342344e-17,1.864063324315e+00,5.493741307371e-01,1.861313069316e+00,5.487465181058e-01
logreg,iid,fullbatch,fedavg,0,9.000000000000e-01,3,16,4.347765904499e-03,1.091658939212e-01,1.700820967074e-01,5.647368682215e-02,2.222566194912e-02,1.956191862565e-01,7.698746352778e-02,9.681582188867e-02,4,4,1,2.473583179165e-01,5.279249556439e-02,1.312280462230e-02,4.570755325794e-02,8.111976186937e-03,2.825452289074e-02,5.469369568878e-03,1.905015795419e-02,2.511971291469e-03,8.749353883704e-03,8.326672684689e-17,2.775557561563e-17,5.551115123126e-17,0.000000000000e+00,2.775557561563e-17,1.680767045201e+00,5.959666203060e-01,1.680894782752e+00,6.100278551532e-01
logreg,iid,fullbatch,fedavg,0,9.000000000000e-01,4,16,4.193890663317e-03,1.051612395817e-01,1.680734089479e-01,4.360108812735e-02,1.976250003043e-02,2.122145809923e-01,9.618775226589e-02,9.225099374556e-02,4,4,1,2.258006075059e-01,6.269965614762e-02,1.275603989999e-02,3.506439976102e-02,9.369901418711e-03,2.575642375243e-02,5.488077932325e-03,1.508588559204e-02,2.510151380323e-03,6.900021648600e-03,1.110223024625e-16,2.775557561563e-17,1.110223024625e-16,0.000000000000e+00,5.551115123126e-17,1.528748853916e+00,6.314325452017e-01,1.531445357395e+00,6.295264623955e-01
logreg,iid,fullbatch,fedavg,0,9.000000000000e-01,5,16,4.058770797448e-03,1.016511166964e-01,1.657832024247e-01,3.578720299867e-02,1.766913494976e-02,2.297096495662e-01,1.134140267290e-01,8.826360964463e-02,4,4,1,2.079175707950e-01,6.849344975092e-02,1.240245256290e-02,2.874454878724e-02,9.153268432944e-03,2.121407598207e-02,5.457015036045e-03,1.264745292439e-02,2.498817547372e-03,5.791385416435e-03,1.665334536938e-16,5.551115123126e-17,5.551115123126e-17,0.000000000000e+00,1.110223024625e-16,1.402824205463e+00,6.522948539638e-01,1.407602497080e+00,6.518105849582e-01
logreg,iid,fullbatch,fedavg,0,9.000000000000e-01,6,16,3.941100145987e-03,9.859644553687e-02,1.635131113492e-01,3.056555379256e-02,1.590969587225e-02,2.477168751455e-01,1.289392684567e-01,8.484717931561e-02,4,4,1,1.930733624965e-01,7.117153183271e-02,1.207210032688e-02,2.455928595027e-02,8.929410166351e-03,1.816584783961e-02,5.400167296090e-03,1.098601313880e-02,2.487310787499e-03,5.060144898013e-03,1.110223024625e-16,5.551115123126e-17,5.551115123126e-17,0.000000000000e+00,1.110223024625e-16,1.297794623191e+00,6.780250347705e-01,1.304166841624e+00,6.852367688022e-01
logreg,iid,fullbatch,fedavg,0,9.000000000000e-01,7,16,3.838354689306e-03,9.592920304506e-02,1.613851783421e-01,2.683793889968e-02,1.443415061938e-02,2.659217567088e-01,1.430197268000e-01,8.194552026774e-02,4,4,1,1.810318376326e-01,6.958111772115e-02,1.176788442494e-02,2.158224688421e-02,8.705018230126e-03,1.596496411674e-02,5.328535312408e-03,9.772509695957e-03,2.479279150993e-03,4.546986764945e-03,1.110223024625e-16,5.551115123126e-17,1.110223024625e-16,0.000000000000e+00,1.110223024625e-16,1.209353415746e+00,7.086230876217e-01,1.216903525959e+00,7.130919220056e-01
logreg,iid,fullbatch,fedavg,0,9.000000000000e-01,8,16,3.748126218342e-03,9.358517037772e-02,1.594511186379e-01,2.404568338056e-02,1.319181004456e-02,2.841252417736e-01,1.558752213036e-01,7.948326502495e-02,4,4,1,1.711381397864e-01,6.484410117767e-02,1.148914369396e-02,1.935429663422e-02,8.485005687093e-03,1.429360806910e-02,5.248336387268e-03,8.841203659831e-03,2.476004567356e-03,4.171009445159e-03,1.665334536938e-16,5.551115123126e-17,1.110223024625e-16,0.000000000000e+00,1.110223024625e-16,1.134122361107e+00,7.329624478442e-01,1.142520838148e+00,7.465181058496e-01
logreg,iid,fullbatch,fedavg,0,9.000000000000e-01,9,16,3.668402050713e-03,9.151099386652e-02,1.577261664372e-01,2.187638718789e-02,1.213816436919e-02,3.022204955490e-01,1.676877456595e-01,7.738425289979e-02,4,4,1,1.628835311144e-01,5.796871459050e-02,1.123369196476e-02,1.762208967954e-02,8.272760333124e-03,1.297732971004e-02,5.163487376558e-03,8.099869383487e-03,2.477595480038e-03,3.886559278626e-03,2.220446049250e-16,5.551115123126e-17,1.110223024625e-16,0.000000000000e+00,1.110223024625e-16,1.069495635591e+00,7.517385257302e-01,1.078490170191e+00,7.576601671309e-01
logreg,iid,fullbatch,fedavg,0,9.000000000000e-01,10,16,3.597552051271e-03,8.966381481396e-02,1.562049875286e-01,2.014237980164e-02,1.123672626300e-02,3.201601576001e-01,1.786061074560e-01,7.558043537650e-02,4,4,1,1.558921825621e-01,4.975138304076e-02,1.099891369743e-02,1.623458804694e-02,8.070361621925e-03,1.191199421379e-02,5.076574138288e-03,7.493111782858e-03,2.483575972924e-03,3.665801361195e-03,2.220446049250e-16,5.551115123126e-17,1.110223024625e-16,0.000000000000e+00,2.220446049250e-16,1.013465860770e+00,7.732962447844e-01,1.022865948215e+00,7.604456824513e-01
logreg,iid,fullbatch,fedavg,0,9.000000000000e-01,11,16,3.534254554736e-03,8.800923232909e-02,1.548713775870e-01,1.872434581930e-02,1.045853096685e-02,3.379303045464e-01,1.887518308433e-01,7.401472616144e-02,4,4,1,1.498901588660e-01,4.077720315154e-02,1.078227044638e-02,1.509630850621e-02,7.878871891925e-03,1.103124628091e-02,4.989337251859e-03,6.985594988565e-03,2.493220320632e-03,3.490769715098e-03,1.110223024625e-16,5.551115123126e-17,1.110223024625e-16,0.000000000000e+00,1.110223024625e-16,9.644778621998e-01,7.872044506259e-01,9.741403655779e-01,7.715877437326e-01
logreg,iid,fullbatch,fedavg,0,9.000000000000e-01,12,16,3.477427051884e-03,8.651935180365e-02,1.537044358297e-01,1.754286344901e-02,9.780866624017e-03,3.555336337319e-01,1.982245978253e-01,7.264081687353e-02,4,4,1,1.446766421186e-01,3.145643051445e-02,1.058149239557e-02,1.414402548488e-02,7.698627131982e-03,1.029056906934e-02,4.902959427482e-03,6.553667526391e-03,2.505744400486e-03,3.349368060208e-03,1.110223024625e-16,1.110223024625e-16,1.110223024625e-16,0.000000000000e+00,2.220446049250e-16,9.213161810563e-01,7.948539638387e-01,9.311337660986e-01,7.827298050139e-01
logreg,iid,fullbatch,fedavg,0,9.000000000000e-01,13,16,3.426173431208e-03,8.517128075516e-02,1.526822763572e-01,1.654303083880e-02,9.185947328371e-03,3.729798690034e-01,2.071067547774e-01,7.142179908275e-02,4,4,1,1.401022081658e-01,2.206657131700e-02,1.039462194856e-02,1.333426012001e-02,7.529480262469e-03,9.658845591986e-03,4.818247627911e-03,6.180866173980e-03,2.520407663260e-03,3.233188427311e-03,2.220446049250e-16,1.110223024625e-16,1.110223024625e-16,0.000000000000e+00,1.110223024625e-16,8.830213446785e-01,8.011126564673e-01,8.929137285908e-01,7.883008356546e-01
logreg,iid,fullbatch,fedavg,0,9.000000000000e-01,14,16,3.379745360442e-03,8.394602995011e-02,1.517840524869e-01,1.568568362467e-02,8.659778845294e-03,3.902807936347e-01,2.154668831345e-01,7.032850558927e-02,4,4,1,1.360536225321e-01,1.278894513297e-02,1.021999617375e-02,1.263615347833e-02,7.370985497198e-03,9.113594804308e-03,4.735750502377e-03,5.855351525161e-03,2.536559917389e-03,3.136239963126e-03,2.220446049250e-16,1.110223024625e-16,1.110223024625e-16,0.000000000000e+00,1.110223024625e-16,8.488281721371e-01,8.094575799722e-01,8.587356101367e-01,7.938718662953e-01
logreg,iid,fullbatch,fedavg,0,9.000000000000e-01,15,16,3.337513611929e-03,8.282770899496e-02,1.509909091776e-01,1.494213410066e-02,8.191264108277e-03,4.074479308458e-01,2.233625792303e-01,6.933795646385e-02,4,4,1,1.324434642530e-01,3.737185727653e-03,1.005620884927e-02,1.202720750518e-02,7.222529586902e-03,8.638132257993e-03,4.655834563591e-03,5.568369675434e-03,2.553656047039e-03,3.054167990637e-03,2.220446049250e-16,1.110223024625e-16,2.220446049250e-16,0.000000000000e+00,2.220446049250e-16,8.181203010683e-01,8.171070931850e-01,8.279987287430e-01,8.077994428969e-01
logreg,iid,fullbatch,fedavg,0,9.000000000000e-01,16,16,3.298946158911e-03,8.180292462680e-02,1.502863063865e-01,1.429088926669e-02,7.771522463572e-03,4.244916198047e-01,2.308426086961e-01,6.843203887280e-02,15,15,1,1.285574760157e-01,4.996607374615e-03,9.869679423121e-03,1.145304945165e-02,4.951353403345e-03,5.745687671298e-03,4.578734304916e-03,5.313290145707e-03,2.571253615500e-03,2.983753934506e-03,2.220446049250e-16,1.110223024625e-16,2.220446049250e-16,0.000000000000e+00,1.110223024625e-16,7.903964878403e-01,8.282336578581e-01,8.002138637838e-01,8.161559888579e-01
logreg,iid,fullbatch,fedavg,0,9.000000000000e-01,17,16,3.263591003567e-03,8.086031935125e-02,1.496560029113e-01,1.371553049408e-02,7.393378850385e-03,4.414207725061e-01,2.379485798946e-01,6.759643777183e-02,15,15,1,1.246014079622e-01,1.327367153109e-02,9.664417821875e-03,1.090963736645e-02,4.869724770767e-03,5.497168303635e-03,4.504586140034e-03,5.084983097738e-03,2.589002431748e-03,2.922584494153e-03,2.220446049250e-16,1.110223024625e-16,2.220446049250e-16,0.000000000000e+00,2.220446049250e-16,7.652454328423e-01,8.317107093185e-01,7.749789542527e-01,8.217270194986e-01
logreg,iid,fullbatch,fedavg,0,9.000000000000e-01,18,16,3.231062459796e-03,7.999021017529e-02,1.490878762388e-01,1.320330155190e-02,7.050981550380e-03,4.582429320953e-01,2.447162512417e-01,6.658464618397e-02,15,15,1,1.210160015630e-01,2.108567868688e-02,9.472709791872e-03,1.042555059633e-02,4.790416401195e-03,5.272274741382e-03,4.433452364167e-03,4.879404410624e-03,2.606631243673e-03,2.868827031965e-03,3.330669073875e-16,1.110223024625e-16,1.110223024625e-16,0.000000000000e+00,1.665334536938e-16,7.423268010212e-01,8.365785813630e-01,7.519607631165e-01,8.217270194986e-01
logreg,iid,fullbatch,fedavg,0,9.000000000000e-01,19,16,3.201030062494e-03,7.918430123110e-02,1.485716782212e-01,1.274414324610e-02,6.739515148434e-03,4.749644435829e-01,2.511765601407e-01,6.533995595301e-02,15,15,1,1.177537368662e-01,2.845047568530e-02,9.293318782768e-03,9.991537694517e-03,4.713484070263e-03,5.067614149626e-03,4.365338869715e-03,4.693312355428e-03,2.623934286336e-03,2.821073821171e-03,2.220446049250e-16,1.110223024625e-16,1.110223024625e-16,0.000000000000e+00,2.220446049250e-16,7.213567746471e-01,8.407510431154e-01,7.308809129978e-01,8.272980501393e-01
logreg,iid,fullbatch,fedavg,0,9.000000000000e-01,20,16,3.173209532448e-03,7.843545259113e-02,1.480987797658e-01,1.233001800705e-02,6.454983506577e-03,4.915906491806e-01,2.573564394338e-01,6.420775938092e-02,15,15,1,1.147742530699e-01,3.539244987677e-02,9.125115036358e-03,9.600152033340e-03,4.638948135883e-03,4.880443391871e-03,4.300208790846e-03,4.524069888734e-03,2.640758982084e-03,2.778232122050e-03,2.220446049250e-16,1.110223024625e-16,2.220446049250e-16,0.000000000000e+00,2.220446049250e-16,7.020969492029e-01,8.449235048679e-01,7.115051500198e-01,8.300835654596e-01
logreg,iid,fullbatch,fedavg,0,9.000000000000e-01,21,16,3.147355378733e-03,7.773749275941e-02,1.476619305306e-01,1.195442763126e-02,6.194044265169e-03,5.081260714315e-01,2.632794706544e-01,6.317409687490e-02,15,15,1,1.120431739832e-01,4.193896438378e-02,8.967076970287e-03,9.245337406334e-03,4.566801079584e-03,4.708515047686e-03,4.237993322362e-03,4.369503944357e-03,2.656995291159e-03,2.739445421870e-03,3.330669073875e-16,1.110223024625e-16,2.220446049250e-16,0.000000000000e+00,2.220446049250e-16,6.843457176429e-01,8.504867872045e-01,6.936350119674e-01,8.300835654596e-01
logreg,iid,fullbatch,fedavg,0,9.000000000000e-01,22,16,3.123254818258e-03,7.708506561512e-02,1.472550444921e-01,1.161206266189e-02,5.953881465384e-03,5.245745714652e-01,2.689664109813e-01,6.222718788117e-02,15,15,1,1.095311290011e-01,4.811814782104e-02,8.818286858891e-03,8.922122139513e-03,4.497013778226e-03,4.549966091424e-03,4.178600433212e-03,4.227803430975e-03,2.672566792243e-03,2.704036251934e-03,2.220446049250e-16,1.110223024625e-16,2.220446049250e-16,0.000000000000e+00,2.220446049250e-16,6.679315241287e-01,8.553546592490e-01,6.771013030683e-01,8.300835654596e-01
logreg,iid,fullbatch,fedavg,0,9.000000000000e-01,23,16,3.100722760147e-03,7.647350479728e-02,1.468730142658e-01,1.129854332054e-02,5.732106590050e-03,5.409394803525e-01,2.744356216708e-01,6.135701714540e-02,15,15,1,1.072129399607e-01,5.395756839405e-02,8.677923473549e-03,8.626389848334e-03,4.429540724758e-03,4.403236011162e-03,4.121921912602e-03,4.097443985405e-03,2.687423371044e-03,2.671464176518e-03,2.220446049250e-16,1.110223024625e-16,2.220446049250e-16,0.000000000000e+00,2.220446049250e-16,6.527075354034e-01,8.560500695410e-01,6.617589384851e-01,8.384401114206e-01
logreg,iid,fullbatch,fedavg,0,9.000000000000e-01,24,16,3.079597653487e-03,7.589873009120e-02,1.465115531293e-01,1.101022527518e-02,5.526680975575e-03,5.572237057100e-01,2.797034190054e-01,6.055501216099e-02,15,15,1,1.050669471736e-01,5.948347897526e-02,8.545253373907e-03,8.354705353115e-03,4.364324347727e-03,4.267005598924e-03,4.067839040903e-03,3.977131528296e-03,2.701535313760e-03,2.641294594778e-03,2.220446049250e-16,1.110223024625e-16,1.110223024625e-16,0.000000000000e+00,2.220446049250e-16,6.385473970134e-01,8.567454798331e-01,6.474828365752e-01,8.412256267409e-01
logreg,iid,fullbatch,fedavg,0,9.000000000000e-01,25,16,3.059738036690e-03,7.535716154608e-02,1.461670619888e-01,1.074405208081e-02,5.335854443015e-03,5.734298169800e-01,2.847843638207e-01,5.981378978421e-02,15,15,1,1.030744512270e-01,6.431824210581e-02,8.419621884442e-03,8.104180934190e-03,4.301298548246e-03,4.140150491956e-03,4.016227103639e-03,3.865759242803e-03,2.714888583841e-03,2.613175342265e-03,2.220446049250e-16,1.110223024625e-16,2.220446049250e-16,0.000000000000e+00,1.110223024625e-16,6.253418270653e-01,8.595271210014e-01,6.341646196988e-01,8.523676880223e-01
logreg,iid,fullbatch,fedavg,0,9.000000000000e-01,26,16,3.041019658364e-03,7.484564794625e-02,1.458365179964e-01,1.049744171896e-02,5.158116351224e-03,5.895601128972e-01,2.896915019658e-01,5.912695553034e-02,15,15,1,1.012192504992e-01,6.833414948805e-02,8.300444357353e-03,7.872372505766e-03,4.240391558813e-03,4.021705403242e-03,3.966958928044e-03,3.762374284091e-03,2.727481072695e-03,2.586818980078e-03,2.220446049250e-16,1.110223024625e-16,2.220446049250e-16,0.000000000000e+00,2.220446049250e-16,6.129958620798e-01,8.657858136300e-01,6.217099443151e-01,8.523676880223e-01
logreg,iid,fullbatch,fedavg,0,9.000000000000e-01,27,16,3.023333065073e-03,7.436140695378e-02,1.455173815614e-01,1.026819838837e-02,4.992156248776e-03,6.056166743207e-01,2.944365652789e-01,5.848894321514e-02,15,15,1,9.948725750123e-02,7.101619295020e-02,8.187198043631e-03,7.657198254599e-03,4.181528220110e-03,3.910836212579e-03,3.913247431403e-03,3.659922630657e-03,2.739319639931e-03,2.561989273239e-03,2.220446049250e-16,1.110223024625e-16,2.220446049250e-16,0.000000000000e+00,2.220446049250e-16,6.014266146795e-01,8.678720445063e-01,6.100363248950e-01,8.579387186630e-01
logreg,iid,fullbatch,fedavg,0,9.000000000000e-01,28,16,3.006581571789e-03,7.390197478472e-02,1.452075187975e-01,1.005444322817e-02,4.836832006407e-03,6.216014051774e-01,2.990301405617e-01,5.789488569746e-02,15,15,1,9.786618000240e-02,6.884407251804e-02,8.079414719211e-03,7.456874332428e-03,4.124631764794e-03,3.806817920174e-03,3.858973042217e-03,3.561628908542e-03,2.750417787154e-03,2.538490783461e-03,3.330669073875e-16,1.110223024625e-16,2.220446049250e-16,0.000000000000e+00,2.220446049250e-16,5.905614361098e-01,8.699582753825e-01,5.990713484116e-01,8.662952646240e-01
logreg,iid,fullbatch,fedavg,0,9.000000000000e-01,29,16,2.990679547267e-03,7.346516371018e-02,1.449051368334e-01,9.854559398954e-03,4.691143826588e-03,6.375160638471e-01,3.034818124476e-01,5.734050977384e-02,15,15,1,9.634525536539e-02,6.673130882054e-02,7.994687358460e-03,7.286280725512e-03,4.069625189590e-03,3.709017032115e-03,3.806913892150e-03,3.469584496847e-03,2.760793836671e-03,2.516160797452e-03,2.220446049250e-16,1.110223024625e-16,2.220446049250e-16,0.000000000000e+00,2.220446049250e-16,5.803364012990e-01,8.720445062587e-01,5.887512000838e-01,8.662952646240e-01
logreg,iid,fullbatch,fedavg,0,9.000000000000e-01,30,16,2.975550959641e-03,7.304902601112e-02,1.446087298036e-01,9.667148168009e-03,4.554212906172e-03,6.533622869516e-01,3.078002848336e-01,5.682204997852e-02,15,15,1,9.491502860612e-02,6.467180955977e-02,7.924500140145e-03,7.136170343686e-03,4.016432288558e-03,3.616877339661e-03,3.756960998839e-03,3.383218270952e-03,2.770469510709e-03,2.494863021107e-03,3.330669073875e-16,1.110223024625e-16,2.220446049250e-16,0.000000000000e+00,2.220446049250e-16,5.706950526632e-01,8.755215577191e-01,5.790194389370e-01,8.690807799443e-01
logreg,iid,fullbatch,fedavg,0,9.000000000000e-01,31,16,2.961128138011e-03,7.265182328268e-02,1.443170336945e-01,9.490993511446e-03,4.425263809922e-03,6.691416071899e-01,3.119934846062e-01,5.633617730630e-02,15,15,1,9.356716643250e-02,6.266023128767e-02,7.856960185897e-03,6.994829813886e-03,3.964978411383e-03,3.529908329323e-03,3.709008414318e-03,3.302025468194e-03,2.777997461482e-03,2.473172703784e-03,3.330669073875e-16,1.110223024625e-16,2.220446049250e-16,0.000000000000e+00,2.220446049250e-16,5.615873528336e-01,8.776077885953e-01,5.698259752302e-01,8.690807799443e-01
logreg,iid,fullbatch,fedavg,0,9.000000000000e-01,32,16,2.947350714090e-03,7.227200019419e-02,1.440289885332e-01,9.325033368381e-03,4.303609824120e-03,6.848554665832e-01,3.160686506585e-01,5.587993981628e-02,15,15,1,9.229430094600e-02,6.069185209475e-02,7.791891947365e-03,6.847413419794e-03,3.915191001631e-03,3.440618990448e-03,3.662953899376e-03,3.218956301769e-03,2.782018300366e-03,2.444801541489e-03,2.220446049250e-16,1.110223024625e-16,2.220446049250e-16,0.000000000000e+00,2.220446049250e-16,5.529688071134e-01,8.776077885953e-01,5.611262120485e-01,8.718662952646e-01
logreg,iid,fullbatch,fedavg,0,9.000000000000e-01,33,16,2.934164714640e-03,7.190816197840e-02,1.437437066707e-01,9.168336134941e-03,4.188640719127e-03,7.005052262518e-01,3.200324106200e-01,5.545071277723e-02,15,15,1,9.108989785774e-02,5.876247350427e-02,7.729136205123e-03,6.698773353074e-03,3.866999961319e-03,3.351494346814e-03,3.618699373641e-03,3.136294443985e-03,2.785654552522e-03,2.414301933887e-03,4.440892098501e-16,1.110223024625e-16,2.220446049250e-16,0.000000000000e+00,2.220446049250e-16,5.447997246266e-01,8.776077885953e-01,5.528803212050e-01,8.746518105850e-01
logreg,iid,fullbatch,fedavg,0,9.000000000000e-01,34,16,2.921521780704e-03,7.155905505565e-02,1.434604461309e-01,9.020081318482e-03,4.079812471454e-03,7.160921736343e-01,3.238908472718e-01,5.504615654163e-02,15,15,1,8.994814501849e-02,5.686834393410e-02,7.668548092147e-03,6.558536881281e-03,3.820337880354e-03,3.267349514690e-03,3.576151188412e-03,3.058508492142e-03,2.788918680015e-03,2.385226747224e-03,2.220446049250e-16,1.110223024625e-16,2.220446049250e-16,0.000000000000e+00,2.220446049250e-16,5.370445934163e-01,8.810848400556e-01,5.450526296526e-01,8.774373259053e-01
logreg,iid,fullbatch,fedavg,0,9.000000000000e-01,35,16,2.909378493902e-03,7.122355030505e-02,1.431785881781e-01,8.879543519374e-03,3.976638589234e-03,7.316175278735e-01,3.276495562586e-01,5.466418073285e-02,15,15,1,8.886385783053e-02,5.500609815523e-02,7.609995388022e-03,6.425982157052e-03,3.775462353977e-03,3.188051041327e-03,3.535220261580e-03,2.985187396817e-03,2.791823904285e-03,2.357453543638e-03,2.220446049250e-16,1.110223024625e-16,2.220446049250e-16,0.000000000000e+00,2.220446049250e-16,5.296715496512e-01,8.831710709318e-01,5.376110973069e-01,8.774373259053e-01
logreg,iid,fullbatch,fedavg,0,9.000000000000e-01,36,16,2.897695793474e-03,7.090062857913e-02,1.428976184049e-01,8.746079092858e-03,3.878682757154e-03,7.470824439378e-01,3.313136964243e-01,5.430291363047e-02,15,15,1,8.783239873098e-02,5.317270868141e-02,7.553357048559e-03,6.300468226545e-03,3.740140756143e-03,3.119756929984e-03,3.495822107054e-03,2.915963851510e-03,2.794383874955e-03,2.330874431559e-03,4.440892098501e-16,1.110223024625e-16,2.220446049250e-16,0.000000000000e+00,2.220446049250e-16,5.226519249337e-01,8.845618915160e-01,5.305268708668e-01,8.774373259053e-01
logreg,iid,fullbatch,fedavg,0,9.000000000000e-01,37,16,2.886438470511e-03,7.058936812738e-02,1.426171107632e-01,8.619114983506e-03,3.785552572994e-03,7.624880159115e-01,3.348880338683e-01,5.396067586880e-02,15,15,1,8.684960843974e-02,5.136544612030e-02,7.498521938618e-03,6.181423921752e-03,3.705605874034e-03,3.054724782009e-03,3.457876785131e-03,2.850508733995e-03,2.796612414711e-03,2.305393919185e-03,4.440892098501e-16,1.110223024625e-16,2.220446049250e-16,0.000000000000e+00,2.220446049250e-16,5.159598587267e-01,8.845618915160e-01,5.237739011135e-01,8.830083565460e-01
logreg,iid,fullbatch,fedavg,0,9.000000000000e-01,38,16,2.875574728058e-03,7.028893364912e-02,1.423367140626e-01,8.498139331699e-03,3.696894191903e-03,7.778352797751e-01,3.383769806328e-01,5.363595773944e-02,15,15,1,8.591174707333e-02,4.958184631413e-02,7.445387739372e-03,6.068338537401e-03,3.671843811234e-03,2.992724097524e-03,3.440147399880e-03,2.803880707331e-03,2.798523324319e-03,2.280927136538e-03,3.330669073875e-16,1.110223024625e-16,2.220446049250e-16,0.000000000000e+00,4.440892098501e-16,5.095719653137e-01,8.859527121001e-01,5.173286134719e-01,8.830083565460e-01
logreg,iid,fullbatch,fedavg,0,9.000000000000e-01,39,16,2.865075797617e-03,6.999856674161e-02,1.420561405388e-01,8.382693533656e-03,3.612387729145e-03,7.931252159068e-01,3.417846287848e-01,5.332739952575e-02,15,15,1,8.501544355743e-02,4.781968267778e-02,7.393860004750e-03,5.960753968881e-03,3.644820254607e-03,2.938367345953e-03,3.433359831797e-03,2.767892985644e-03,2.800130235208e-03,2.257398355146e-03,3.330669073875e-16,1.110223024625e-16,2.220446049250e-16,0.000000000000e+00,4.440892098501e-16,5.034670466178e-01,8.880389429764e-01,5.111696234491e-01,8.830083565460e-01
logreg,iid,fullbatch,fedavg,0,9.000000000000e-01,40,16,2.854915604060e-03,6.971757754640e-02,1.417751561645e-01,8.272365500249e-03,3.531743299490e-03,8.083587514622e-01,3.451147805273e-01,5.303377440315e-02,15,15,1,8.415765204067e-02,4.607694256463e-02,7.343851345104e-03,5.858258052224e-03,3.640734005569e-03,2.904247145246e-03,3.426358783677e-03,2.733238050586e-03,2.801446499621e-03,2.234739749358e-03,4.440892098501e-16,1.110223024625e-16,2.220446049250e-16,0.000000000000e+00,2.220446049250e-16,4.976258437385e-01,8.873435326843e-01,5.052774900354e-01,8.857938718663e-01
logreg,iid,fullbatch,fedavg,0,9.000000000000e-01,41,16,2.845070472215e-03,6.944533742739e-02,1.414935724291e-01,8.166783909535e-03,3.454697593312e-03,8.235367627321e-01,3.483709748819e-01,5.275397352286e-02,15,15,1,8.333561423252e-02,4.435180679694e-02,7.295280719241e-03,5.760478897760e-03,3.636507268833e-03,2.871448569267e-03,3.419172561116e-03,2.699837352957e-03,2.802485110445e-03,2.212890354915e-03,2.220446049250e-16,1.110223024625e-16,2.220446049250e-16,0.000000000000e+00,4.440892098501e-16,4.920308213012e-01,8.873435326843e-01,4.996345013410e-01,8.857938718663e-01
logreg,iid,fullbatch,fedavg,0,9.000000000000e-01,42,16,2.835518869411e-03,6.918127253936e-02,1.412112393564e-01,8.065613286950e-03,3.381010906994e-03,8.386600775364e-01,3.515565113938e-01,5.248699296305e-02,15,15,1,8.254682676825e-02,4.264263172145e-02,7.248072818603e-03,5.667080048952e-03,3.632142842107e-03,2.839878233924e-03,3.411826959116e-03,2.667618962224e-03,2.803258644430e-03,2.191795189354e-03,2.220446049250e-16,1.110223024625e-16,2.220446049250e-16,0.000000000000e+00,4.440892098501e-16,4.866659797146e-01,8.894297635605e-01,4.942244877025e-01,8.885793871866e-01
logreg,iid,fullbatch,fedavg,0,9.000000000000e-01,43,16,2.826241179142e-03,6.892485816718e-02,1.409280395717e-01,7.968549778040e-03,3.310464559369e-03,8.537294776780e-01,3.546744712482e-01,5.217608701989e-02,15,15,1,8.178901285178e-02,4.094793331318e-02,7.202157529872e-03,5.577756329513e-03,3.627643857901e-03,2.809451668573e-03,3.404345419849e-03,2.636516784679e-03,2.803779223801e-03,2.171404505837e-03,4.440892098501e-16,1.110223024625e-16,2.220446049250e-16,0.000000000000e+00,2.220446049250e-16,4.815166912469e-01,8.901251738526e-01,4.890326582774e-01,8.913649025070e-01
logreg,iid,fullbatch,fedavg,0,9.000000000000e-01,44,16,2.817219501672e-03,6.867561373298e-02,1.406438832557e-01,7.875317503122e-03,3.242858637387e-03,8.687457014597e-01,3.577277361268e-01,5.139110465173e-02,15,15,1,8.106009754924e-02,3.926637296929e-02,7.157469464295e-03,5.492230267062e-03,3.623013706213e-03,2.780092270670e-03,3.396749187050e-03,2.606469896630e-03,2.804058492290e-03,2.151673157502e-03,4.440892098501e-16,1.110223024625e-16,2.220446049250e-16,0.000000000000e+00,2.220446049250e-16,4.765695564965e-01,8.922114047288e-01,4.840454577879e-01,8.913649025070e-01
logreg,iid,fullbatch,fedavg,0,9.000000000000e-01,45,16,2.808437478083e-03,6.843309838401e-02,1.403587038508e-01,7.785665402975e-03,3.178010023536e-03,8.837094462524e-01,3.607190050847e-01,5.063244911027e-02,15,15,1,8.035818620615e-02,3.759674472094e-02,7.113947543856e-03,5.410249001717e-03,3.618255969752e-03,2.751730403918e-03,3.389057456496e-03,2.577421973909e-03,2.804107602412e-03,2.132560053772e-03,3.330669073875e-16,1.110223024625e-16,2.220446049250e-16,0.000000000000e+00,2.220446049250e-16,4.718122783829e-01,8.929068150209e-01,4.792504406022e-01,8.913649025070e-01
logreg,iid,fullbatch,fedavg,0,9.000000000000e-01,46,16,2.799880134699e-03,6.819690708589e-02,1.400724544062e-01,7.699364500445e-03,3.115750665151e-03,8.986213710921e-01,3.636508096918e-01,4.989881946890e-02,15,15,1,7.968154554454e-02,3.593796365477e-02,7.071534635960e-03,5.331581604198e-03,3.613374369807e-03,2.724302617593e-03,3.381287521965e-03,2.549320802156e-03,2.803937211460e-03,2.114027693498e-03,3.330669073875e-16,1.110223024625e-16,2.220446049250e-16,0.000000000000e+00,2.220446049250e-16,4.672335512305e-01,8.942976356050e-01,4.746361597773e-01,8.941504178273e-01
logreg,iid,fullbatch,fedavg,0,9.000000000000e-01,47,16,2.791533745287e-03,6.796666715686e-02,1.397851044657e-01,7.616205515672e-03,3.055926052066e-03,9.134820992806e-01,3.665255276454e-01,4.918900222789e-02,15,15,1,7.902858706554e-02,3.428905538160e-02,7.030177229581e-03,5.256016741099e-03,3.612817797430e-03,2.701074269640e-03,3.373454916100e-03,2.522117854975e-03,2.803557484197e-03,2.096041762584e-03,2.220446049250e-16,1.110223024625e-16,2.220446049250e-16,0.000000000000e+00,2.220446049250e-16,4.628229628960e-01,8.949930458971e-01,4.701920690516e-01,8.941504178273e-01
logreg,iid,fullbatch,fedavg,0,9.000000000000e-01,48,16,2.783385708798e-03,6.774203518746e-02,1.394966374177e-01,7.535996783018e-03,2.998393874198e-03,9.282922209622e-01,3.693453950340e-01,4.850186395179e-02,15,15,1,7.839785243996e-02,3.264914642424e-02,6.989825146971e-03,5.183360635567e-03,3.626984234039e-03,2.689619111959e-03,3.365573545651e-03,2.495767929216e-03,2.802978100627e-03,2.078570785915e-03,3.330669073875e-16,1.110223024625e-16,2.220446049250e-16,0.000000000000e+00,2.220446049250e-16,4.585709081962e-01,8.949930458971e-01,4.659084360738e-01,8.969359331476e-01
logreg,iid,fullbatch,fedavg,0,9.000000000000e-01,49,16,2.775424440700e-03,6.752269429771e-02,1.392070482380e-01,7.458562426295e-03,2.943022835003e-03,9.430522956499e-01,3.721125174088e-01,4.783634463345e-02,15,15,1,7.778800061798e-02,3.101745542127e-02,6.950431285917e-03,5.113435280282e-03,3.640165900111e-03,2.678071615127e-03,3.357655820676e-03,2.470228828430e-03,2.802208267576e-03,2.061585825207e-03,2.220446049250e-16,1.110223024625e-16,2.220446049250e-16,0.000000000000e+00,2.220446049250e-16,4.544685121554e-01,8.970792767733e-01,4.617762654070e-01,8.969359331476e-01
logreg,iid,fullbatch,fedavg,0,9.000000000000e-01,50,16,2.767639276230e-03,6.730835169042e-02,1.389163415679e-01,7.383740755839e-03,2.889691600288e-03,9.577628546778e-01,3.748288797981e-01,4.719145170363e-02,15,15,1,7.719779642871e-02,2.939328506268e-02,6.911951388380e-03,5.046076866663e-03,3.652411182167e-03,2.666446353321e-03,3.355279706889e-03,2.449525229385e-03,2.801256733044e-03,2.045060215841e-03,4.440892098501e-16,1.110223024625e-16,2.220446049250e-16,0.000000000000e+00,2.220446049250e-16,4.505075618058e-01,8.963838664812e-01,4.577872300613e-01,8.997214484680e-01
logreg,iid,fullbatch,fedavg,1,9.000000000000e-01,1,16,4.556946873954e-03,1.156881896263e-01,1.291144680536e-01,1.582053099931e-01,2.725766620964e-02,1.671803755650e-01,2.880400711046e-02,1.216668977493e-01,13,13,1,2.837708897156e-01,3.849979290766e-02,1.228231947099e-02,1.157757588139e-01,1.040601608838e-02,9.808932357669e-02,5.286719147158e-03,4.983374047092e-02,2.269333686867e-03,2.139122257970e-02,2.775557561563e-17,1.387778780781e-17,1.387778780781e-17,0.000000000000e+00,2.775557561563e-17,2.046033818938e+00,5.292072322670e-01,2.042414812504e+00,5.097493036212e-01
logreg,iid,fullbatch,fedavg,1,9.000000000000e-01,2,16,4.369174365065e-03,1.108927474526e-01,1.236788198285e-01,8.396946154643e-02,2.433757052481e-02,1.795238501974e-01,5.203289725336e-02,1.184768544752e-01,13,13,1,2.599629716679e-01,2.307484189246e-02,1.165734095806e-02,6.408492779602e-02,9.846003780891e-03,5.412730430101e-02,4.752582911729e-03,2.612679287999e-02,2.081664111094e-03,1.144371557244e-02,2.775557561563e-17,1.387778780781e-17,2.775557561563e-17,0.000000000000e+00,5.551115123126e-17,1.821537537044e+00,7.114047287900e-01,1.815355404934e+00,6.935933147632e-01
logreg,iid,fullbatch,fedavg,1,9.000000000000e-01,3,16,4.171691545142e-03,1.058388144242e-01,1.192809682625e-01,5.662253217300e-02,2.210210719851e-02,1.887463266590e-01,7.367546778720e-02,1.148456650905e-01,13,13,1,2.362026101033e-01,1.140746994345e-02,1.097261521491e-02,4.365558957203e-02,9.026180039034e-03,3.591151274966e-02,4.335516123183e-03,1.724926179854e-02,1.920959071640e-03,7.642717727148e-03,5.551115123126e-17,2.775557561563e-17,5.551115123126e-17,0.000000000000e+00,5.551115123126e-17,1.633444123932e+00,7.732962447844e-01,1.625945632221e+00,7.437325905292e-01
logreg,iid,fullbatch,fedavg,1,9.000000000000e-01,4,16,3.986092237097e-03,1.010856165493e-01,1.155394872015e-01,4.265023718717e-02,2.006126912335e-02,1.986959156266e-01,9.346002507803e-02,1.084544291432e-01,13,13,1,2.150621859492e-01,5.916156012762e-04,1.037411762972e-02,3.300302869997e-02,9.954430611243e-03,3.166788452578e-02,3.769654619761e-03,1.199234711283e-02,1.871357847990e-03,5.953323354289e-03,8.326672684689e-17,2.775557561563e-17,5.551115123126e-17,0.000000000000e+00,5.551115123126e-17,1.477517489516e+00,8.066759388039e-01,1.469769269632e+00,7.771587743733e-01
logreg,iid,fullbatch,fedavg,1,9.000000000000e-01,5,16,3.819015327309e-03,9.680287350230e-02,1.124293814090e-01,3.425791510297e-02,1.822711927207e-02,2.095238018858e-01,1.114783347390e-01,1.027544897313e-01,4,4,1,1.950769565301e-01,7.065619770008e-03,1.108107663929e-02,2.985088178646e-02,9.204733281973e-03,2.479627332436e-02,3.427201249683e-03,9.232404277390e-03,1.803725897860e-03,4.858987109724e-03,8.326672684689e-17,2.775557561563e-17,8.326672684689e-17,0.000000000000e+00,5.551115123126e-17,1.348405716717e+00,8.254520166898e-01,1.341124671527e+00,7.966573816156e-01
logreg,iid,fullbatch,fedavg,1,9.000000000000e-01,6,16,3.672152947071e-03,9.303379570909e-02,1.098914856862e-01,2.871163240631e-02,1.660083523105e-02,2.212029031047e-01,1.278977417621e-01,9.773154272441e-02,4,4,1,1.782882284458e-01,1.313850583859e-02,1.019436020420e-02,2.412715494851e-02,8.510301003266e-03,2.014146516813e-02,3.484805332337e-03,8.247544380869e-03,1.718315719028e-03,4.066765228323e-03,8.326672684689e-17,5.551115123126e-17,1.110223024625e-16,0.000000000000e+00,1.110223024625e-16,1.241172300353e+00,8.400556328234e-01,1.234791884840e+00,8.050139275766e-01
logreg,iid,fullbatch,fedavg,1,9.000000000000e-01,7,16,3.544799347468e-03,8.976041935559e-02,1.078454811378e-01,2.480656384711e-02,1.517087828169e-02,2.336581496239e-01,1.428976366624e-01,9.333251988031e-02,4,4,1,1.640922859544e-01,2.024363233521e-02,9.409978480547e-03,2.006781466845e-02,7.880995408227e-03,1.680709000367e-02,3.525907390140e-03,7.519385532040e-03,1.629743289533e-03,3.475606916540e-03,1.110223024625e-16,5.551115123126e-17,1.110223024625e-16,0.000000000000e+00,1.110223024625e-16,1.151619267006e+00,8.484005563282e-01,1.146371237763e+00,8.050139275766e-01
logreg,iid,fullbatch,fedavg,1,9.000000000000e-01,8,16,3.435122369930e-03,8.693607820843e-02,1.062084063921e-01,2.192889434620e-02,1.391889064395e-02,2.467957007351e-01,1.566482247439e-01,8.948907784564e-02,4,4,1,1.521051968018e-01,2.831373863310e-02,8.718620278161e-03,1.706221612141e-02,7.317016753370e-03,1.431929791950e-02,3.545396016958e-03,6.938289677423e-03,1.604393965256e-03,3.139776215241e-03,1.665334536938e-16,5.551115123126e-17,8.326672684689e-17,0.000000000000e+00,1.110223024625e-16,1.076308999987e+00,8.532684283727e-01,1.072290868785e+00,8.133704735376e-01
logreg,iid,fullbatch,fedavg,1,9.000000000000e-01,9,16,3.340905557305e-03,8.450437867729e-02,1.049036816930e-01,1.973329749070e-02,1.282405156399e-02,2.605187245726e-01,1.693029539984e-01,8.613121490801e-02,4,4,1,1.420576653949e-01,3.657109432862e-02,8.109676063551e-03,1.476248136826e-02,6.813706132641e-03,1.240335730351e-02,3.508030117273e-03,6.385856702500e-03,1.585373831372e-03,2.885941616403e-03,1.110223024625e-16,5.551115123126e-17,1.110223024625e-16,0.000000000000e+00,1.110223024625e-16,1.012483749785e+00,8.574408901252e-01,1.009708913321e+00,8.161559888579e-01
logreg,iid,fullbatch,fedavg,1,9.000000000000e-01,10,16,3.259942967623e-03,8.240927070808e-02,1.038648469097e-01,1.801107123135e-02,1.186572630333e-02,2.747360662372e-01,1.809966173444e-01,8.319374808800e-02,4,4,1,1.331659129144e-01,4.807171464652e-02,7.572653220088e-03,1.295636726467e-02,6.364599805210e-03,1.088945844637e-02,3.469892436367e-03,5.936783247280e-03,1.569294818329e-03,2.684971755854e-03,1.665334536938e-16,5.551115123126e-17,1.110223024625e-16,0.000000000000e+00,1.110223024625e-16,9.579548673111e-01,8.616133518776e-01,9.563872910147e-01,8.217270194986e-01
logreg,iid,fullbatch,fedavg,1,9.000000000000e-01,11,16,3.190221341505e-03,8.059965936543e-02,1.030364668728e-01,1.662907581149e-02,1.102485456979e-02,2.893662969711e-01,1.918459797568e-01,8.061870256397e-02,4,4,1,1.256584490174e-01,5.931429437010e-02,7.097856824119e-03,1.150737060094e-02,5.963023843398e-03,9.667527391511e-03,3.431758996530e-03,5.563724877061e-03,1.564037559119e-03,2.535689331660e-03,2.220446049250e-16,5.551115123126e-17,1.110223024625e-16,0.000000000000e+00,1.110223024625e-16,9.109930011113e-01,8.643949930459e-01,9.105699280619e-01,8.245125348189e-01
logreg,iid,fullbatch,fedavg,1,9.000000000000e-01,12,16,3.129984490480e-03,7.903100851166e-02,1.023735036677e-01,1.549869663203e-02,1.028453674067e-02,3.043388894809e-01,2.019514650033e-01,7.835569212390e-02,4,4,1,1.192742903266e-01,7.031543779934e-02,6.676663960472e-03,1.032395378028e-02,5.602793128707e-03,8.663454929539e-03,3.393996937271e-03,5.248050181682e-03,1.583288345771e-03,2.448198052105e-03,1.665334536938e-16,5.551115123126e-17,1.110223024625e-16,0.000000000000e+00,1.110223024625e-16,8.702318075053e-01,8.636995827538e-01,8.708780083044e-01,8.245125348189e-01
logreg,iid,fullbatch,fedavg,1,9.000000000000e-01,13,16,3.077738025014e-03,7.766543576767e-02,1.018399845253e-01,1.455889275334e-02,9.630156628727e-03,3.195937660903e-01,2.113991824213e-01,7.594582512645e-02,4,4,1,1.138061031275e-01,8.107352661861e-02,6.404438826752e-03,9.495117063388e-03,5.278448044906e-03,7.825741404546e-03,3.356781033620e-03,4.976709081403e-03,1.600472269527e-03,2.372834211857e-03,2.220446049250e-16,5.551115123126e-17,1.110223024625e-16,0.000000000000e+00,1.110223024625e-16,8.345886353872e-01,8.657858136300e-01,8.362250310073e-01,8.245125348189e-01
logreg,iid,fullbatch,fedavg,1,9.000000000000e-01,14,16,3.032227294620e-03,7.647113877294e-02,1.014074785078e-01,1.376639777562e-02,9.049261393373e-03,3.350800869606e-01,2.202629434397e-01,7.351454148423e-02,4,4,1,1.090892924008e-01,9.157626445043e-02,6.280019655747e-03,8.966149915303e-03,5.063786658587e-03,7.229701945034e-03,3.317090499091e-03,4.735897708578e-03,1.615742654289e-03,2.306838458642e-03,2.220446049250e-16,5.551115123126e-17,1.110223024625e-16,0.000000000000e+00,2.220446049250e-16,8.032014729366e-01,8.706536856745e-01,8.057501532384e-01,8.272980501393e-01
logreg,iid,fullbatch,fedavg,1,9.000000000000e-01,15,16,2.992405934973e-03,7.542159184997e-02,1.010536535675e-01,1.308978987353e-02,8.531332307531e-03,3.507548208304e-01,2.286061093329e-01,7.134004135186e-02,4,4,1,1.049928530479e-01,1.018064062621e-01,6.279138872966e-03,8.664685241632e-03,6.113647978917e-03,8.436321681549e-03,3.277820862420e-03,4.523117998489e-03,1.629276685316e-03,2.248265237543e-03,2.220446049250e-16,5.551115123126e-17,1.110223024625e-16,0.000000000000e+00,2.220446049250e-16,7.753798290374e-01,8.720445062587e-01,7.787668185125e-01,8.300835654596e-01
logreg,iid,fullbatch,fedavg,1,9.000000000000e-01,16,16,2.957403520062e-03,7.449472491002e-02,1.007610269426e-01,1.250576518744e-02,8.067522300878e-03,3.665813876635e-01,2.364832120015e-01,6.938952982178e-02,4,4,1,1.014120406244e-01,1.117457958085e-01,6.276702732932e-03,8.397099680517e-03,5.988857346235e-03,8.012014308863e-03,3.240121287113e-03,4.334699695447e-03,1.641255178045e-03,2.195704324007e-03,2.220446049250e-16,1.110223024625e-16,1.110223024625e-16,0.000000000000e+00,2.220446049250e-16,7.505668792616e-01,8.713490959666e-01,7.547235202631e-01,8.356545961003e-01
logreg,iid,fullbatch,fedavg,1,9.000000000000e-01,17,16,2.926496003259e-03,7.367217519223e-02,1.005159343100e-01,1.199672018434e-02,7.650400016534e-03,3.825284948413e-01,2.439413404907e-01,6.763476335096e-02,4,4,1,9.826263228928e-02,1.213779845516e-01,6.272762763703e-03,8.157251527065e-03,5.871329377887e-03,7.635217899648e-03,3.203874215751e-03,4.166395067607e-03,1.650989642685e-03,2.146986629542e-03,2.220446049250e-16,1.110223024625e-16,2.220446049250e-16,0.000000000000e+00,2.220446049250e-16,7.283104243067e-01,8.720445062587e-01,7.331739268343e-01,8.356545961003e-01
logreg,iid,fullbatch,fedavg,1,9.000000000000e-01,18,16,2.899080189263e-03,7.293864170093e-02,1.003077024451e-01,1.154913975510e-02,7.273718682852e-03,3.985691935128e-01,2.510213098758e-01,6.605143977810e-02,4,4,1,9.547648188614e-02,1.306897433135e-01,6.267376171870e-03,7.940402434687e-03,5.760586106855e-03,7.298328789231e-03,3.157489604557e-03,4.000356362213e-03,1.652699067104e-03,2.093873949219e-03,2.220446049250e-16,1.110223024625e-16,1.110223024625e-16,0.000000000000e+00,2.220446049250e-16,7.082406174263e-01,8.727399165508e-01,7.137541180084e-01,8.440111420613e-01
logreg,iid,fullbatch,fedavg,1,9.000000000000e-01,19,16,2.874652332518e-03,7.228134402157e-02,1.001279954529e-01,1.115249656964e-02,6.932216137588e-03,4.146801362599e-01,2.577586385764e-01,6.461863793765e-02,4,4,1,9.299809162303e-02,1.396717618994e-01,6.260602473595e-03,7.742839487840e-03,5.656146263621e-03,6.995274468180e-03,3.105468732406e-03,3.840707987920e-03,1.654249604085e-03,2.045903602932e-03,2.220446049250e-16,1.110223024625e-16,2.220446049250e-16,0.000000000000e+00,2.220446049250e-16,6.900528425166e-01,8.741307371349e-01,6.961651844014e-01,8.467966573816e-01
logreg,iid,fullbatch,fedavg,1,9.000000000000e-01,20,16,2.852790479599e-03,7.168957558859e-02,9.997030252216e-02,1.079848351630e-02,6.621446136364e-03,4.308410007191e-01,2.641843621184e-01,6.331832280012e-02,4,4,1,9.078196802241e-02,1.483187901538e-01,6.252926355356e-03,7.562126587972e-03,5.557540274284e-03,6.721144738238e-03,3.055806507217e-03,3.695612953467e-03,1.655643692350e-03,2.002292442706e-03,2.220446049250e-16,5.551115123126e-17,1.110223024625e-16,0.000000000000e+00,2.220446049250e-16,6.734944969258e-01,8.755215577191e-01,6.801598622249e-01,8.467966573816e-01
logreg,iid,fullbatch,fedavg,1,9.000000000000e-01,21,16,2.833140020802e-03,7.115433786438e-02,9.982953826072e-02,1.048046825896e-02,6.337638198058e-03,4.470340420616e-01,2.703257097677e-01,6.213491788590e-02,4,4,1,8.879057768845e-02,1.566294228579e-01,6.282165219877e-03,7.440580018168e-03,5.464319586472e-03,6.471925793887e-03,3.008309911098e-03,3.563034372631e-03,1.656888030765e-03,1.962413840222e-03,2.220446049250e-16,1.110223024625e-16,2.220446049250e-16,0.000000000000e+00,2.220446049250e-16,6.583547344873e-01,8.755215577191e-01,6.655322079979e-01,8.467966573816e-01
logreg,iid,fullbatch,fedavg,1,9.000000000000e-01,22,16,2.815401911659e-03,7.066804186723e-02,9.970173138134e-02,1.019309902328e-02,6.077582181987e-03,4.632437418951e-01,2.762066673962e-01,6.105494029123e-02,4,4,1,8.699276039674e-02,1.646056805817e-01,6.308910704556e-03,7.327810084835e-03,5.376062022345e-03,6.244304817247e-03,2.962804539253e-03,3.441302310152e-03,1.654503097237e-03,1.921708048993e-03,3.330669073875e-16,1.110223024625e-16,1.110223024625e-16,0.000000000000e+00,2.220446049250e-16,6.444564582518e-01,8.769123783032e-01,6.521095709027e-01,8.467966573816e-01
logreg,iid,fullbatch,fedavg,1,9.000000000000e-01,23,16,2.799323080161e-03,7.022426489482e-02,9.958378222704e-02,9.932015289820e-03,5.838533669102e-03,4.794565277538e-01,2.818484465112e-01,6.006669123418e-02,4,4,1,8.536249097835e-02,1.722524945230e-01,6.333170419231e-03,7.216965656009e-03,5.314057971722e-03,6.055635856490e-03,2.919131948597e-03,3.326497413430e-03,1.652039599926e-03,1.882582066453e-03,2.220446049250e-16,1.110223024625e-16,2.220446049250e-16,0.000000000000e+00,2.220446049250e-16,6.316500298654e-01,8.769123783032e-01,6.397463098797e-01,8.467966573816e-01
logreg,iid,fullbatch,fedavg,1,9.000000000000e-01,24,16,2.784688608146e-03,6.981755211238e-02,9.947327375666e-02,9.693632503356e-03,5.618136531395e-03,4.956605437737e-01,2.872698760947e-01,5.915999455009e-02,4,4,1,8.387790789460e-02,1.795771676856e-01,6.354980611681e-03,7.094717619482e-03,5.291034790824e-03,5.906925614651e-03,2.877147698065e-03,3.212055506479e-03,1.649752595590e-03,1.841788279607e-03,2.220446049250e-16,1.110223024625e-16,1.110223024625e-16,0.000000000000e+00,2.220446049250e-16,6.198082954784e-01,8.762169680111e-01,6.283188429644e-01,8.495821727019e-01
logreg,iid,fullbatch,fedavg,1,9.000000000000e-01,25,16,2.771315347047e-03,6.944325446513e-02,9.936832400602e-02,9.474979814627e-03,5.414359550616e-03,5.118454585698e-01,2.924877309785e-01,5.832597598371e-02,4,4,1,8.252054652585e-02,1.861554495826e-01,6.374397287092e-03,6.979733352671e-03,5.268135910049e-03,5.768417351744e-03,2.836719850032e-03,3.106105135547e-03,1.647621438119e-03,1.804085592139e-03,2.220446049250e-16,1.110223024625e-16,2.220446049250e-16,0.000000000000e+00,2.220446049250e-16,6.088226270735e-01,8.762169680111e-01,6.177217200620e-01,8.495821727019e-01
logreg,iid,fullbatch,fedavg,1,9.000000000000e-01,26,16,2.759046691906e-03,6.909739596245e-02,9.926747074099e-02,9.273576359541e-03,5.225444451806e-03,5.280023005416e-01,2.975170079952e-01,5.755687689980e-02,4,4,1,8.127473035681e-02,1.917570926981e-01,6.391489614452e-03,6.871082578710e-03,5.245255710547e-03,5.638839661435e-03,2.797727775850e-03,3.007658580426e-03,1.645628935356e-03,1.769110644125e-03,2.220446049250e-16,1.110223024625e-16,2.220446049250e-16,0.000000000000e+00,1.110223024625e-16,5.985997516995e-01,8.755215577191e-01,6.078644869152e-01,8.523676880223e-01
logreg,iid,fullbatch,fedavg,1,9.000000000000e-01,27,16,2.747748291166e-03,6.877656471934e-02,9.916958112864e-02,9.087335907387e-03,5.049863185086e-03,5.441233139308e-01,3.023711590690e-01,5.684589689815e-02,4,4,1,8.012708460117e-02,1.970926200194e-01,6.406335066419e-03,6.767992932854e-03,5.222307844245e-03,5.517123630999e-03,2.760061162432e-03,2.915875340255e-03,1.643760631850e-03,1.736556115833e-03,2.220446049250e-16,1.110223024625e-16,2.220446049250e-16,0.000000000000e+00,2.220446049250e-16,5.890591958636e-01,8.776077885953e-01,5.986691646638e-01,8.523676880223e-01
logreg,iid,fullbatch,fedavg,1,9.000000000000e-01,28,16,2.737304513713e-03,6.847782324046e-02,9.907378088588e-02,8.914492643229e-03,4.886282695909e-03,5.602018311395e-01,3.070622887094e-01,5.618706065060e-02,4,4,1,7.906614530883e-02,2.021780566195e-01,6.419015866051e-03,6.669818124382e-03,5.199222013788e-03,5.402364777388e-03,2.723619154139e-03,2.830035752718e-03,1.642004260980e-03,1.706160260192e-03,3.330669073875e-16,1.110223024625e-16,2.220446049250e-16,0.000000000000e+00,2.220446049250e-16,5.801312132069e-01,8.783031988873e-01,5.900682114534e-01,8.523676880223e-01
logreg,iid,fullbatch,fedavg,1,9.000000000000e-01,29,16,2.727615530084e-03,6.819863432093e-02,9.897939862256e-02,8.753542869104e-03,4.733535764710e-03,5.762321582989e-01,3.116013219871e-01,5.557510502380e-02,4,4,1,7.808204336633e-02,2.070287236984e-01,6.429616414634e-03,6.576013370051e-03,5.175941334840e-03,5.293793163622e-03,2.688309589084e-03,2.749520136289e-03,1.640349322642e-03,1.677698696409e-03,2.220446049250e-16,1.110223024625e-16,3.330669073875e-16,0.000000000000e+00,2.220446049250e-16,5.717550942026e-01,8.789986091794e-01,5.820028639212e-01,8.579387186630e-01
logreg,iid,fullbatch,fedavg,1,9.000000000000e-01,30,16,2.718594893158e-03,6.793679965262e-02,9.888592206297e-02,8.603198818747e-03,4.590596776017e-03,5.922094720583e-01,3.159981479486e-01,5.500538319816e-02,4,4,1,7.716624758428e-02,2.116591871140e-01,6.438221453336e-03,6.486116272548e-03,5.152420169281e-03,5.190749735032e-03,2.654048305009e-03,2.673792137163e-03,1.638786754873e-03,1.650977916038e-03,2.220446049250e-16,1.110223024625e-16,2.220446049250e-16,0.000000000000e+00,2.220446049250e-16,5.638777796672e-01,8.796940194715e-01,5.744217799092e-01,8.579387186630e-01
logreg,iid,fullbatch,fedavg,1,9.000000000000e-01,31,16,2.710167526233e-03,6.769040879466e-02,9.879296357301e-02,8.462351777947e-03,4.456561502527e-03,6.081297261793e-01,3.202617425212e-01,5.447378304184e-02,4,4,1,7.631135467055e-02,2.159805587356e-01,6.444914771780e-03,6.392110594790e-03,5.128622339123e-03,5.086602748282e-03,2.620758499919e-03,2.599286222848e-03,1.637308676367e-03,1.623893954808e-03,2.220446049250e-16,1.110223024625e-16,2.220446049250e-16,0.000000000000e+00,2.220446049250e-16,5.564527173160e-01,8.824756606398e-01,5.672799214873e-01,8.635097493036e-01
logreg,iid,fullbatch,fedavg,1,9.000000000000e-01,32,16,2.702268044418e-03,6.745779662277e-02,9.870023299217e-02,8.330042417008e-03,4.330630170326e-03,6.239895669074e-01,3.244002742291e-01,5.397665745907e-02,4,4,1,7.551091661931e-02,2.177422721238e-01,6.449778322643e-03,6.300070436016e-03,5.104519648583e-03,4.986036995287e-03,2.602760083321e-03,2.542346578859e-03,1.635908182938e-03,1.597936590035e-03,2.220446049250e-16,1.110223024625e-16,2.220446049250e-16,0.000000000000e+00,1.110223024625e-16,5.494389138643e-01,8.831710709318e-01,5.605376308178e-01,8.635097493036e-01
logreg,iid,fullbatch,fedavg,1,9.000000000000e-01,33,16,2.694839349566e-03,6.723750773525e-02,9.860751621081e-02,8.205436758986e-03,4.212093215433e-03,6.397862563185e-01,3.284211954489e-01,5.351076481479e-02,4,4,1,7.475929812350e-02,2.166148356919e-01,6.452891636277e-03,6.211330873213e-03,5.080090656083e-03,4.889920009420e-03,2.607485218798e-03,2.509875316969e-03,1.634579185366e-03,1.573389533104e-03,3.330669073875e-16,1.110223024625e-16,2.220446049250e-16,0.000000000000e+00,2.220446049250e-16,5.428001453311e-01,8.824756606398e-01,5.541598616508e-01,8.662952646240e-01
logreg,iid,fullbatch,fedavg,1,9.000000000000e-01,34,16,2.687831450435e-03,6.702826658387e-02,9.851465827385e-02,8.087806586086e-03,4.100319256511e-03,6.555176029688e-01,3.323313214561e-01,5.307321785554e-02,4,4,1,7.405155820878e-02,2.154699971709e-01,6.454331455747e-03,6.125615326634e-03,5.055319649491e-03,4.797854547489e-03,2.612090189305e-03,2.479057638713e-03,1.633185875807e-03,1.550008471161e-03,3.330669073875e-16,1.110223024625e-16,2.220446049250e-16,0.000000000000e+00,2.220446049250e-16,5.365042960199e-01,8.824756606398e-01,5.481155371079e-01,8.662952646240e-01
logreg,iid,fullbatch,fedavg,1,9.000000000000e-01,35,16,2.681200468844e-03,6.682895233005e-02,9.842155005612e-02,7.976513366478e-03,3.994744899727e-03,6.711818992564e-01,3.361368991258e-01,5.266143980926e-02,4,4,1,7.338335150924e-02,2.143118242889e-01,6.454171532552e-03,6.042681002729e-03,5.030195787189e-03,4.709491895274e-03,2.616567859836e-03,2.449746620343e-03,1.631270432472e-03,1.527267566859e-03,3.330669073875e-16,1.110223024625e-16,2.220446049250e-16,0.000000000000e+00,2.220446049250e-16,5.305228026981e-01,8.824756606398e-01,5.423770104878e-01,8.662952646240e-01
logreg,iid,fullbatch,fedavg,1,9.000000000000e-01,36,16,2.674907799932e-03,6.663857761321e-02,9.832811775993e-02,7.870994992637e-03,3.894866064376e-03,6.867778649433e-01,3.398436668343e-01,5.227312656435e-02,4,4,1,7.275084555161e-02,2.131439983126e-01,6.452482538319e-03,5.962313764555e-03,5.004712374916e-03,4.624524793890e-03,2.620912940548e-03,2.421812877187e-03,1.629433795492e-03,1.505652357770e-03,2.220446049250e-16,1.110223024625e-16,2.220446049250e-16,0.000000000000e+00,2.220446049250e-16,5.248301852091e-01,8.824756606398e-01,5.369196105413e-01,8.662952646240e-01
logreg,iid,fullbatch,fedavg,1,9.000000000000e-01,37,16,2.668919400479e-03,6.645627056765e-02,9.823431464475e-02,7.770754779528e-03,3.800230575808e-03,7.023045963235e-01,3.434569068516e-01,5.190621400839e-02,4,4,1,7.215065114936e-02,2.119698502485e-01,6.449332059030e-03,5.884323920014e-03,4.978866254213e-03,4.542681556177e-03,2.625121695357e-03,2.395142046269e-03,1.627669991324e-03,1.485074326484e-03,4.440892098501e-16,1.110223024625e-16,2.220446049250e-16,0.000000000000e+00,2.220446049250e-16,5.194036484321e-01,8.824756606398e-01,5.317212563398e-01,8.662952646240e-01
logreg,iid,fullbatch,fedavg,1,9.000000000000e-01,38,16,2.663205183954e-03,6.628125954493e-02,9.814011452419e-02,7.675352290239e-03,3.710431818562e-03,7.177615205409e-01,3.469814913045e-01,5.155884975569e-02,4,4,1,7.157976358313e-02,2.107923924846e-01,6.444784646855e-03,5.808542742416e-03,4.952657283018e-03,4.463721147142e-03,2.629191692263e-03,2.369632681205e-03,1.630440129831e-03,1.469479851076e-03,2.220446049250e-16,1.110223024625e-16,2.220446049250e-16,0.000000000000e+00,2.220446049250e-16,5.142227434117e-01,8.824756606398e-01,5.267621297561e-01,8.662952646240e-01
logreg,iid,fullbatch,fedavg,1,9.000000000000e-01,39,16,2.657738504810e-03,6.611286009622e-02,9.804550666261e-02,7.584395647893e-03,3.625103279802e-03,7.331483545912e-01,3.504219226153e-01,5.122936861680e-02,4,4,1,7.103551269581e-02,2.096143466276e-01,6.438901911062e-03,5.734819579035e-03,4.926087892614e-03,4.387429049987e-03,2.633121589900e-03,2.345194484451e-03,1.640371889628e-03,1.461000176657e-03,2.220446049250e-16,1.110223024625e-16,2.220446049250e-16,0.000000000000e+00,2.220446049250e-16,5.092690777672e-01,8.824756606398e-01,5.220243958471e-01,8.690807799443e-01
logreg,iid,fullbatch,fedavg,1,9.000000000000e-01,40,16,2.652495717586e-03,6.595046384785e-02,9.795049178085e-02,7.497535062966e-03,3.543913843137e-03,7.484650685632e-01,3.537823691800e-01,5.091627126530e-02,4,4,1,7.051552038676e-02,2.084381681498e-01,6.431742634304e-03,5.663019434653e-03,4.899162708193e-03,4.313613775845e-03,2.636910955419e-03,2.321746816849e-03,1.649961943061e-03,1.452758153002e-03,4.440892098501e-16,1.110223024625e-16,2.220446049250e-16,0.000000000000e+00,2.220446049250e-16,5.045260673214e-01,8.838664812239e-01,5.174919632427e-01,8.690807799443e-01
logreg,iid,fullbatch,fedavg,1,9.000000000000e-01,41,16,2.647455798931e-03,6.579352896760e-02,9.785507894051e-02,7.414457359630e-03,3.466563717125e-03,7.637118527066e-01,3.570666969299e-01,5.061820564298e-02,4,4,1,7.001766427328e-02,2.072660683482e-01,6.423362904186e-03,5.593020941026e-03,4.871888222597e-03,4.242103903793e-03,2.640560109361e-03,2.299217436099e-03,1.659223825128e-03,1.444737552310e-03,3.330669073875e-16,1.110223024625e-16,2.220446049250e-16,0.000000000000e+00,2.220446049250e-16,4.999787223426e-01,8.838664812239e-01,5.131502780821e-01,8.690807799443e-01
logreg,iid,fullbatch,fedavg,1,9.000000000000e-01,42,16,2.642600022671e-03,6.564157197104e-02,9.775928312401e-02,7.334881327324e-03,3.392780902429e-03,7.788890879392e-01,3.602784973257e-01,5.033395071531e-02,4,4,1,6.954004651299e-02,2.061000340249e-01,6.413816252763e-03,5.524714641690e-03,4.844272514748e-03,4.172745559874e-03,2.644069993734e-03,2.277541425005e-03,1.668170467220e-03,1.436923890845e-03,3.330669073875e-16,1.110223024625e-16,2.220446049250e-16,0.000000000000e+00,2.220446049250e-16,4.956134629681e-01,8.845618915160e-01,5.089861461943e-01,8.690807799443e-01
logreg,iid,fullbatch,fedavg,1,9.000000000000e-01,43,16,2.637911679739e-03,6.549416066036e-02,9.766312336515e-02,7.258553757177e-03,3.322318117636e-03,7.939973194426e-01,3.634211122471e-01,5.006240224863e-02,4,4,1,6.908096696162e-02,2.049418452240e-01,6.403153798673e-03,5.458001535812e-03,4.816325005784e-03,4.105400261350e-03,2.647442059976e-03,2.256660277677e-03,1.676814218721e-03,1.429304194278e-03,4.440892098501e-16,1.110223024625e-16,2.220446049250e-16,0.000000000000e+00,2.220446049250e-16,4.914179593171e-01,8.866481223922e-01,5.049875791485e-01,8.690807799443e-01
logreg,iid,fullbatch,fedavg,1,9.000000000000e-01,44,16,2.633375836139e-03,6.535090802254e-02,9.756662131478e-02,7.185246049338e-03,3.254950116830e-03,8.090372330204e-01,3.664976561773e-01,4.980256033024e-02,4,4,1,6.863889998664e-02,2.037930912991e-01,6.391424388113e-03,5.392791835949e-03,4.788056247165e-03,4.039943066180e-03,2.644782047991e-03,2.231546236046e-03,1.685166869850e-03,1.421866799338e-03,4.440892098501e-16,1.110223024625e-16,2.220446049250e-16,0.000000000000e+00,2.220446049250e-16,4.873809925705e-01,8.866481223922e-01,5.011436605522e-01,8.690807799443e-01
logreg,iid,fullbatch,fedavg,1,9.000000000000e-01,45,16,2.628979123251e-03,6.521146694258e-02,9.746980014964e-02,7.114751298261e-03,3.190471342805e-03,8.240096339307e-01,3.695110360209e-01,4.955351839408e-02,4,4,1,6.821247437453e-02,2.026551855377e-01,6.378674732061e-03,5.329003903344e-03,4.759477735976e-03,3.976260978697e-03,2.624583656755e-03,2.192683768809e-03,1.693239675109e-03,1.414601185510e-03,4.440892098501e-16,1.110223024625e-16,2.220446049250e-16,0.000000000000e+00,2.220446049250e-16,4.834923339145e-01,8.866481223922e-01,4.974444295844e-01,8.662952646240e-01
logreg,iid,fullbatch,fedavg,1,9.000000000000e-01,46,16,2.624709555695e-03,6.507552561115e-02,9.737268375128e-02,7.046881779755e-03,3.128693868667e-03,8.389154279299e-01,3.724639688486e-01,4.931445354985e-02,4,4,1,6.780045586521e-02,2.015293785303e-01,6.364949537971e-03,5.266563331273e-03,4.730601753501e-03,3.914251571236e-03,2.605094502183e-03,2.155538719962e-03,1.701043376899e-03,1.407497831717e-03,3.330669073875e-16,1.110223024625e-16,2.220446049250e-16,0.000000000000e+00,3.330669073875e-16,4.797426387559e-01,8.866481223922e-01,4.938807792482e-01,8.690807799443e-01
logreg,iid,fullbatch,fedavg,1,9.000000000000e-01,47,16,2.620556372757e-03,6.494280352527e-02,9.727529609700e-02,6.981466777105e-03,3.069445587912e-03,8.537556042945e-01,3.753589978184e-01,4.908461804285e-02,4,4,1,6.740173192507e-02,2.004167704378e-01,6.350291634826e-03,5.205402152444e-03,4.701441223758e-03,3.853821788519e-03,2.586270956615e-03,2.119994037839e-03,1.708588228921e-03,1.400548093837e-03,3.330669073875e-16,1.110223024625e-16,2.220446049250e-16,0.000000000000e+00,4.440892098501e-16,4.761233540330e-01,8.873435326843e-01,4.904443672372e-01,8.690807799443e-01
logreg,iid,fullbatch,fedavg,1,9.000000000000e-01,48,16,2.616509900007e-03,6.481304799687e-02,9.717766081649e-02,6.918350694393e-03,3.012568619185e-03,8.685312206152e-01,3.781985064920e-01,4.886333169668e-02,4,4,1,6.701529843360e-02,1.993183222887e-01,6.334742090889e-03,5.145458150809e-03,4.672009589255e-03,3.794886907277e-03,2.568072942113e-03,2.085943146900e-03,1.715884019128e-03,1.393744099663e-03,2.220446049250e-16,1.110223024625e-16,2.220446049250e-16,0.000000000000e+00,2.220446049250e-16,4.726266367901e-01,8.873435326843e-01,4.871275376432e-01,8.690807799443e-01
logreg,iid,fullbatch,fedavg,1,9.000000000000e-01,49,16,2.612561428250e-03,6.468603109741e-02,9.707980087735e-02,6.857391413999e-03,2.957917896984e-03,8.832433891806e-01,3.809847317329e-01,4.864997521199e-02,4,4,1,6.664024801124e-02,1.982348664150e-01,6.318340323849e-03,5.086674261639e-03,4.642320701642e-03,3.737369628252e-03,2.550463580849e-03,2.053288804812e-03,1.722940092044e-03,1.387078658531e-03,4.440892098501e-16,1.110223024625e-16,2.220446049250e-16,0.000000000000e+00,2.220446049250e-16,4.692452824705e-01,8.873435326843e-01,4.839232520093e-01,8.690807799443e-01
logreg,iid,fullbatch,fedavg,1,9.000000000000e-01,50,16,2.608703107406e-03,6.456154697783e-02,9.698173837045e-02,6.798458862398e-03,2.905359923842e-03,8.978932647891e-01,3.837197753500e-01,4.844398421234e-02,4,4,1,6.627575975881e-02,1.971671161182e-01,6.301124203310e-03,5.028998046546e-03,4.612388725298e-03,3.681199281431e-03,2.533408885552e-03,2.021942105164e-03,1.729765370307e-03,1.380545183301e-03,3.330669073875e-16,1.110223024625e-16,4.440892098501e-16,0.000000000000e+00,2.220446049250e-16,4.659726616142e-01,8.880389429764e-01,4.808250284650e-01,8.718662952646e-01
logreg,iid,fullbatch,fedavg,2,9.000000000000e-01,1,16,4.787075712825e-03,1.207281271537e-01,1.512670655488e-01,1.472927418688e-01,3.074970693768e-02,1.556787426471e-01,3.250041822896e-02,1.217041504835e-01,12,12,1,3.225561165969e-01,9.494714402483e-03,1.921829576335e-02,1.694585201506e-01,9.952434694375e-03,8.775621293231e-02,5.596544838418e-03,4.934788276511e-02,3.805104076739e-03,3.355174224621e-02,2.775557561563e-17,1.387778780781e-17,2.775557561563e-17,0.000000000000e+00,2.775557561563e-17,2.045476785007e+00,4.777468706537e-01,2.058367347960e+00,4.623955431755e-01
logreg,iid,fullbatch,fedavg,2,9.000000000000e-01,2,16,4.641263030250e-03,1.168286116380e-01,1.561798174801e-01,8.193551156035e-02,2.555901240947e-02,1.815900769519e-01,5.664531705318e-02,1.162790684200e-01,12,12,1,2.931248899006e-01,1.506862329037e-02,1.869320298462e-02,8.558307018705e-02,9.773594165291e-03,4.474643516769e-02,5.631137646407e-03,2.578103114923e-02,4.183757859312e-03,1.915449389886e-02,5.551115123126e-17,2.775557561563e-17,5.551115123126e-17,0.000000000000e+00,2.775557561563e-17,1.821281421661e+00,5.194714881780e-01,1.829235852792e+00,5.181058495822e-01
logreg,iid,fullbatch,fedavg,2,9.000000000000e-01,3,16,4.474121051206e-03,1.124754005011e-01,1.555791452620e-01,5.702019485104e-02,2.256687131340e-02,1.982605824738e-01,7.846555177327e-02,1.118570511162e-01,12,12,1,2.672452930580e-01,1.190486387275e-02,1.833341898643e-02,5.862776547911e-02,9.534230868253e-03,3.048916581142e-02,5.571064487413e-03,1.781550197913e-02,4.224952491102e-03,1.351081999446e-02,5.551115123126e-17,2.775557561563e-17,5.551115123126e-17,0.000000000000e+00,5.551115123126e-17,1.633593797087e+00,6.063977746871e-01,1.635415255074e+00,6.044568245125e-01
logreg,iid,fullbatch,fedavg,2,9.000000000000e-01,4,16,4.320346437556e-03,1.084884473319e-01,1.537944690987e-01,4.409892992504e-02,2.001078176517e-02,2.159009322203e-01,9.796941660262e-02,1.079412549216e-01,12,12,1,2.457575313637e-01,8.368373486108e-03,1.799048290221e-02,4.575664682496e-02,6.518872673502e-03,1.657997488114e-02,5.481798529171e-03,1.394230052791e-02,4.196738664726e-03,1.067390408263e-02,1.110223024625e-16,2.775557561563e-17,5.551115123126e-17,0.000000000000e+00,1.110223024625e-16,1.479803858365e+00,6.863699582754e-01,1.476029035590e+00,6.963788300836e-01
logreg,iid,fullbatch,fedavg,2,9.000000000000e-01,5,16,4.183740063541e-03,1.049527313658e-01,1.516478153438e-01,3.624626441959e-02,1.785943130878e-02,2.342594224422e-01,1.154254136401e-01,1.043834845649e-01,12,12,1,2.279449604725e-01,4.390284176847e-03,1.765568860081e-02,3.821849293460e-02,6.089190062900e-03,1.318100203612e-02,5.385019931916e-03,1.165671591032e-02,4.141396762051e-03,8.964699506684e-03,1.110223024625e-16,2.775557561563e-17,5.551115123126e-17,0.000000000000e+00,1.110223024625e-16,1.353574185650e+00,7.399165507650e-01,1.345084053700e+00,7.381615598886e-01
logreg,iid,fullbatch,fedavg,2,9.000000000000e-01,6,16,4.062792699722e-03,1.018256738798e-01,1.494069705911e-01,3.098213473981e-02,1.606142184348e-02,2.529534893807e-01,1.311334010339e-01,1.011113199900e-01,12,12,1,2.130262303722e-01,1.773061241524e-04,1.733790885296e-02,3.326312928819e-02,5.727627259501e-03,1.098856890200e-02,5.289700554113e-03,1.014839764815e-02,4.073314879510e-03,7.814737095329e-03,1.665334536938e-16,5.551115123126e-17,1.110223024625e-16,0.000000000000e+00,1.110223024625e-16,1.249115236656e+00,7.642559109875e-01,1.236773053391e+00,7.660167130919e-01
logreg,iid,fullbatch,fedavg,2,9.000000000000e-01,7,16,3.955437788402e-03,9.905204492760e-02,1.471914848734e-01,2.721105017169e-02,1.455521017212e-02,2.717540826705e-01,1.453614529187e-01,9.694501831469e-02,14,14,1,1.995884563601e-01,4.047044887159e-03,9.296972459698e-03,1.623063196294e-02,5.646732448573e-03,9.858051808080e-03,5.200422220536e-03,9.078884494853e-03,3.999617694291e-03,6.982522866440e-03,1.110223024625e-16,5.551115123126e-17,1.110223024625e-16,0.000000000000e+00,2.220446049250e-16,1.161798933664e+00,7.872044506259e-01,1.146345393892e+00,7.938718662953e-01
logreg,iid,fullbatch,fedavg,2,9.000000000000e-01,8,16,3.859867607102e-03,9.658396071097e-02,1.450608662261e-01,2.437799779681e-02,1.328488870564e-02,2.905457239896e-01,1.583340698967e-01,9.297662164368e-02,14,14,1,1.880782965486e-01,8.142802793428e-03,9.042768006814e-03,1.462925360104e-02,5.640995390597e-03,9.125917204680e-03,5.119583419267e-03,8.282384787013e-03,3.924426806057e-03,6.348878456380e-03,1.665334536938e-16,5.551115123126e-17,1.110223024625e-16,0.000000000000e+00,1.110223024625e-16,1.088055678881e+00,8.045897079277e-01,1.070094810712e+00,8.189415041783e-01
logreg,iid,fullbatch,fedavg,2,9.000000000000e-01,9,16,3.774561371861e-03,9.438149219864e-02,1.430430481228e-01,2.217259265598e-02,1.220452580624e-02,3.092755451369e-01,1.702354537616e-01,8.951628158035e-02,14,14,1,1.781858089905e-01,1.206295436968e-02,8.813678335685e-03,1.338752877272e-02,5.628179258854e-03,8.548917817989e-03,5.048195512627e-03,7.667952028837e-03,3.845451997647e-03,5.841045849631e-03,1.110223024625e-16,5.551115123126e-17,1.110223024625e-16,0.000000000000e+00,1.110223024625e-16,1.025153469527e+00,8.150208623088e-01,1.005169141919e+00,8.300835654596e-01
logreg,iid,fullbatch,fedavg,2,9.000000000000e-01,10,16,3.698211963770e-03,9.241064565737e-02,1.411475713802e-01,2.040773252601e-02,1.127778050517e-02,3.279201933461e-01,1.812162110149e-01,8.650153869016e-02,14,14,1,1.696331662895e-01,1.579789130887e-02,8.606539377595e-03,1.239497807044e-02,5.608519339629e-03,8.077285326010e-03,5.015451776702e-03,7.223160443260e-03,3.767293661363e-03,5.425586320917e-03,2.220446049250e-16,5.551115123126e-17,1.110223024625e-16,0.000000000000e+00,1.110223024625e-16,9.709953823894e-01,8.289290681502e-01,9.493743023879e-01,8.495821727019e-01
logreg,iid,fullbatch,fedavg,2,9.000000000000e-01,11,16,3.629675008792e-03,9.064188396790e-02,1.393732159052e-01,1.896382874985e-02,1.047620474794e-02,3.464685061170e-01,1.913999043480e-01,8.388034547851e-02,14,14,1,1.621953050796e-01,1.935101274660e-02,8.418361280237e-03,1.158198593985e-02,5.582578951107e-03,7.680515098780e-03,4.989632064703e-03,6.864738456176e-03,3.692496464834e-03,5.080138605962e-03,2.220446049250e-16,5.551115123126e-17,1.110223024625e-16,0.000000000000e+00,2.220446049250e-16,9.239604338991e-01,8.372739916551e-01,9.010130481492e-01,8.635097493036e-01
logreg,iid,fullbatch,fedavg,2,9.000000000000e-01,12,16,3.567942945548e-03,8.904931858949e-02,1.377128189848e-01,1.776080856287e-02,9.777496218647e-03,3.649137637858e-01,2.008885424849e-01,8.160686121414e-02,14,14,1,1.556885298615e-01,2.272834671764e-02,8.246514696197e-03,1.090259179392e-02,5.551100271382e-03,7.339025333197e-03,4.879084463629e-03,6.450563443428e-03,3.621490446548e-03,4.787917499557e-03,2.220446049250e-16,1.110223024625e-16,1.110223024625e-16,0.000000000000e+00,1.110223024625e-16,8.827845069604e-01,8.407510431154e-01,8.587617220184e-01,8.746518105850e-01
logreg,iid,fullbatch,fedavg,2,9.000000000000e-01,13,16,3.512131237798e-03,8.761026253676e-02,1.361563481596e-01,1.674301536061e-02,9.164054746708e-03,3.832507918026e-01,2.097669483157e-01,7.963973805379e-02,14,14,1,1.499622924012e-01,2.532251995444e-02,8.088760403579e-03,1.032527753598e-02,5.514900258977e-03,7.039753054372e-03,4.804315139075e-03,6.132693355500e-03,3.554411077055e-03,4.537194701837e-03,2.220446049250e-16,1.110223024625e-16,1.110223024625e-16,0.000000000000e+00,1.110223024625e-16,8.464725696736e-01,8.490959666203e-01,8.215785296873e-01,8.746518105850e-01
logreg,iid,fullbatch,fedavg,2,9.000000000000e-01,14,16,3.461468294072e-03,8.630492126055e-02,1.346928090857e-01,1.587056527974e-02,8.621873579870e-03,4.014751854114e-01,2.181061753667e-01,7.794149935463e-02,14,14,1,1.448929064598e-01,2.694006814368e-02,7.943218381967e-03,9.827734326152e-03,5.474801515982e-03,6.773689479522e-03,4.754113502621e-03,5.882019379726e-03,3.491208360031e-03,4.319491998044e-03,2.220446049250e-16,1.110223024625e-16,1.110223024625e-16,0.000000000000e+00,1.110223024625e-16,8.142340505448e-01,8.546592489569e-01,7.886357968978e-01,8.802228412256e-01
logreg,iid,fullbatch,fedavg,2,9.000000000000e-01,15,16,3.415285593889e-03,8.511611793496e-02,1.333113701710e-01,1.511414546471e-02,8.139707995803e-03,4.195833063852e-01,2.259661720117e-01,7.647832502467e-02,14,14,1,1.403785740827e-01,2.909786595429e-02,7.808318252210e-03,9.393742209913e-03,5.431589062473e-03,6.534434918635e-03,4.710940343002e-03,5.667463558611e-03,3.431721665839e-03,4.128508549961e-03,2.220446049250e-16,1.110223024625e-16,2.220446049250e-16,0.000000000000e+00,1.110223024625e-16,7.854350578495e-01,8.581363004172e-01,7.592698725594e-01,8.830083565460e-01
logreg,iid,fullbatch,fedavg,2,9.000000000000e-01,16,16,3.373007226347e-03,8.402902061607e-02,1.320019712838e-01,1.445174837653e-02,7.708454081919e-03,4.375724614172e-01,2.333978656745e-01,7.521993450398e-02,14,14,1,1.363353752386e-01,3.175141261529e-02,7.682748337647e-03,9.011232620569e-03,5.385985532595e-03,6.317318541778e-03,4.673640480472e-03,5.481796318652e-03,3.375730230749e-03,3.959454226101e-03,2.220446049250e-16,1.110223024625e-16,1.110223024625e-16,0.000000000000e+00,2.220446049250e-16,7.595628168834e-01,8.623087621697e-01,7.329438760870e-01,8.857938718663e-01
logreg,iid,fullbatch,fedavg,2,9.000000000000e-01,17,16,3.334139118680e-03,8.303086987274e-02,1.307556041291e-01,1.386654683366e-02,7.320682176488e-03,4.554410420095e-01,2.404448027815e-01,7.405632400962e-02,14,14,1,1.326940024596e-01,3.484824826072e-02,7.565409791614e-03,8.671043161069e-03,5.338638950134e-03,6.118844852171e-03,4.641199856977e-03,5.319479762167e-03,3.309402137094e-03,3.793048831258e-03,2.220446049250e-16,1.110223024625e-16,1.110223024625e-16,0.000000000000e+00,2.220446049250e-16,7.361989975976e-01,8.671766342142e-01,7.092197881007e-01,8.857938718663e-01
logreg,iid,fullbatch,fedavg,2,9.000000000000e-01,18,16,3.298258477663e-03,8.211071507664e-02,1.295643931878e-01,1.334546862981e-02,6.970283508199e-03,4.731885688414e-01,2.471444479885e-01,7.266298651462e-02,14,14,1,1.293970900719e-01,3.833248343519e-02,7.455377617391e-03,8.366093200253e-03,5.290118757181e-03,5.936336002584e-03,4.612746013768e-03,5.176218434631e-03,3.239559768453e-03,3.635289899662e-03,2.220446049250e-16,1.110223024625e-16,1.110223024625e-16,0.000000000000e+00,2.220446049250e-16,7.149995486833e-01,8.699582753825e-01,6.877373670109e-01,8.885793871866e-01
logreg,iid,fullbatch,fedavg,2,9.000000000000e-01,19,16,3.265003884577e-03,8.125916780696e-02,1.284215630633e-01,1.287821527717e-02,6.652200076447e-03,4.908156470124e-01,2.535292208047e-01,7.138333257987e-02,14,14,1,1.263970271253e-01,4.205231879207e-02,7.351868512800e-03,8.090823799281e-03,5.240917022753e-03,5.767695124568e-03,4.587539921806e-03,5.048645404209e-03,3.170498560023e-03,3.489173556404e-03,2.220446049250e-16,1.110223024625e-16,1.110223024625e-16,0.000000000000e+00,2.220446049250e-16,6.956793262933e-01,8.713490959666e-01,6.681980853723e-01,8.969359331476e-01
logreg,iid,fullbatch,fedavg,2,9.000000000000e-01,20,16,3.234066317842e-03,8.046817806855e-02,1.273213473209e-01,1.245657125547e-02,6.362216271566e-03,5.083238575676e-01,2.596273285412e-01,7.002410392526e-02,14,14,1,1.236541680704e-01,4.219033042942e-02,7.254214769633e-03,7.840808497459e-03,6.079656033514e-03,6.571272040187e-03,4.564963277469e-03,4.934097485837e-03,3.105373382808e-03,3.356481546373e-03,2.220446049250e-16,1.110223024625e-16,2.220446049250e-16,0.000000000000e+00,2.220446049250e-16,6.780002820720e-01,8.734353268428e-01,6.503527861323e-01,8.969359331476e-01
logreg,iid,fullbatch,fedavg,2,9.000000000000e-01,21,16,3.205181224179e-03,7.973083597303e-02,1.262588726900e-01,1.207390826326e-02,6.096796732827e-03,5.257156117607e-01,2.654634401963e-01,6.874933080501e-02,14,14,1,1.211353720202e-01,4.004148132872e-02,7.161843272633e-03,7.612477354459e-03,5.963611241783e-03,6.338850740052e-03,4.486981262567e-03,4.769308954539e-03,3.043882460800e-03,3.235408179207e-03,2.220446049250e-16,1.110223024625e-16,2.220446049250e-16,0.000000000000e+00,1.110223024625e-16,6.617623134894e-01,8.734353268428e-01,6.339921177877e-01,8.969359331476e-01
logreg,iid,fullbatch,fedavg,2,9.000000000000e-01,22,16,3.178121647932e-03,7.904119913655e-02,1.252300383861e-01,1.172482333962e-02,5.852959165901e-03,5.429939895100e-01,2.710592352545e-01,6.758430857983e-02,14,14,1,1.188128134893e-01,3.774516640920e-02,7.074258673432e-03,7.402917756901e-03,5.854799583417e-03,6.126804489345e-03,4.369314853654e-03,4.572306443512e-03,2.985743148779e-03,3.124456143604e-03,2.220446049250e-16,1.110223024625e-16,1.665334536938e-16,0.000000000000e+00,2.220446049250e-16,6.467961207322e-01,8.762169680111e-01,6.189390624605e-01,8.997214484680e-01
logreg,iid,fullbatch,fedavg,2,9.000000000000e-01,23,16,3.152692358820e-03,7.839414447085e-02,1.242314012761e-01,1.140487071154e-02,5.628173830086e-03,5.601625774185e-01,2.764338534439e-01,6.651858181164e-02,14,14,1,1.166630167756e-01,3.532806354894e-02,6.991029926281e-03,7.209728297764e-03,5.752685920062e-03,5.932645533400e-03,4.258159956137e-03,4.391366745086e-03,2.930693672176e-03,3.022373716487e-03,2.220446049250e-16,1.110223024625e-16,2.220446049250e-16,0.000000000000e+00,1.110223024625e-16,6.329575874169e-01,8.769123783032e-01,6.050430530011e-01,8.997214484680e-01
logreg,iid,fullbatch,fedavg,2,9.000000000000e-01,24,16,3.128724881792e-03,7.778524216201e-02,1.232600720385e-01,1.111036040479e-02,5.420283540765e-03,5.772253163992e-01,2.816042655506e-01,6.554285962670e-02,14,14,1,1.146660737205e-01,3.281388233112e-02,6.911779504154e-03,7.030910007551e-03,5.656775356670e-03,5.754274777107e-03,4.152900818801e-03,4.224479659648e-03,2.878493420202e-03,2.928106746259e-03,2.220446049250e-16,1.110223024625e-16,1.110223024625e-16,0.000000000000e+00,2.220446049250e-16,6.201233272160e-01,8.769123783032e-01,5.921753061249e-01,9.025069637883e-01
logreg,iid,fullbatch,fedavg,2,9.000000000000e-01,25,16,3.106073318310e-03,7.721064925169e-02,1.223136241886e-01,1.083820514788e-02,5.227439574898e-03,5.941863648171e-01,2.865855809084e-01,6.464886606322e-02,14,14,1,1.128050110173e-01,3.022348697330e-02,6.836174739636e-03,6.864784298610e-03,5.566611573900e-03,5.589907979884e-03,4.052998347100e-03,4.069960244601e-03,2.841811188338e-03,2.853704237870e-03,2.220446049250e-16,1.110223024625e-16,2.220446049250e-16,0.000000000000e+00,2.220446049250e-16,6.081871291449e-01,8.776077885953e-01,5.802250933339e-01,9.025069637883e-01
logreg,iid,fullbatch,fedavg,2,9.000000000000e-01,26,16,3.084610848039e-03,7.666702018325e-02,1.213900160064e-01,1.058580269227e-02,5.048049993543e-03,6.110499800884e-01,2.913913037782e-01,6.382921124145e-02,14,14,1,1.110652788313e-01,2.757509788848e-02,6.763920845109e-03,6.709930295013e-03,5.481774495401e-03,5.438018214497e-03,3.957980079937e-03,3.926386936451e-03,2.807946744859e-03,2.785533326242e-03,2.220446049250e-16,1.110223024625e-16,2.220446049250e-16,0.000000000000e+00,2.220446049250e-16,5.970571005241e-01,8.783031988873e-01,5.690967404748e-01,9.025069637883e-01
logreg,iid,fullbatch,fedavg,2,9.000000000000e-01,27,16,3.064226807190e-03,7.615143181521e-02,1.204875244662e-01,1.035094443020e-02,4.880737725910e-03,6.278204196311e-01,2.960335482286e-01,6.307728072710e-02,14,14,1,1.093199814924e-01,2.590350017355e-02,6.694755258838e-03,6.565136419478e-03,5.401877669065e-03,5.297290557698e-03,3.867431222067e-03,3.792552914059e-03,2.770655935499e-03,2.717012569500e-03,2.220446049250e-16,1.110223024625e-16,2.220446049250e-16,0.000000000000e+00,2.220446049250e-16,5.866533554002e-01,8.783031988873e-01,5.587071975370e-01,9.052924791086e-01
logreg,iid,fullbatch,fedavg,2,9.000000000000e-01,28,16,3.044824250814e-03,7.566132064310e-02,1.196046898569e-01,1.013174376207e-02,4.724306377367e-03,6.445018607179e-01,3.005232191336e-01,6.238714054917e-02,14,14,1,1.076107527318e-01,2.479867844129e-02,6.628443038364e-03,6.429362595230e-03,5.326565595301e-03,5.166586089864e-03,3.780986757102e-03,3.667427582688e-03,2.734557927416e-03,2.652427478258e-03,2.220446049250e-16,1.110223024625e-16,2.220446049250e-16,0.000000000000e+00,2.220446049250e-16,5.769061323425e-01,8.803894297636e-01,5.489840578570e-01,9.052924791086e-01
logreg,iid,fullbatch,fedavg,2,9.000000000000e-01,29,16,3.026317918550e-03,7.519443024847e-02,1.187402696702e-01,9.926579450823e-03,4.577712187213e-03,6.610983379434e-01,3.048701653518e-01,6.175345556197e-02,14,14,1,1.059987020964e-01,2.364888192996e-02,6.584504968928e-03,6.320651634556e-03,5.255511137982e-03,5.044913052913e-03,3.698324588599e-03,3.550125858566e-03,2.699581587259e-03,2.591404342870e-03,2.220446049250e-16,1.110223024625e-16,2.220446049250e-16,0.000000000000e+00,2.220446049250e-16,5.677542524782e-01,8.817802503477e-01,5.398639338850e-01,9.080779944290e-01
logreg,iid,fullbatch,fedavg,2,9.000000000000e-01,30,16,3.008632535256e-03,7.474876727289e-02,1.178932003856e-01,9.734050459589e-03,4.440040912126e-03,6.776136965402e-01,3.090833099485e-01,6.117141912321e-02,14,14,1,1.044749695008e-01,2.246425779925e-02,6.545390831781e-03,6.221163024063e-03,5.188413090463e-03,4.931403563441e-03,3.636927019225e-03,3.456770798676e-03,2.665664385397e-03,2.533619937327e-03,4.440892098501e-16,1.110223024625e-16,2.220446049250e-16,0.000000000000e+00,2.220446049250e-16,5.591438488668e-01,8.831710709318e-01,5.312911176873e-01,9.080779944290e-01
logreg,iid,fullbatch,fedavg,2,9.000000000000e-01,31,16,2.991701388936e-03,7.432256447662e-02,1.170625659012e-01,9.552939667105e-03,4.310488677369e-03,6.940515595467e-01,3.131707613770e-01,6.063669234824e-02,14,14,1,1.030317542695e-01,2.125350764988e-02,6.507127110309e-03,6.103020274719e-03,5.124993929218e-03,4.806720589225e-03,3.572739043188e-03,3.350864129012e-03,2.632750937279e-03,2.469251341816e-03,2.220446049250e-16,1.110223024625e-16,2.220446049250e-16,0.000000000000e+00,2.220446049250e-16,5.510273136052e-01,8.831710709318e-01,5.232164702397e-01,9.080779944290e-01
logreg,iid,fullbatch,fedavg,2,9.000000000000e-01,32,16,2.975465138016e-03,7.391424967526e-02,1.162475715174e-01,9.382184504456e-03,4.188346041599e-03,7.104153067733e-01,3.171399087923e-01,6.014535146829e-02,14,14,1,1.016621592038e-01,2.002407383781e-02,6.469675614068e-03,5.986965273454e-03,5.064997763555e-03,4.687092140228e-03,3.573129412076e-03,3.306533895013e-03,2.600791801488e-03,2.406743572295e-03,2.220446049250e-16,1.110223024625e-16,2.220446049250e-16,0.000000000000e+00,2.220446049250e-16,5.433624206900e-01,8.838664812239e-01,5.155964956541e-01,9.080779944290e-01
logreg,iid,fullbatch,fedavg,2,9.000000000000e-01,33,16,2.959870808303e-03,7.352241955153e-02,1.154475225327e-01,9.220853030532e-03,4.072984677994e-03,7.267080635720e-01,3.209975040815e-01,5.969384205769e-02,14,14,1,1.003600617064e-01,1.878230486046e-02,6.433000942911e-03,5.876620527069e-03,5.008188476023e-03,4.575037911981e-03,3.620381738387e-03,3.307260457202e-03,2.569742492167e-03,2.347489393017e-03,2.220446049250e-16,1.110223024625e-16,2.220446049250e-16,0.000000000000e+00,2.220446049250e-16,5.361115915695e-01,8.852573018081e-01,5.083925657418e-01,9.080779944290e-01
logreg,iid,fullbatch,fedavg,2,9.000000000000e-01,34,16,2.944870946981e-03,7.314581751203e-02,1.146618066583e-01,9.068124313019e-03,3.963846195910e-03,7.429326975450e-01,3.247497327262e-01,5.927893909897e-02,14,14,1,9.912000671439e-02,1.753360061712e-02,6.397070024149e-03,5.771530334988e-03,4.954348040902e-03,4.469885416325e-03,3.628508379561e-03,3.273693441581e-03,2.539562669348e-03,2.291230661602e-03,3.330669073875e-16,1.110223024625e-16,2.220446049250e-16,0.000000000000e+00,2.220446049250e-16,5.292412771796e-01,8.859527121001e-01,5.015702674547e-01,9.080779944290e-01
logreg,iid,fullbatch,fedavg,2,9.000000000000e-01,35,16,2.930422906764e-03,7.278331490469e-02,1.138898795854e-01,8.923272241836e-03,3.860432722008e-03,7.590918215095e-01,3.284022752354e-01,5.889771202573e-02,14,14,1,9.793711726297e-02,1.628253914192e-02,6.361851783573e-03,5.671288357086e-03,4.903275004993e-03,4.371036514747e-03,3.606182108449e-03,3.214739874636e-03,2.510215476219e-03,2.237737735547e-03,3.330669073875e-16,1.110223024625e-16,2.220446049250e-16,0.000000000000e+00,2.220446049250e-16,5.227214355729e-01,8.859527121001e-01,4.950988512850e-01,9.052924791086e-01
logreg,iid,fullbatch,fedavg,2,9.000000000000e-01,36,16,2.916488238183e-03,7.243389503338e-02,1.131312531542e-01,8.785652097231e-03,3.762298933959e-03,7.751878012292e-01,3.319603605863e-01,5.854749402587e-02,14,14,1,9.680701936075e-02,1.503298673931e-02,6.327316909664e-03,5.575530871680e-03,4.854783114196e-03,4.277957547404e-03,3.584433499337e-03,3.158545702447e-03,2.481666997337e-03,2.186805427076e-03,3.330669073875e-16,1.110223024625e-16,2.220446049250e-16,0.000000000000e+00,4.440892098501e-16,5.165250884007e-01,8.873435326843e-01,4.889507630274e-01,9.052924791086e-01
logreg,iid,fullbatch,fedavg,2,9.000000000000e-01,37,16,2.903032171897e-03,7.209663950602e-02,1.123854856640e-01,8.654689342570e-03,3.669045298379e-03,7.912227666360e-01,3.354288128653e-01,5.822585500563e-02,14,14,1,9.572577853223e-02,1.378819350689e-02,6.293437681988e-03,5.483931149239e-03,4.808700069998e-03,4.190171005695e-03,3.563220770928e-03,3.104894076132e-03,2.453885816069e-03,2.138249640881e-03,3.330669073875e-16,1.110223024625e-16,2.220446049250e-16,0.000000000000e+00,2.220446049250e-16,5.106279427508e-01,8.873435326843e-01,4.831012447011e-01,9.052924791086e-01
logreg,iid,fullbatch,fedavg,2,9.000000000000e-01,38,16,2.890023176164e-03,7.177071653457e-02,1.116521739470e-01,8.529870224592e-03,3.580312311002e-03,8.071986254616e-01,3.388120921033e-01,5.793057771134e-02,14,14,1,9.468984592234e-02,1.255087613213e-02,6.260187843173e-03,5.382693737036e-03,4.764866401272e-03,4.096972355855e-03,3.542507420252e-03,3.045952131482e-03,2.426842653276e-03,2.086670732222e-03,2.220446049250e-16,1.110223024625e-16,2.220446049250e-16,0.000000000000e+00,2.220446049250e-16,5.050080674153e-01,8.880389429764e-01,4.775279931097e-01,9.052924791086e-01
logreg,iid,fullbatch,fedavg,2,9.000000000000e-01,39,16,2.877432577237e-03,7.145537087254e-02,1.109309468913e-01,8.410733850577e-03,3.495775574065e-03,8.231170783915e-01,3.421143301353e-01,5.765963658553e-02,14,14,1,9.369601227937e-02,1.132328967598e-02,6.227542500049e-03,5.280112108719e-03,4.723134438387e-03,4.004577943714e-03,3.522261420862e-03,2.986400362297e-03,2.400510072348e-03,2.035307233954e-03,2.220446049250e-16,1.110223024625e-16,2.220446049250e-16,0.000000000000e+00,2.220446049250e-16,4.996456146871e-01,8.880389429764e-01,4.722108666452e-01,9.080779944290e-01
logreg,iid,fullbatch,fedavg,2,9.000000000000e-01,40,16,2.865234232601e-03,7.114991513062e-02,1.102214601569e-01,8.296865478877e-03,3.415141575539e-03,8.389796350240e-01,3.453393621839e-01,5.741117899978e-02,14,14,1,9.274136846672e-02,1.010728985672e-02,6.195478043938e-03,5.182391648521e-03,4.683367378236e-03,3.917541764461e-03,3.502454548406e-03,2.929732148554e-03,2.374862238343e-03,1.986524065309e-03,2.220446049250e-16,1.110223024625e-16,2.220446049250e-16,0.000000000000e+00,2.220446049250e-16,4.945225804062e-01,8.880389429764e-01,4.671316326385e-01,9.080779944290e-01
logreg,iid,fullbatch,fedavg,2,9.000000000000e-01,41,16,2.853404248734e-03,7.085372225584e-02,1.095233918699e-01,8.187890811467e-03,3.338144058657e-03,8.547876300707e-01,3.484907547543e-01,5.712076658352e-02,14,14,1,9.182327141592e-02,8.904387147219e-03,6.163972083301e-03,5.089177504348e-03,4.645438430278e-03,3.835426318891e-03,3.483061812978e-03,2.875730062581e-03,2.349874721143e-03,1.940133635789e-03,4.440892098501e-16,1.110223024625e-16,2.220446049250e-16,0.000000000000e+00,2.220446049250e-16,4.896225962743e-01,8.887343532684e-01,4.622737489247e-01,9.080779944290e-01
logreg,iid,fullbatch,fedavg,2,9.000000000000e-01,42,16,2.841920736487e-03,7.056621899651e-02,1.088364391198e-01,8.083471118105e-03,3.264540889543e-03,8.705422393666e-01,3.515718303392e-01,5.677125011293e-02,14,14,1,9.093931464098e-02,7.715793813720e-03,6.133003384179e-03,5.000148619726e-03,4.609230035075e-03,3.757838330455e-03,3.464060981030e-03,2.824198626341e-03,2.325524334369e-03,1.895966227677e-03,3.330669073875e-16,1.110223024625e-16,2.220446049250e-16,0.000000000000e+00,2.220446049250e-16,4.849307494966e-01,8.887343532684e-01,4.576221743863e-01,9.080779944290e-01
logreg,iid,fullbatch,fedavg,2,9.000000000000e-01,43,16,2.830763598360e-03,7.028688020505e-02,1.081603151156e-01,7.983299053908e-03,3.194111346421e-03,8.862444953687e-01,3.545856893554e-01,5.643408339565e-02,14,14,1,9.008730259784e-02,6.542464859337e-03,6.102551815476e-03,4.915013819662e-03,4.574633147957e-03,3.684423471025e-03,3.445432172508e-03,2.774961566019e-03,2.301789003288e-03,1.853867874160e-03,2.220446049250e-16,1.110223024625e-16,2.220446049250e-16,0.000000000000e+00,2.220446049250e-16,4.804334256574e-01,8.908205841446e-01,4.531632041291e-01,9.080779944290e-01
logreg,iid,fullbatch,fedavg,2,9.000000000000e-01,44,16,2.819914342923e-03,7.001522385563e-02,1.074947468805e-01,7.887095057763e-03,3.126653766709e-03,9.018953019194e-01,3.575352296721e-01,5.610849304455e-02,14,14,1,8.926522830262e-02,5.385133693318e-03,6.072598297246e-03,4.833508429179e-03,4.541546581453e-03,3.614861811775e-03,3.427157521153e-03,2.727859469007e-03,2.278647656176e-03,1.813698537947e-03,3.330669073875e-16,1.110223024625e-16,2.220446049250e-16,0.000000000000e+00,2.220446049250e-16,4.761181714176e-01,8.908205841446e-01,4.488843256699e-01,9.080779944290e-01
logreg,iid,fullbatch,fedavg,2,9.000000000000e-01,45,16,2.809355922380e-03,6.975080667347e-02,1.068394733860e-01,7.794604239355e-03,3.061983498813e-03,9.174954481204e-01,3.604231640390e-01,5.579377481281e-02,14,14,1,8.847125372626e-02,4.244343225814e-03,6.043124750875e-03,4.755391341094e-03,4.509876400974e-03,3.548863885938e-03,3.409220887929e-03,2.682747776800e-03,2.256080134636e-03,1.775330541622e-03,3.330669073875e-16,1.110223024625e-16,2.220446049250e-16,0.000000000000e+00,2.220446049250e-16,4.719735741860e-01,8.915159944367e-01,4.447740931047e-01,9.080779944290e-01
logreg,iid,fullbatch,fedavg,2,9.000000000000e-01,46,16,2.799072589969e-03,6.949322028951e-02,1.061942440458e-01,7.705593678949e-03,2.999931114064e-03,9.330456212298e-01,3.632520356758e-01,5.548928612543e-02,14,14,1,8.770369256565e-02,3.120472985961e-03,6.014114050591e-03,4.680442464392e-03,4.479535368914e-03,3.486167270032e-03,3.391607619137e-03,2.639495059394e-03,2.239902905555e-03,1.743188869896e-03,2.220446049250e-16,1.110223024625e-16,2.220446049250e-16,0.000000000000e+00,2.220446049250e-16,4.679891563702e-01,8.915159944367e-01,4.408220167147e-01,9.080779944290e-01
logreg,iid,fullbatch,fedavg,2,9.000000000000e-01,47,16,2.789049774377e-03,6.924208784749e-02,1.055588175007e-01,7.619850077230e-03,2.940340841383e-03,9.485464185388e-01,3.660242322498e-01,5.519443950084e-02,14,14,1,8.696099505848e-02,2.013762775426e-03,5.985549976025e-03,4.608460496432e-03,4.450937363331e-03,3.426914668354e-03,3.374304342118e-03,2.597981526489e-03,2.237640883605e-03,1.722829089824e-03,4.440892098501e-16,1.110223024625e-16,2.220446049250e-16,0.000000000000e+00,4.440892098501e-16,4.641552821949e-01,8.915159944367e-01,4.370184658641e-01,9.080779944290e-01
logreg,iid,fullbatch,fedavg,2,9.000000000000e-01,48,16,2.779273968835e-03,6.899706100229e-02,1.049329606410e-01,7.537177703142e-03,2.883069193151e-03,9.639983582208e-01,3.687419984375e-01,5.490869674996e-02,14,14,1,8.624173456256e-02,9.243332979653e-04,5.957417165768e-03,4.539260971776e-03,4.426310941482e-03,3.372632794807e-03,3.357298792611e-03,2.558097738640e-03,2.235253927102e-03,1.703154342054e-03,3.330669073875e-16,1.110223024625e-16,2.220446049250e-16,0.000000000000e+00,2.220446049250e-16,4.604630753816e-01,8.915159944367e-01,4.333545833797e-01,9.080779944290e-01
logreg,iid,fullbatch,fedavg,2,9.000000000000e-01,49,16,2.769732632879e-03,6.875781725732e-02,1.043164478191e-01,7.457396596359e-03,2.827983755692e-03,9.794018891745e-01,3.714074472359e-01,5.463156385497e-02,10,10,1,8.553195439648e-02,1.477740143156e-04,8.449643161995e-03,6.373424807368e-03,4.402592600479e-03,3.320802116571e-03,3.340579668754e-03,2.519743487818e-03,2.232750921112e-03,1.684126753813e-03,2.220446049250e-16,1.110223024625e-16,2.220446049250e-16,0.000000000000e+00,2.220446049250e-16,4.569043462475e-01,8.915159944367e-01,4.298222098711e-01,9.080779944290e-01
logreg,iid,fullbatch,fedavg,2,9.000000000000e-01,50,16,2.760414105106e-03,6.852405759669e-02,1.037090602176e-01,7.380340988082e-03,2.774962121805e-03,9.947573998993e-01,3.740225701717e-01,5.436258644327e-02,10,10,1,8.476641585476e-02,1.201245804076e-03,8.353419377653e-03,6.239242473753e-03,4.379728414284e-03,3.271257710227e-03,3.324136507532e-03,2.482826822012e-03,2.230140074445e-03,1.665711254977e-03,2.220446049250e-16,1.110223024625e-16,2.220446049250e-16,0.000000000000e+00,4.440892098501e-16,4.534715269937e-01,8.915159944367e-01,4.264138166853e-01,9.108635097493e-01
logreg,iid,fullbatch,fedavg,0,9.550000000000e-01,1,16,3.297151275793e-03,8.339523017565e-02,1.033372988878e-01,1.005025149706e-01,3.125498822820e-02,1.054920018437e-01,3.280665440817e-02,8.192496714038e-02,13,13,1,1.503027549834e-01,1.564167178723e-02,1.019398551648e-02,9.550824519049e-02,7.754986393291e-03,7.265707222185e-02,4.055253792470e-03,3.799398899428e-02,2.272837080403e-03,2.129438783312e-02,2.775557561563e-17,1.387778780781e-17,1.387778780781e-17,0.000000000000e+00,2.775557561563e-17,2.091249874980e+00,4.840055632823e-01,2.084797146124e+00,4.846796657382e-01
logreg,iid,fullbatch,fedavg,0,9.550000000000e-01,2,16,3.222494619142e-03,8.145996739087e-02,1.006796657028e-01,5.712824233593e-02,2.528398025614e-02,1.274520303566e-01,5.640808271665e-02,8.117545007805e-02,15,15,1,1.428892112463e-01,1.129648852532e-02,1.054331710640e-02,5.046286117634e-02,7.736893939578e-03,3.703064233664e-02,4.449732936349e-03,2.129749614592e-02,2.535074986860e-03,1.213348093797e-02,5.551115123126e-17,2.775557561563e-17,2.775557561563e-17,0.000000000000e+00,2.775557561563e-17,1.883452050515e+00,5.500695410292e-01,1.878985811360e+00,5.598885793872e-01
logreg,iid,fullbatch,fedavg,0,9.550000000000e-01,3,16,3.120869594008e-03,7.882493904447e-02,9.994958544370e-02,4.014792792978e-02,2.226921473705e-02,1.401427769617e-01,7.773426313473e-02,7.938664939211e-02,15,15,1,1.313006779583e-01,3.599096913789e-02,1.006802051646e-02,3.358794507793e-02,7.661824439650e-03,2.556062912813e-02,4.526910350109e-03,1.510223543581e-02,2.623991585718e-03,8.753904019357e-03,5.551115123126e-17,2.775557561563e-17,5.551115123126e-17,0.000000000000e+00,5.551115123126e-17,1.704016147397e+00,5.945757997218e-01,1.701986083207e+00,5.988857938719e-01
logreg,iid,fullbatch,fedavg,0,9.550000000000e-01,4,16,3.024541130486e-03,7.632488427082e-02,9.931670096809e-02,3.124632381470e-02,1.970958138267e-02,1.534553713629e-01,9.679670313927e-02,7.761500863098e-02,15,15,1,1.211886734194e-01,5.366292182591e-02,9.832105163058e-03,2.593400563890e-02,4.800968397170e-03,1.266344688340e-02,4.548205810949e-03,1.199673856126e-02,2.652289891833e-03,6.995907780690e-03,5.551115123126e-17,2.775557561563e-17,8.326672684689e-17,0.000000000000e+00,1.110223024625e-16,1.554827961969e+00,6.265646731572e-01,1.554983083461e+00,6.239554317549e-01
logreg,iid,fullbatch,fedavg,0,9.550000000000e-01,5,16,2.938059497565e-03,7.407781177446e-02,9.824501833704e-02,2.580792825382e-02,1.755643729828e-02,1.673494142148e-01,1.138432914362e-01,7.375253794491e-02,15,15,1,1.125913608852e-01,6.699812732013e-02,9.616763174480e-03,2.143517118816e-02,4.792161784960e-03,1.068143265653e-02,4.537536485525e-03,1.011388858965e-02,2.655383372617e-03,5.918685542065e-03,1.110223024625e-16,5.551115123126e-17,5.551115123126e-17,0.000000000000e+00,1.110223024625e-16,1.431117074367e+00,6.432545201669e-01,1.433011249444e+00,6.462395543175e-01
logreg,iid,fullbatch,fedavg,0,9.550000000000e-01,6,16,2.860862642808e-03,7.207040577706e-02,9.697097993618e-02,2.214811664985e-02,1.576581772955e-02,1.814598323972e-01,1.291695672385e-01,6.999604295049e-02,15,15,1,1.052526055308e-01,6.961513194663e-02,9.374108032358e-03,1.838095649625e-02,4.765678853795e-03,9.344647553059e-03,4.510013516598e-03,8.843333356084e-03,2.644745620777e-03,5.185875182080e-03,1.110223024625e-16,5.551115123126e-17,5.551115123126e-17,0.000000000000e+00,5.551115123126e-17,1.327810127927e+00,6.543810848401e-01,1.330994873209e+00,6.518105849582e-01
logreg,iid,fullbatch,fedavg,0,9.550000000000e-01,7,16,2.791543662391e-03,7.026683019851e-02,9.560341757949e-02,1.951479675138e-02,1.427876643455e-02,1.955031392372e-01,1.430475396672e-01,6.669928328723e-02,15,15,1,9.891141181600e-02,6.515231014966e-02,9.113122493924e-03,1.614122580860e-02,4.728437243422e-03,8.375040862095e-03,4.472964395442e-03,7.922545580705e-03,2.625664301217e-03,4.650594833087e-03,2.220446049250e-16,5.551115123126e-17,1.110223024625e-16,0.000000000000e+00,1.110223024625e-16,1.240677660056e+00,6.668984700974e-01,1.244775187175e+00,6.657381615599e-01
logreg,iid,fullbatch,fedavg,0,9.550000000000e-01,8,16,2.728822072756e-03,6.863395660356e-02,9.420278300460e-02,1.752537516075e-02,1.303733007203e-02,2.093083520690e-01,1.557069134171e-01,6.363947402106e-02,15,15,1,9.336571924603e-02,6.145860602999e-02,8.841157135253e-03,1.440890041280e-02,4.684443480361e-03,7.634484781270e-03,4.430646073929e-03,7.220857752775e-03,2.601130520205e-03,4.239199694446e-03,1.110223024625e-16,5.551115123126e-17,1.110223024625e-16,0.000000000000e+00,1.110223024625e-16,1.166411885707e+00,6.842837273992e-01,1.171128375861e+00,6.824512534819e-01
logreg,iid,fullbatch,fedavg,0,9.550000000000e-01,9,16,2.671693904466e-03,6.714559271910e-02,9.280533244707e-02,1.596610911658e-02,1.199186798376e-02,2.227921378124e-01,1.673353153833e-01,6.072298626279e-02,15,15,1,8.846951853196e-02,5.869909026979e-02,8.564314560432e-03,1.301725739940e-02,4.636232372560e-03,7.046802138244e-03,4.362180963783e-03,6.630260019952e-03,2.573030258219e-03,3.910855554328e-03,1.110223024625e-16,5.551115123126e-17,1.110223024625e-16,0.000000000000e+00,1.110223024625e-16,1.102472712938e+00,7.023643949930e-01,1.107587807326e+00,7.047353760446e-01
logreg,iid,fullbatch,fedavg,0,9.550000000000e-01,10,16,2.619386511087e-03,6.578152833572e-02,9.143300740816e-02,1.470868293437e-02,1.110250343715e-02,2.359275568717e-01,1.780843684492e-01,5.794111748165e-02,15,15,1,8.411665262984e-02,5.683537457099e-02,8.287530041669e-03,1.186801531653e-02,4.999594347482e-03,7.159583373334e-03,4.291769848871e-03,6.145955434890e-03,2.542621877416e-03,3.641118069388e-03,2.220446049250e-16,5.551115123126e-17,1.110223024625e-16,0.000000000000e+00,1.110223024625e-16,1.046911100927e+00,7.225312934631e-01,1.052261797180e+00,7.325905292479e-01
logreg,iid,fullbatch,fedavg,0,9.550000000000e-01,11,16,2.571291556669e-03,6.452587805052e-02,9.009874325887e-02,1.367150954406e-02,1.033811791564e-02,2.487195036516e-01,1.880766383830e-01,5.548648105683e-02,15,15,1,8.022695253502e-02,5.573285200008e-02,8.014631145403e-03,1.089924980873e-02,4.774416284366e-03,6.492819797955e-03,4.221306935717e-03,5.740635841750e-03,2.510775689485e-03,3.414451764145e-03,2.220446049250e-16,5.551115123126e-17,1.110223024625e-16,0.000000000000e+00,2.220446049250e-16,9.982213983909e-01,7.357440890125e-01,1.003687448511e+00,7.520891364903e-01
logreg,iid,fullbatch,fedavg,0,9.550000000000e-01,12,16,2.526914850436e-03,6.336578546454e-02,8.880977482338e-02,1.280022333453e-02,9.674674362282e-03,2.611886204963e-01,1.974117782476e-01,5.331377800838e-02,15,15,1,7.673713314055e-02,5.522686238526e-02,7.748444297716e-03,1.006971302876e-02,4.650068259392e-03,6.043129580223e-03,4.151793632365e-03,5.395582497107e-03,2.478112208876e-03,3.220501798512e-03,1.110223024625e-16,5.551115123126e-17,2.220446049250e-16,0.000000000000e+00,2.220446049250e-16,9.552288917789e-01,7.510431154381e-01,9.607214725811e-01,7.632311977716e-01
logreg,iid,fullbatch,fedavg,0,9.550000000000e-01,13,16,2.485844113267e-03,6.229056643243e-02,8.756976929601e-02,1.205716711606e-02,9.093602338278e-03,2.733618670352e-01,2.061714903127e-01,5.138420552877e-02,15,15,1,7.359536148626e-02,5.515792210491e-02,7.490939971547e-03,9.350612283291e-03,4.547934179133e-03,5.676987048425e-03,4.083915455675e-03,5.097772798714e-03,2.444109122375e-03,3.050874372001e-03,2.220446049250e-16,1.110223024625e-16,1.110223024625e-16,0.000000000000e+00,2.220446049250e-16,9.170069125670e-01,7.698191933241e-01,9.224603533267e-01,7.688022284123e-01
logreg,iid,fullbatch,fedavg,0,9.550000000000e-01,14,16,2.447728797333e-03,6.129116332276e-02,8.638018592043e-02,1.141540042998e-02,8.580469738221e-03,2.852674587767e-01,2.144233846500e-01,4.966479076349e-02,15,15,1,7.075809021242e-02,5.538750451056e-02,7.243391335341e-03,8.721044297387e-03,4.451077910882e-03,5.359098498866e-03,4.018129674762e-03,4.837828755057e-03,2.406788263220e-03,2.897773444265e-03,2.220446049250e-16,1.110223024625e-16,1.110223024625e-16,0.000000000000e+00,1.110223024625e-16,8.828162780914e-01,7.795549374131e-01,8.881821335196e-01,7.799442896936e-01
logreg,iid,fullbatch,fedavg,0,9.550000000000e-01,15,16,2.412267003236e-03,6.035978977414e-02,8.524112360202e-02,1.085511773516e-02,8.123960277158e-03,2.969323976163e-01,2.222239373253e-01,4.812759932360e-02,15,15,1,6.818816018271e-02,5.221524960984e-02,7.006526107440e-03,8.165330703253e-03,4.359386289046e-03,5.080382227576e-03,3.959693397602e-03,4.614584400189e-03,2.369822015335e-03,2.761765269456e-03,1.665334536938e-16,1.110223024625e-16,1.110223024625e-16,0.000000000000e+00,1.110223024625e-16,8.520609789981e-01,7.885952712100e-01,8.573037701739e-01,7.883008356546e-01
logreg,iid,fullbatch,fedavg,0,9.550000000000e-01,16,16,2.379196448715e-03,5.948968746979e-02,8.415184010524e-02,1.036141733804e-02,7.715109277666e-03,3.083814322115e-01,2.296207527497e-01,4.674896323876e-02,15,15,1,6.585358508181e-02,4.879021545737e-02,6.780660258745e-03,7.671392551841e-03,4.272635798220e-03,4.833904839418e-03,3.905256888833e-03,4.418265694905e-03,2.333428143954e-03,2.639955786119e-03,2.220446049250e-16,1.110223024625e-16,1.110223024625e-16,0.000000000000e+00,2.220446049250e-16,8.242555403014e-01,7.997218358832e-01,8.293496510115e-01,7.966573816156e-01
logreg,iid,fullbatch,fedavg,0,9.550000000000e-01,17,16,2.348287815847e-03,5.867494967293e-02,8.311106809147e-02,9.922861373281e-03,7.346738966131e-03,3.196367567533e-01,2.366543003584e-01,4.550878865905e-02,15,15,1,6.371257571564e-02,4.565854153195e-02,6.565809260635e-03,7.229717686341e-03,4.190544318222e-03,4.614275433568e-03,3.852723265807e-03,4.242295264710e-03,2.297773129739e-03,2.530114777300e-03,1.110223024625e-16,1.110223024625e-16,2.220446049250e-16,0.000000000000e+00,1.110223024625e-16,7.990007622688e-01,8.073713490960e-01,8.039281358182e-01,8.077994428969e-01
logreg,iid,fullbatch,fedavg,0,9.550000000000e-01,18,16,2.319339591643e-03,5.791038651756e-02,8.211720926131e-02,9.530517225581e-03,7.013041787738e-03,3.307180624103e-01,2.433592570839e-01,4.438996153903e-02,15,15,1,6.158074547644e-02,4.528477131602e-02,6.361776930522e-03,6.832679830547e-03,4.112805522329e-03,4.417238083995e-03,3.802173074047e-03,4.083612418198e-03,2.262981965414e-03,2.430489374406e-03,2.220446049250e-16,1.110223024625e-16,1.110223024625e-16,0.000000000000e+00,1.110223024625e-16,7.759655048782e-01,8.150208623088e-01,7.807139040240e-01,8.105849582173e-01
logreg,iid,fullbatch,fedavg,0,9.550000000000e-01,19,16,2.292173927550e-03,5.719141820923e-02,8.116845690351e-02,9.177302036855e-03,6.709271629874e-03,3.416427376921e-01,2.497655540098e-01,4.337784963399e-02,15,15,1,5.961874944056e-02,4.499794787274e-02,6.168224170252e-03,6.474074003798e-03,4.039110730860e-03,4.239389013655e-03,3.753643771343e-03,3.939767247236e-03,2.229145541051e-03,2.339677158233e-03,2.220446049250e-16,1.110223024625e-16,2.220446049250e-16,0.000000000000e+00,2.220446049250e-16,7.548728642448e-01,8.219749652295e-01,7.594345364632e-01,8.133704735376e-01
logreg,iid,fullbatch,fedavg,0,9.550000000000e-01,20,16,2.266633248012e-03,5.651398817342e-02,8.026287673940e-02,8.857523778456e-03,6.431513287480e-03,3.524261160160e-01,2.558991999011e-01,4.245989073529e-02,15,15,1,5.780834853864e-02,4.476047356073e-02,5.984720772569e-03,6.148789596652e-03,4.069566859561e-03,4.181132473823e-03,3.707139271572e-03,3.808769072546e-03,2.196326544205e-03,2.256537993846e-03,2.220446049250e-16,1.110223024625e-16,1.110223024625e-16,0.000000000000e+00,1.110223024625e-16,7.354895701684e-01,8.275382475661e-01,7.398602120286e-01,8.189415041783e-01
logreg,iid,fullbatch,fedavg,0,9.550000000000e-01,21,16,2.242577439492e-03,5.587449125919e-02,7.939846320455e-02,8.566553193298e-03,6.176508746926e-03,3.630817232483e-01,2.617829352004e-01,4.162525447334e-02,15,15,1,5.613360492514e-02,4.454357437403e-02,5.810783570255e-03,5.852573914251e-03,4.023955926381e-03,4.052895655483e-03,3.662637569553e-03,3.688978747488e-03,2.164564381465e-03,2.180131626228e-03,3.330669073875e-16,1.110223024625e-16,1.110223024625e-16,0.000000000000e+00,1.110223024625e-16,7.176177696757e-01,8.282336578581e-01,7.217957170558e-01,8.245125348189e-01
logreg,iid,fullbatch,fedavg,0,9.550000000000e-01,22,16,2.219881503340e-03,5.526971374349e-02,7.857318071053e-02,8.300584914840e-03,5.941524964113e-03,3.736215057158e-01,2.674367560979e-01,4.086456518454e-02,15,15,1,5.458057119694e-02,4.432549833588e-02,5.645903908574e-03,5.581856997919e-03,3.979870921764e-03,3.934723423424e-03,3.620096938632e-03,3.579030702128e-03,2.133879388122e-03,2.109672744734e-03,2.220446049250e-16,1.110223024625e-16,2.220446049250e-16,0.000000000000e+00,2.220446049250e-16,7.010885961047e-01,8.324061196106e-01,7.050741881822e-01,8.272980501393e-01
logreg,iid,fullbatch,fedavg,0,9.550000000000e-01,23,16,2.198433585109e-03,5.469678280616e-02,7.778499509176e-02,8.056460619453e-03,5.724252189353e-03,3.840560325412e-01,2.728783381378e-01,4.016967467699e-02,15,15,1,5.313702082606e-02,4.409003266745e-02,5.489566969474e-03,5.333619130508e-03,3.937296403957e-03,3.825445529566e-03,3.579461007579e-03,3.477775535502e-03,2.104276464755e-03,2.044498094423e-03,2.220446049250e-16,1.110223024625e-16,2.220446049250e-16,0.000000000000e+00,2.220446049250e-16,6.857570880782e-01,8.351877607789e-01,6.895521669412e-01,8.300835654596e-01
logreg,iid,fullbatch,fedavg,0,9.550000000000e-01,24,16,2.178133311565e-03,5.415312371350e-02,7.709666459348e-02,7.831536134474e-03,5.522724989950e-03,3.943946721100e-01,2.781233814369e-01,3.953347542906e-02,15,15,1,5.179221493498e-02,4.382530754842e-02,5.341264996973e-03,5.105288837751e-03,3.896206550492e-03,3.724072822276e-03,3.540662919564e-03,3.384237047167e-03,2.075748216935e-03,1.984042021488e-03,2.220446049250e-16,1.110223024625e-16,2.220446049250e-16,0.000000000000e+00,2.220446049250e-16,6.714981392409e-01,8.393602225313e-01,6.751056563794e-01,8.300835654596e-01
logreg,iid,fullbatch,fedavg,0,9.550000000000e-01,25,16,2.158890380114e-03,5.363642333217e-02,7.701509768654e-02,7.623580214669e-03,5.335260305380e-03,4.046457448267e-01,2.831858942024e-01,3.894974643058e-02,15,15,1,5.053670110445e-02,4.352284322956e-02,5.200506032994e-03,4.894663176559e-03,3.856567478529e-03,3.629761931880e-03,3.503628719531e-03,3.297579575722e-03,2.048277647314e-03,1.927818006954e-03,2.220446049250e-16,1.110223024625e-16,2.220446049250e-16,0.000000000000e+00,1.110223024625e-16,6.582032426938e-01,8.414464534075e-01,6.616269502314e-01,8.300835654596e-01
logreg,iid,fullbatch,fedavg,0,9.550000000000e-01,26,16,2.140623355865e-03,5.314459887504e-02,7.693824702736e-02,7.430696481384e-03,5.160408412015e-03,4.148166549922e-01,2.880784272683e-01,3.841302536616e-02,15,15,1,4.936214024877e-02,4.317679697260e-02,5.066819398042e-03,4.699844637531e-03,3.818339250605e-03,3.541788218890e-03,3.468280085532e-03,3.217082804993e-03,2.021840440056e-03,1.875404509940e-03,2.220446049250e-16,1.110223024625e-16,2.220446049250e-16,0.000000000000e+00,2.220446049250e-16,6.457778537928e-01,8.449235048679e-01,6.490220631162e-01,8.356545961003e-01
logreg,iid,fullbatch,fedavg,0,9.550000000000e-01,27,16,2.123258640112e-03,5.267577099603e-02,7.686561355368e-02,7.251262538261e-03,4.996913768563e-03,4.249140046141e-01,2.928122694370e-01,3.791850209589e-02,15,15,1,4.826115791000e-02,4.278337072326e-02,4.939758846833e-03,4.519190648052e-03,3.781477578574e-03,3.459524774143e-03,3.434536501754e-03,3.142122059071e-03,1.996406875835e-03,1.826433954112e-03,3.330669073875e-16,1.110223024625e-16,2.220446049250e-16,0.000000000000e+00,4.440892098501e-16,6.341392383292e-01,8.497913769124e-01,6.372086323758e-01,8.384401114206e-01
logreg,iid,fullbatch,fedavg,0,9.550000000000e-01,28,16,2.106729580963e-03,5.222824052024e-02,7.679674641072e-02,7.083881986742e-03,4.843683495629e-03,4.349436916893e-01,2.973976112118e-01,3.746192941355e-02,15,15,1,4.722721665925e-02,4.234034641529e-02,4.872215648030e-03,4.399410925810e-03,3.745935246339e-03,3.382425910640e-03,3.402316959064e-03,3.072152688649e-03,1.971943416201e-03,1.780584037535e-03,2.220446049250e-16,1.110223024625e-16,2.220446049250e-16,0.000000000000e+00,2.220446049250e-16,6.232147048709e-01,8.511821974965e-01,6.261141931086e-01,8.440111420613e-01
logreg,iid,fullbatch,fedavg,0,9.550000000000e-01,29,16,2.090975702533e-03,5.180046823106e-02,7.673123736504e-02,6.927346243396e-03,4.699761806817e-03,4.449109951699e-01,3.018436828571e-01,3.703954788473e-02,15,15,1,4.625450664621e-02,4.184672182321e-02,4.830753038130e-03,4.308004025838e-03,3.711663277552e-03,3.310014032189e-03,3.371541259449e-03,3.006697548879e-03,1.948413996490e-03,1.737570783401e-03,3.330669073875e-16,1.110223024625e-16,2.220446049250e-16,0.000000000000e+00,1.665334536938e-16,6.129401435257e-01,8.532684283727e-01,6.156747508382e-01,8.467966573816e-01
logreg,iid,fullbatch,fedavg,0,9.550000000000e-01,30,16,2.075942033636e-03,5.139105724328e-02,7.666871621420e-02,6.780603886217e-03,4.564309119259e-03,4.548206485131e-01,3.061588714621e-01,3.664802221864e-02,15,15,1,4.533785169195e-02,4.130242527003e-02,4.790421898581e-03,4.221679566696e-03,3.678611877477e-03,3.241869072440e-03,3.342130992151e-03,2.945336844541e-03,1.925781065829e-03,1.697142913017e-03,3.330669073875e-16,1.110223024625e-16,2.220446049250e-16,0.000000000000e+00,2.220446049250e-16,6.032588109130e-01,8.553546592490e-01,6.058335933385e-01,8.495821727019e-01
logreg,iid,fullbatch,fedavg,0,9.550000000000e-01,31,16,2.061578520614e-03,5.099873757731e-02,7.660884693004e-02,6.642735842649e-03,4.436584872925e-03,4.646769034434e-01,3.103508207233e-01,3.628438714051e-02,15,15,1,4.447262865812e-02,4.070809203949e-02,4.751190529280e-03,4.140002895943e-03,3.646731179006e-03,3.177619914160e-03,3.314010241043e-03,2.887699811352e-03,1.904006410944e-03,1.659077236879e-03,4.440892098501e-16,1.110223024625e-16,2.220446049250e-16,0.000000000000e+00,2.220446049250e-16,5.941203143214e-01,8.595271210014e-01,5.965402959865e-01,8.523676880223e-01
logreg,iid,fullbatch,fedavg,0,9.550000000000e-01,32,16,2.047839511764e-03,5.062235261770e-02,7.655132435234e-02,6.512935152878e-03,4.315933311731e-03,4.744835853227e-01,3.144265164162e-01,3.594600113502e-02,15,15,1,4.365469813759e-02,4.006488904293e-02,4.713027331576e-03,4.062589990584e-03,3.615971821900e-03,3.116937351808e-03,3.287106074911e-03,2.833457838967e-03,1.883051797788e-03,1.623174840127e-03,2.220446049250e-16,1.110223024625e-16,2.220446049250e-16,0.000000000000e+00,2.220446049250e-16,5.854797580504e-01,8.623087621697e-01,5.877498847606e-01,8.551532033426e-01
logreg,iid,fullbatch,fedavg,0,9.550000000000e-01,33,16,2.034683303116e-03,5.026084719374e-02,7.649587130534e-02,6.390490347998e-03,4.201771646739e-03,4.842441413243e-01,3.183923599468e-01,3.563050674771e-02,15,15,1,4.288034479229e-02,3.937437724267e-02,4.675900895998e-03,3.989099978127e-03,3.586285392309e-03,3.059528270213e-03,3.261348864782e-03,2.782318739112e-03,1.862879461647e-03,1.589257895964e-03,4.440892098501e-16,1.110223024625e-16,2.220446049250e-16,0.000000000000e+00,2.220446049250e-16,5.772970226028e-01,8.657858136300e-01,5.794221284611e-01,8.523676880223e-01
logreg,iid,fullbatch,fedavg,0,9.550000000000e-01,34,16,2.022071737135e-03,4.991325706298e-02,7.644223604764e-02,6.274771707627e-03,4.093580148084e-03,4.939616824362e-01,3.222542319233e-01,3.533579638092e-02,15,15,1,4.214622591053e-02,3.863840365512e-02,4.639780076622e-03,3.919228970429e-03,3.557624746971e-03,3.005130791542e-03,3.236672465500e-03,2.734021933171e-03,1.843452472803e-03,1.557166981561e-03,4.440892098501e-16,1.110223024625e-16,2.220446049250e-16,0.000000000000e+00,2.220446049250e-16,5.695361533154e-01,8.671766342142e-01,5.715209374713e-01,8.551532033426e-01
logreg,iid,fullbatch,fedavg,0,9.550000000000e-01,35,16,2.009969847287e-03,4.957869961366e-02,7.639018999317e-02,6.165219828731e-03,3.990893808433e-03,5.036390201714e-01,3.260175473258e-01,3.505998271757e-02,15,15,1,4.144932697068e-02,3.785901656992e-02,4.604634057130e-03,3.852704949630e-03,3.529944243500e-03,2.953510200836e-03,3.213014292483e-03,2.688334385382e-03,1.824735001212e-03,1.526758800745e-03,3.330669073875e-16,1.110223024625e-16,2.220446049250e-16,0.000000000000e+00,2.220446049250e-16,5.621648396197e-01,8.692628650904e-01,5.640138508436e-01,8.579387186630e-01
logreg,iid,fullbatch,fedavg,0,9.550000000000e-01,36,16,1.998345542580e-03,4.925636563002e-02,7.633952565820e-02,6.061336062784e-03,3.893295294559e-03,5.132786987346e-01,3.296873035716e-01,3.480137306230e-02,15,15,1,4.078692318226e-02,3.703839902839e-02,4.570432411038e-03,3.789283502324e-03,3.503199895260e-03,2.904455503246e-03,3.190315319075e-03,2.645047146215e-03,1.806692500171e-03,1.497904239463e-03,2.220446049250e-16,1.110223024625e-16,2.220446049250e-16,0.000000000000e+00,4.440892098501e-16,5.551539697285e-01,8.692628650904e-01,5.568715969847e-01,8.579387186630e-01
logreg,iid,fullbatch,fedavg,0,9.550000000000e-01,37,16,1.987169327069e-03,4.894551198723e-02,7.629005480221e-02,5.962674473342e-03,3.800408960667e-03,5.228830232840e-01,3.332681225436e-01,3.448465274400e-02,15,15,1,4.015654613258e-02,3.617881669598e-02,4.537145157193e-03,3.728744241589e-03,3.477349466438e-03,2.857776498161e-03,3.168520015070e-03,2.603972399212e-03,1.789291825807e-03,1.470486696116e-03,3.330669073875e-16,1.110223024625e-16,4.440892098501e-16,0.000000000000e+00,3.330669073875e-16,5.484772483895e-01,8.713490959666e-01,5.500677159618e-01,8.579387186630e-01
logreg,iid,fullbatch,fedavg,0,9.550000000000e-01,38,16,1.976414050051e-03,4.864545516177e-02,7.624160673834e-02,5.868835038631e-03,3.711895741540e-03,5.324540848312e-01,3.367642874678e-01,3.407841876773e-02,15,15,1,3.955595480036e-02,3.528257710721e-02,4.504742810795e-03,3.670887789932e-03,3.452352520385e-03,2.813301279543e-03,3.147576242928e-03,2.564940926340e-03,1.772501306305e-03,1.444400640889e-03,4.440892098501e-16,1.110223024625e-16,2.220446049250e-16,0.000000000000e+00,3.330669073875e-16,5.421108676022e-01,8.720445062587e-01,5.435782336374e-01,8.579387186630e-01
logreg,iid,fullbatch,fedavg,0,9.550000000000e-01,39,16,1.966054683278e-03,4.835556545853e-02,7.619402679483e-02,5.779457879576e-03,3.627448778393e-03,5.419937822386e-01,3.401797753775e-01,3.368575652685e-02,15,15,1,3.898311031075e-02,3.435199791649e-02,4.473196429901e-03,3.615533222098e-03,3.428170431989e-03,2.770874090174e-03,3.127435124761e-03,2.527799923550e-03,1.756290772370e-03,1.419550367322e-03,4.440892098501e-16,1.110223024625e-16,4.440892098501e-16,0.000000000000e+00,2.220446049250e-16,5.360332219989e-01,8.755215577191e-01,5.373813795780e-01,8.635097493036e-01
logreg,iid,fullbatch,fedavg,0,9.550000000000e-01,40,16,1.956068122010e-03,4.807526186892e-02,7.614717491237e-02,5.694218337050e-03,3.546789657817e-03,5.515038417064e-01,3.435182857818e-01,3.330588035434e-02,15,15,1,3.843615390103e-02,3.338938229523e-02,4.442477657188e-03,3.562515886854e-03,3.404766372852e-03,2.730353471713e-03,3.108050890288e-03,2.492411111148e-03,1.740631558206e-03,1.395848906350e-03,4.440892098501e-16,1.110223024625e-16,2.220446049250e-16,0.000000000000e+00,4.440892098501e-16,5.302246620380e-01,8.776077885953e-01,5.314573420808e-01,8.662952646240e-01
logreg,iid,fullbatch,fedavg,0,9.550000000000e-01,41,16,1.946433007129e-03,4.780400748565e-02,7.610092436490e-02,5.612822756021e-03,3.469665166014e-03,5.609858340784e-01,3.467832660565e-01,3.293806843710e-02,15,15,1,3.791338764695e-02,3.239700001023e-02,4.412558756796e-03,3.511685542667e-03,3.382105276338e-03,2.691610663405e-03,3.089380713685e-03,2.458649093643e-03,1.725784050574e-03,1.373445937877e-03,3.330669073875e-16,1.110223024625e-16,2.220446049250e-16,0.000000000000e+00,2.220446049250e-16,5.246672793275e-01,8.783031988873e-01,5.257880547937e-01,8.718662952646e-01
logreg,iid,fullbatch,fedavg,0,9.550000000000e-01,42,16,1.937129565909e-03,4.754130540893e-02,7.605516059308e-02,5.535004860970e-03,3.395844477973e-03,5.704411902471e-01,3.499779339975e-01,3.258165628989e-02,15,15,1,3.741325756678e-02,3.137707302559e-02,4.383412646112e-03,3.462904754649e-03,3.360153788164e-03,2.654528210961e-03,3.071384545306e-03,2.426399931736e-03,1.718373909363e-03,1.357518824124e-03,3.330669073875e-16,1.110223024625e-16,2.220446049250e-16,0.000000000000e+00,2.220446049250e-16,5.193447193464e-01,8.796940194715e-01,5.203570103200e-01,8.718662952646e-01
logreg,iid,fullbatch,fedavg,0,9.550000000000e-01,43,16,1.928139469322e-03,4.728669508716e-02,7.600978014082e-02,5.460522628108e-03,3.325116715209e-03,5.798712148968e-01,3.531052979062e-01,3.223603102023e-02,15,15,1,3.693433877775e-02,3.033176471058e-02,4.355012922469e-03,3.416047510014e-03,3.338880206966e-03,2.618998753918e-03,3.054024942770e-03,2.395559895459e-03,1.711231097252e-03,1.342279996155e-03,2.220446049250e-16,1.110223024625e-16,2.220446049250e-16,0.000000000000e+00,2.220446049250e-16,5.142420176073e-01,8.803894297636e-01,5.151490969481e-01,8.774373259053e-01
logreg,iid,fullbatch,fedavg,0,9.550000000000e-01,44,16,1.919445704012e-03,4.703974904216e-02,7.596468968612e-02,5.389155576803e-03,3.257288817037e-03,5.892770987862e-01,3.561681745234e-01,3.190062627432e-02,15,15,1,3.647532242723e-02,2.926317192375e-02,4.327333884828e-03,3.370998017114e-03,3.318254418363e-03,2.584923965262e-03,3.037266904710e-03,2.366034372601e-03,1.704339597410e-03,1.327682484474e-03,4.440892098501e-16,1.110223024625e-16,3.330669073875e-16,0.000000000000e+00,2.220446049250e-16,5.093454559387e-01,8.817802503477e-01,5.101504552621e-01,8.802228412256e-01
logreg,iid,fullbatch,fedavg,0,9.550000000000e-01,45,16,1.911032457305e-03,4.680006993484e-02,7.591980515831e-02,5.320702416190e-03,3.192183679508e-03,5.986599297442e-01,3.591692050827e-01,3.157491777115e-02,15,15,1,3.603500416162e-02,2.817331939172e-02,4.300350550590e-03,3.327649659428e-03,3.298247825199e-03,2.552213621451e-03,3.021077709483e-03,2.337736910701e-03,1.697684426121e-03,1.313683369748e-03,3.330669073875e-16,1.110223024625e-16,4.440892098501e-16,0.000000000000e+00,2.220446049250e-16,5.046424360892e-01,8.845618915160e-01,5.053483518950e-01,8.802228412256e-01
logreg,iid,fullbatch,fedavg,0,9.550000000000e-01,46,16,1.902885013797e-03,4.656728793284e-02,7.587505093420e-02,5.254978993868e-03,3.129638523632e-03,6.080207025276e-01,3.621108697136e-01,3.125841934622e-02,15,15,1,3.561227393060e-02,2.706415591749e-02,4.274038667770e-03,3.285904080915e-03,3.278833276029e-03,2.520784784562e-03,3.014356766127e-03,2.317453811039e-03,1.691251562686e-03,1.300243363167e-03,4.440892098501e-16,1.110223024625e-16,2.220446049250e-16,0.000000000000e+00,2.220446049250e-16,5.001213682861e-01,8.845618915160e-01,5.007310681059e-01,8.857938718663e-01
logreg,iid,fullbatch,fedavg,0,9.550000000000e-01,47,16,1.894989662261e-03,4.634105834598e-02,7.583035910636e-02,5.191816502444e-03,3.069503460677e-03,6.173603276678e-01,3.649955003935e-01,3.095067943831e-02,15,15,1,3.520610695293e-02,2.593755204540e-02,4.248374722802e-03,3.245670383189e-03,3.259984993400e-03,2.490561081142e-03,3.004929655764e-03,2.295704080653e-03,1.685027883410e-03,1.287326437255e-03,3.330669073875e-16,1.110223024625e-16,2.220446049250e-16,0.000000000000e+00,2.220446049250e-16,4.957715727455e-01,8.845618915160e-01,4.962878012109e-01,8.885793871866e-01
logreg,iid,fullbatch,fedavg,0,9.550000000000e-01,48,16,1.887333611730e-03,4.612105949960e-02,7.578566881710e-02,5.131059906960e-03,3.011640227344e-03,6.266796394186e-01,3.678252926204e-01,3.065127796205e-02,15,15,1,3.481555569497e-02,2.479529888320e-02,4.223335944326e-03,3.206864418311e-03,3.241678503067e-03,2.461472064768e-03,2.993749082099e-03,2.273214239950e-03,1.679001099723e-03,1.274899500297e-03,2.220446049250e-16,1.110223024625e-16,2.220446049250e-16,0.000000000000e+00,2.220446049250e-16,4.915831924227e-01,8.859527121001e-01,4.920085771892e-01,8.885793871866e-01
logreg,iid,fullbatch,fedavg,0,9.550000000000e-01,49,16,1.879904915758e-03,4.590699081926e-02,7.574092565228e-02,5.072566562128e-03,2.955921067858e-03,6.359794029007e-01,3.706023159545e-01,3.035982351797e-02,15,15,1,3.443974273381e-02,2.363910783979e-02,4.198900303259e-03,3.169408163652e-03,3.223890564966e-03,2.433452651256e-03,2.982929359073e-03,2.251570644558e-03,1.673159700397e-03,1.262932108537e-03,2.220446049250e-16,1.110223024625e-16,2.220446049250e-16,0.000000000000e+00,2.220446049250e-16,4.875471155493e-01,8.880389429764e-01,4.878841730283e-01,8.885793871866e-01
logreg,iid,fullbatch,fedavg,0,9.550000000000e-01,50,16,1.872692403982e-03,4.569857110347e-02,7.569608108934e-02,5.016204993219e-03,2.902227743442e-03,6.452603205292e-01,3.733285235580e-01,3.007595089784e-02,15,15,1,3.407785439463e-02,2.247061108395e-02,4.175046509556e-03,3.133229167479e-03,3.206599106521e-03,2.406442617099e-03,2.972450341935e-03,2.230722002478e-03,1.667492897734e-03,1.251396211225e-03,3.330669073875e-16,1.110223024625e-16,2.220446049250e-16,0.000000000000e+00,2.220446049250e-16,4.836549067091e-01,8.880389429764e-01,4.839060475786e-01,8.885793871866e-01
logreg,iid,fullbatch,fedavg,1,9.550000000000e-01,1,16,3.110263328335e-03,7.884276802518e-02,9.583482026551e-02,1.054164500240e-01,2.799273221617e-02,1.111096731936e-01,2.950453489590e-02,8.141543923293e-02,13,13,1,1.411602043133e-01,8.935659171038e-03,1.103190009817e-02,1.028296094040e-01,8.408517397763e-03,7.837675758344e-02,3.902006120600e-03,3.637104775269e-02,2.801663378733e-03,2.611462652426e-02,2.775557561563e-17,1.387778780781e-17,1.387778780781e-17,0.000000000000e+00,1.387778780781e-17,2.051262728805e+00,4.235048678720e-01,2.043239869923e+00,4.345403899721e-01
logreg,iid,fullbatch,fedavg,1,9.550000000000e-01,2,16,2.990595996805e-03,7.577750203722e-02,9.464205851774e-02,5.644365073935e-02,2.466742654829e-02,1.212366434314e-01,5.298374498516e-02,7.853754355384e-02,4,4,1,1.304663304028e-01,4.096591464491e-05,1.268079625618e-02,6.826516835666e-02,8.072585154862e-03,4.345755373220e-02,4.203333625819e-03,2.262801734440e-02,2.745740693133e-03,1.478128398988e-02,5.551115123126e-17,2.775557561563e-17,2.775557561563e-17,0.000000000000e+00,5.551115123126e-17,1.827149216194e+00,6.008344923505e-01,1.815355163255e+00,5.849582172702e-01
logreg,iid,fullbatch,fedavg,1,9.550000000000e-01,3,16,2.867384282701e-03,7.263579693020e-02,9.152953771162e-02,3.833321861449e-02,2.232538481865e-02,1.284360518752e-01,7.480155296998e-02,7.460874344354e-02,4,4,1,1.180684712153e-01,1.607592327626e-02,1.202626499587e-02,4.670142822659e-02,7.754491534129e-03,3.011290953086e-02,4.219063153240e-03,1.638382948506e-02,2.666573079652e-03,1.035506629307e-02,5.551115123126e-17,2.775557561563e-17,5.551115123126e-17,0.000000000000e+00,5.551115123126e-17,1.639597285151e+00,7.162726008345e-01,1.625923322089e+00,6.991643454039e-01
logreg,iid,fullbatch,fedavg,1,9.550000000000e-01,4,16,2.753943476720e-03,6.974583877191e-02,8.792644252073e-02,2.908299108122e-02,2.020182507912e-02,1.363215187704e-01,9.469258058876e-02,7.105500453690e-02,4,4,1,1.071806941571e-01,3.349998947239e-02,1.138780313455e-02,3.534216861891e-02,7.465145840889e-03,2.316815982470e-02,4.216855249905e-03,1.308705529265e-02,2.593430164268e-03,8.048738205601e-03,8.326672684689e-17,2.775557561563e-17,5.551115123126e-17,0.000000000000e+00,5.551115123126e-17,1.484599160793e+00,7.566063977747e-01,1.470402610413e+00,7.353760445682e-01
logreg,iid,fullbatch,fedavg,1,9.550000000000e-01,5,16,2.653840014237e-03,6.719650274042e-02,8.418137321457e-02,2.353500084332e-02,1.830501797847e-02,1.449788258803e-01,1.127614157273e-01,6.792461247490e-02,4,4,1,9.805420235635e-02,5.084300550108e-02,1.079217502712e-02,2.838241166133e-02,7.210038935862e-03,1.896172853549e-02,4.196525294629e-03,1.103646930855e-02,2.527813777645e-03,6.647913980267e-03,1.110223024625e-16,2.775557561563e-17,5.551115123126e-17,0.000000000000e+00,1.110223024625e-16,1.356656649286e+00,7.872044506259e-01,1.342828314566e+00,7.632311977716e-01
logreg,iid,fullbatch,fedavg,1,9.550000000000e-01,6,16,2.567538658870e-03,6.499767362650e-02,8.045782458018e-02,1.987419677167e-02,1.663312920284e-02,1.543629360152e-01,1.291895561047e-01,6.522688442737e-02,4,4,1,9.058283349625e-02,6.723404406535e-02,1.025050059727e-02,2.371446125921e-02,6.989007292575e-03,1.616901936714e-02,4.148943411560e-03,9.598551491850e-03,2.471596924311e-03,5.718022154506e-03,1.110223024625e-16,5.551115123126e-17,1.110223024625e-16,0.000000000000e+00,1.110223024625e-16,1.250698657741e+00,8.073713490960e-01,1.237774333080e+00,7.771587743733e-01
logreg,iid,fullbatch,fedavg,1,9.550000000000e-01,7,16,2.494147699446e-03,6.312455502616e-02,7.822587076255e-02,1.730021893148e-02,1.517099947430e-02,1.644023324680e-01,1.441685627982e-01,6.293512196087e-02,4,4,1,8.452684571460e-02,8.238230655553e-02,9.762733318193e-03,2.038285938771e-02,5.452931364676e-03,1.138475564522e-02,4.099491704278e-03,8.559013162193e-03,2.419989672276e-03,5.052510152849e-03,1.665334536938e-16,5.551115123126e-17,1.110223024625e-16,0.000000000000e+00,1.110223024625e-16,1.162437030348e+00,8.226703755216e-01,1.150702475779e+00,7.938718662953e-01
logreg,iid,fullbatch,fedavg,1,9.550000000000e-01,8,16,2.432205070576e-03,6.153827803500e-02,7.784930674437e-02,1.540559804260e-02,1.389676761400e-02,1.750194820935e-01,1.578780040769e-01,6.100428630034e-02,4,4,1,7.962364765438e-02,9.632107061289e-02,9.323686971358e-03,1.789168869438e-02,5.366874973610e-03,1.029876448925e-02,4.038731863451e-03,7.750124327739e-03,2.373029506893e-03,4.553724865532e-03,1.110223024625e-16,5.551115123126e-17,1.110223024625e-16,0.000000000000e+00,1.110223024625e-16,1.088383570921e+00,8.324061196106e-01,1.077959808573e+00,8.022284122563e-01
logreg,iid,fullbatch,fedavg,1,9.550000000000e-01,9,16,2.380093748289e-03,6.019677535111e-02,7.768774127506e-02,1.396128713879e-02,1.278673822286e-02,1.861376769278e-01,1.704781031024e-01,5.891885758471e-02,4,4,1,7.563648492501e-02,9.938116388346e-02,8.926875643000e-03,1.595965319382e-02,5.292618272474e-03,9.462252583543e-03,3.992021636929e-03,7.137018976797e-03,2.332587966644e-03,4.170249086074e-03,1.665334536938e-16,5.551115123126e-17,1.110223024625e-16,0.000000000000e+00,1.110223024625e-16,1.025756420858e+00,8.393602225313e-01,1.016662642169e+00,8.077994428969e-01
logreg,iid,fullbatch,fedavg,1,9.550000000000e-01,10,16,2.336256717192e-03,5.906019980954e-02,7.768379111989e-02,1.282893423676e-02,1.181814033846e-02,1.976839545210e-01,1.821084023097e-01,5.698889875130e-02,4,4,1,7.200970592556e-02,1.025568846378e-01,8.566207993644e-03,1.441667029935e-02,4.354031751267e-03,7.327704426217e-03,3.958044491149e-03,6.661269782545e-03,2.297521347322e-03,3.866659295997e-03,1.665334536938e-16,5.551115123126e-17,1.110223024625e-16,0.000000000000e+00,1.110223024625e-16,9.723581848176e-01,8.449235048679e-01,9.645546609034e-01,8.050139275766e-01
logreg,iid,fullbatch,fedavg,1,9.550000000000e-01,11,16,2.299298345668e-03,5.809329594177e-02,7.779117805249e-02,1.192032167167e-02,1.097040720399e-02,2.095909753316e-01,1.928889512380e-01,5.525419001134e-02,4,4,1,6.898514789796e-02,1.057834948673e-01,8.236499096393e-03,1.315462344186e-02,4.349002850827e-03,6.945850922907e-03,3.934635543872e-03,6.284059326039e-03,2.266784485771e-03,3.620311977843e-03,1.665334536938e-16,5.551115123126e-17,1.110223024625e-16,0.000000000000e+00,2.220446049250e-16,9.264589453423e-01,8.463143254520e-01,9.198746292041e-01,8.050139275766e-01
logreg,iid,fullbatch,fedavg,1,9.550000000000e-01,12,16,2.268020076864e-03,5.726609808242e-02,7.797403906944e-02,1.117678319301e-02,1.022559946528e-02,2.217982510038e-01,2.029224364200e-01,5.369344418874e-02,4,4,1,6.641250501640e-02,1.094386874170e-01,7.948630909203e-03,1.212497218199e-02,4.345381651990e-03,6.628516564974e-03,3.919484600765e-03,5.978846205704e-03,2.229437190173e-03,3.400820118726e-03,1.665334536938e-16,5.551115123126e-17,1.110223024625e-16,0.000000000000e+00,2.220446049250e-16,8.866958230795e-01,8.477051460362e-01,8.812453392723e-01,8.077994428969e-01
logreg,iid,fullbatch,fedavg,1,9.550000000000e-01,13,16,2.241419543412e-03,5.655375339329e-02,7.820537328279e-02,1.055796620185e-02,9.568385190387e-03,2.342526454374e-01,2.122965257286e-01,5.228685206421e-02,4,4,1,6.387664925105e-02,1.179370202424e-01,7.711953549090e-03,1.129454991139e-02,4.342644239308e-03,6.360024317583e-03,3.910501879374e-03,5.727129756947e-03,2.194622150416e-03,3.214136244044e-03,1.110223024625e-16,5.551115123126e-17,1.110223024625e-16,0.000000000000e+00,2.220446049250e-16,8.519913817862e-01,8.470097357441e-01,8.475851005208e-01,8.077994428969e-01
logreg,iid,fullbatch,fedavg,1,9.550000000000e-01,14,16,2.218671750179e-03,5.593594634114e-02,7.846530410230e-02,1.003532885244e-02,8.985815056570e-03,2.469082366164e-01,2.210861031864e-01,5.101636127741e-02,4,4,1,6.167972788039e-02,1.262640845543e-01,7.491033569767e-03,1.057850584016e-02,4.340363846504e-03,6.129269595584e-03,3.905955085820e-03,5.515816783083e-03,2.162450936282e-03,3.053717440387e-03,1.110223024625e-16,5.551115123126e-17,1.110223024625e-16,0.000000000000e+00,1.110223024625e-16,8.214893575388e-01,8.525730180807e-01,8.180391326280e-01,8.105849582173e-01
logreg,iid,fullbatch,fedavg,1,9.550000000000e-01,15,16,2.199103675452e-03,5.539619826997e-02,7.873948155091e-02,9.588197929183e-03,8.467021894905e-03,2.597257575033e-01,2.293552648468e-01,4.986577892760e-02,4,4,1,5.976040676179e-02,1.343455589867e-01,7.283879274046e-03,9.953492011781e-03,4.338214269686e-03,5.928212076849e-03,3.904481181248e-03,5.335511584628e-03,2.132506991856e-03,2.914091586353e-03,2.220446049250e-16,5.551115123126e-17,1.110223024625e-16,0.000000000000e+00,1.110223024625e-16,7.945049113098e-01,8.539638386648e-01,7.919271666031e-01,8.105849582173e-01
logreg,iid,fullbatch,fedavg,1,9.550000000000e-01,16,16,2.182168472646e-03,5.492118406193e-02,7.901774337402e-02,9.201287328107e-03,8.002911193620e-03,2.726718340178e-01,2.371590403421e-01,4.882074428554e-02,4,4,1,5.807050356270e-02,1.421194719775e-01,7.088916836362e-03,9.402249560949e-03,4.335957653741e-03,5.750914686580e-03,3.904092575963e-03,5.178118682387e-03,2.104466140859e-03,2.791218504275e-03,2.220446049250e-16,5.551115123126e-17,1.110223024625e-16,0.000000000000e+00,1.110223024625e-16,7.704864709380e-01,8.581363004172e-01,7.687036956559e-01,8.133704735376e-01
logreg,iid,fullbatch,fedavg,1,9.550000000000e-01,17,16,2.167422146010e-03,5.450012795006e-02,7.929304928910e-02,8.863086497056e-03,7.585874199670e-03,2.857181768324e-01,2.445448486517e-01,4.786862093467e-02,4,4,1,5.657189724437e-02,1.495385269757e-01,6.904877869217e-03,8.911742421014e-03,4.333427594264e-03,5.592914350066e-03,3.902450791765e-03,5.036676524278e-03,2.078076583164e-03,2.682058045206e-03,2.220446049250e-16,1.110223024625e-16,1.110223024625e-16,0.000000000000e+00,1.110223024625e-16,7.489865640356e-01,8.581363004172e-01,7.479278709067e-01,8.161559888579e-01
logreg,iid,fullbatch,fedavg,1,9.550000000000e-01,18,16,2.154503692562e-03,5.412429667616e-02,7.956065835450e-02,8.564785817943e-03,7.209536190530e-03,2.988408179977e-01,2.515537152194e-01,4.699834690101e-02,4,4,1,5.523417365428e-02,1.559193162794e-01,6.730719004286e-03,8.471931438388e-03,4.357968665275e-03,5.485359249041e-03,3.901831276400e-03,4.911220782917e-03,2.053142114704e-03,2.584282484229e-03,2.220446049250e-16,1.110223024625e-16,2.220446049250e-16,0.000000000000e+00,2.220446049250e-16,7.296395163259e-01,8.595271210014e-01,7.292406611256e-01,8.217270194986e-01
logreg,iid,fullbatch,fedavg,1,9.550000000000e-01,19,16,2.143118754501e-03,5.378658685529e-02,7.981750605455e-02,8.299543426113e-03,6.868542524234e-03,3.120194345364e-01,2.582212833248e-01,4.620026894027e-02,4,4,1,5.403284880731e-02,1.612979600412e-01,6.565564742294e-03,8.074949540790e-03,4.394665479795e-03,5.404973279663e-03,3.901812269628e-03,4.798816009218e-03,2.029508715757e-03,2.496080857563e-03,2.220446049250e-16,1.110223024625e-16,2.220446049250e-16,0.000000000000e+00,2.220446049250e-16,7.121443506583e-01,8.616133518776e-01,7.123474543580e-01,8.245125348189e-01
logreg,iid,fullbatch,fedavg,1,9.550000000000e-01,20,16,2.133026417072e-03,5.348119475037e-02,8.006173839867e-02,8.061974763774e-03,6.558380256273e-03,3.252367709285e-01,2.645786522003e-01,4.546597711829e-02,4,4,1,5.294803208847e-02,1.645851120896e-01,6.408666886550e-03,7.714534497236e-03,4.427299231561e-03,5.329431729888e-03,3.899087707175e-03,4.693588722466e-03,2.007054136431e-03,2.416023277136e-03,2.220446049250e-16,5.551115123126e-17,2.220446049250e-16,0.000000000000e+00,2.220446049250e-16,6.962516144975e-01,8.636995827538e-01,6.970047330363e-01,8.272980501393e-01
logreg,iid,fullbatch,fedavg,1,9.550000000000e-01,21,16,2.124028658765e-03,5.320335446100e-02,8.029236632610e-02,7.847790711672e-03,6.275231117250e-03,3.384781562748e-01,2.706530712657e-01,4.478814875333e-02,4,4,1,5.196341910899e-02,1.667504973652e-01,6.259375666862e-03,7.385630941163e-03,4.456309068042e-03,5.258136895434e-03,3.895626085330e-03,4.596569703162e-03,1.998278524403e-03,2.357830634295e-03,2.220446049250e-16,1.110223024625e-16,2.220446049250e-16,0.000000000000e+00,2.220446049250e-16,6.817531766978e-01,8.650904033380e-01,6.830098047555e-01,8.272980501393e-01
logreg,iid,fullbatch,fedavg,1,9.550000000000e-01,22,16,2.115961964673e-03,5.294913126451e-02,8.050901086589e-02,7.653536817339e-03,6.015851131500e-03,3.517311047797e-01,2.764685158212e-01,4.416040618426e-02,4,4,1,5.106552971582e-02,1.687641944537e-01,6.117119054339e-03,7.084105945472e-03,3.464745596315e-03,4.012448451692e-03,3.892468406061e-03,4.507785173541e-03,2.017351802116e-03,2.336252371178e-03,2.220446049250e-16,1.110223024625e-16,2.220446049250e-16,0.000000000000e+00,2.220446049250e-16,6.684742750566e-01,8.664812239221e-01,6.701928344783e-01,8.272980501393e-01
logreg,iid,fullbatch,fedavg,1,9.550000000000e-01,23,16,2.108690671121e-03,5.271525868114e-02,8.071171611142e-02,7.476402551207e-03,5.777472364614e-03,3.649849861744e-01,2.820461654758e-01,4.357718999532e-02,4,4,1,5.024312792802e-02,1.608086225461e-01,5.981387798296e-03,6.806542236939e-03,3.465296558421e-03,3.943346959569e-03,3.889445798033e-03,4.426009146262e-03,2.035460263086e-03,2.316259490189e-03,3.330669073875e-16,1.110223024625e-16,2.220446049250e-16,0.000000000000e+00,1.110223024625e-16,6.562672774965e-01,8.685674547983e-01,6.584106192260e-01,8.272980501393e-01
logreg,iid,fullbatch,fedavg,1,9.550000000000e-01,24,16,2.102101681550e-03,5.249900988612e-02,8.090081257319e-02,7.314079863513e-03,5.557722801000e-03,3.782307532812e-01,2.874048028976e-01,4.303364767899e-02,4,4,1,4.948677708684e-02,1.516838039028e-01,5.851724458412e-03,6.550085436607e-03,3.465508505260e-03,3.879091873184e-03,3.886431903365e-03,4.350249433567e-03,2.052665850743e-03,2.297636669451e-03,3.330669073875e-16,1.110223024625e-16,2.220446049250e-16,0.000000000000e+00,1.110223024625e-16,6.450067548865e-01,8.678720445063e-01,6.475416899927e-01,8.272980501393e-01
logreg,iid,fullbatch,fedavg,1,9.550000000000e-01,25,16,2.096100262836e-03,5.229809598312e-02,8.107681782371e-02,7.164656969542e-03,5.354560954007e-03,3.914607156106e-01,2.925611472744e-01,4.252553682606e-02,4,4,1,4.878849590497e-02,1.429610509564e-01,5.727715230995e-03,6.312329515223e-03,3.465374884306e-03,3.819077464806e-03,3.883332649107e-03,4.279695185567e-03,2.069026372120e-03,2.280206977790e-03,2.220446049250e-16,1.110223024625e-16,2.220446049250e-16,0.000000000000e+00,2.220446049250e-16,6.345855637652e-01,8.685674547983e-01,6.374824310902e-01,8.272980501393e-01
logreg,iid,fullbatch,fedavg,1,9.550000000000e-01,26,16,2.090606691338e-03,5.211058525698e-02,8.124036468573e-02,7.026537654636e-03,5.166222394394e-03,4.046683498578e-01,2.975301341989e-01,4.204914150602e-02,4,4,1,4.814149024030e-02,1.346374332766e-01,5.608983736926e-03,6.071690221726e-03,3.464893236795e-03,3.750725509628e-03,3.880078531409e-03,4.200161024463e-03,2.084595609928e-03,2.256561861238e-03,2.220446049250e-16,1.110223024625e-16,2.220446049250e-16,0.000000000000e+00,2.220446049250e-16,6.249117114994e-01,8.685674547983e-01,6.281439846180e-01,8.272980501393e-01
logreg,iid,fullbatch,fedavg,1,9.550000000000e-01,27,16,2.085553567398e-03,5.193483882328e-02,8.139214973142e-02,6.898379301615e-03,4.991175902399e-03,4.178481400336e-01,3.023251514902e-01,4.160120035270e-02,4,4,1,4.753994209223e-02,1.267072187975e-01,5.495186195679e-03,5.845155069475e-03,3.464064339941e-03,3.684678283244e-03,3.876618787195e-03,4.123506856641e-03,2.099423497018e-03,2.233128316238e-03,2.220446049250e-16,1.110223024625e-16,2.220446049250e-16,0.000000000000e+00,2.220446049250e-16,6.159058315153e-01,8.692628650904e-01,6.194497648546e-01,8.300835654596e-01
logreg,iid,fullbatch,fedavg,1,9.550000000000e-01,28,16,2.080883656640e-03,5.176945912012e-02,8.153289673826e-02,6.779044816238e-03,4.828087390247e-03,4.309954415580e-01,3.069582386674e-01,4.117884488054e-02,4,4,1,4.697884216993e-02,1.191625138593e-01,5.386007587787e-03,5.633147796301e-03,3.462891504071e-03,3.621788370521e-03,3.872916981264e-03,4.050628114178e-03,2.113556326534e-03,2.210538134066e-03,2.220446049250e-16,1.110223024625e-16,2.220446049250e-16,0.000000000000e+00,2.220446049250e-16,6.074991372563e-01,8.699582753825e-01,6.113334496118e-01,8.300835654596e-01
logreg,iid,fullbatch,fedavg,1,9.550000000000e-01,29,16,2.076548147526e-03,5.161324848842e-02,8.166333114073e-02,6.667564983077e-03,4.675790106907e-03,4.441063649240e-01,3.114402563449e-01,4.077954665036e-02,4,4,1,4.645385590716e-02,1.119937817269e-01,5.281158531013e-03,5.430142857477e-03,3.461380000018e-03,3.559027394035e-03,3.868947655106e-03,3.978092752179e-03,2.127036979657e-03,2.187041838424e-03,2.220446049250e-16,1.110223024625e-16,2.220446049250e-16,0.000000000000e+00,2.220446049250e-16,5.996317541758e-01,8.699582753825e-01,6.037373470175e-01,8.300835654596e-01
logreg,iid,fullbatch,fedavg,1,9.550000000000e-01,30,16,2.072505238914e-03,5.146517570635e-02,8.178416254780e-02,6.563108729748e-03,4.533259933375e-03,4.571776755301e-01,3.157810306449e-01,4.040107203681e-02,4,4,1,4.596121536510e-02,1.051902632240e-01,5.180372680054e-03,5.240361069652e-03,3.459536594747e-03,3.499597810781e-03,3.864693773423e-03,3.909446684087e-03,2.139905158824e-03,2.164685125884e-03,3.330669073875e-16,1.110223024625e-16,2.220446049250e-16,0.000000000000e+00,3.330669073875e-16,5.922513521059e-01,8.692628650904e-01,5.966110596948e-01,8.300835654596e-01
logreg,iid,fullbatch,fedavg,1,9.550000000000e-01,31,16,2.068718990221e-03,5.132434882038e-02,8.189607315788e-02,6.464959444902e-03,4.399594814944e-03,4.702067070345e-01,3.199894767866e-01,4.004144349526e-02,4,4,1,4.549763134063e-02,9.774445443504e-02,5.083404517739e-03,5.062544111364e-03,3.457369176139e-03,3.443181415604e-03,3.860144771486e-03,3.844304169323e-03,2.152197618402e-03,2.143365797766e-03,2.220446049250e-16,1.110223024625e-16,2.220446049250e-16,0.000000000000e+00,2.220446049250e-16,5.853120177349e-01,8.692628650904e-01,5.899103859821e-01,8.328690807799e-01
logreg,iid,fullbatch,fedavg,1,9.550000000000e-01,32,16,2.065158381343e-03,5.118999298200e-02,8.199971046586e-02,6.372495972004e-03,4.273997567001e-03,4.831912861364e-01,3.240737052508e-01,3.960247155414e-02,4,4,1,4.506022137540e-02,9.047687870512e-02,4.990027445495e-03,4.895588847820e-03,3.454886450887e-03,3.389501112808e-03,3.855295056453e-03,3.782331798689e-03,2.163948387691e-03,2.122994654789e-03,2.220446049250e-16,1.110223024625e-16,2.220446049250e-16,0.000000000000e+00,2.220446049250e-16,5.787733201453e-01,8.699582753825e-01,5.835964112223e-01,8.356545961003e-01
logreg,iid,fullbatch,fedavg,1,9.550000000000e-01,33,16,2.061796540830e-03,5.106143228162e-02,8.209568307327e-02,6.285177245099e-03,4.155761442022e-03,4.961296671126e-01,3.280411133095e-01,3.910820727064e-02,4,4,1,4.464645037955e-02,8.353544584884e-02,4.900032108206e-03,4.738524065956e-03,3.452097702050e-03,3.338314459573e-03,3.850142852896e-03,3.723239799850e-03,2.175188983118e-03,2.103493429614e-03,4.440892098501e-16,1.110223024625e-16,2.220446049250e-16,0.000000000000e+00,2.220446049250e-16,5.725995324544e-01,8.706536856745e-01,5.776347523406e-01,8.384401114206e-01
logreg,iid,fullbatch,fedavg,1,9.550000000000e-01,34,16,2.058610109543e-03,5.093807478858e-02,8.218455872090e-02,6.202529783907e-03,4.044257965452e-03,5.090204747394e-01,3.318984642177e-01,3.863062789831e-02,4,4,1,4.425408134114e-02,7.690937400138e-02,4.813224907266e-03,4.590491311095e-03,3.449012595206e-03,3.289408381115e-03,3.844689310289e-03,3.666775023561e-03,2.185948607838e-03,2.084793103192e-03,4.440892098501e-16,1.110223024625e-16,2.220446049250e-16,0.000000000000e+00,2.220446049250e-16,5.667589803660e-01,8.706536856745e-01,5.719949267347e-01,8.384401114206e-01
logreg,iid,fullbatch,fedavg,1,9.550000000000e-01,35,16,2.055578713875e-03,5.081940017427e-02,8.226686389233e-02,6.124137450568e-03,3.938926643392e-03,5.218626544679e-01,3.356519559639e-01,3.816877457218e-02,4,4,1,4.388113415998e-02,7.058761028041e-02,4.729426668509e-03,4.450728994952e-03,3.445641024106e-03,3.242594819008e-03,3.838937810655e-03,3.612715244634e-03,2.196254337925e-03,2.066832524791e-03,3.330669073875e-16,1.110223024625e-16,2.220446049250e-16,0.000000000000e+00,2.220446049250e-16,5.612234944374e-01,8.713490959666e-01,5.666498225221e-01,8.384401114206e-01
logreg,iid,fullbatch,fedavg,1,9.550000000000e-01,36,16,2.052684527907e-03,5.070494942582e-02,8.234308450659e-02,6.049633007946e-03,3.839266220777e-03,5.346554288939e-01,3.393072811543e-01,3.772177170480e-02,4,4,1,4.352585107255e-02,6.455896074561e-02,4.648471440467e-03,4.318559133525e-03,3.441992988370e-03,3.197707127563e-03,3.832893429750e-03,3.560864499409e-03,2.206131294977e-03,2.049557273976e-03,2.220446049250e-16,1.110223024625e-16,2.220446049250e-16,0.000000000000e+00,2.220446049250e-16,5.559679475320e-01,8.720445062587e-01,5.615752518526e-01,8.384401114206e-01
logreg,iid,fullbatch,fedavg,1,9.550000000000e-01,37,16,2.049911908066e-03,5.059431625937e-02,8.241366734513e-02,5.978691122579e-03,3.744827229014e-03,5.473982597069e-01,3.428696793390e-01,3.728881675238e-02,4,4,1,4.318666746024e-02,5.881219675836e-02,4.570205404564e-03,4.193376214930e-03,3.438078497177e-03,3.154597073630e-03,3.826562516508e-03,3.511049246418e-03,2.215602805358e-03,2.032918716617e-03,3.330669073875e-16,1.110223024625e-16,2.220446049250e-16,0.000000000000e+00,2.220446049250e-16,5.509698625754e-01,8.706536856745e-01,5.567495726326e-01,8.384401114206e-01
logreg,iid,fullbatch,fedavg,1,9.550000000000e-01,38,16,2.047247087086e-03,5.048713992074e-02,8.247902195229e-02,5.911022533418e-03,3.655205610235e-03,5.600908144137e-01,3.463439828746e-01,3.686917163067e-02,4,4,1,4.286218708254e-02,5.333614158262e-02,4.494485883035e-03,4.074637804255e-03,3.433907493987e-03,3.113132326019e-03,3.819952363941e-03,3.463115185503e-03,2.224690546609e-03,2.016873217513e-03,4.440892098501e-16,1.110223024625e-16,2.220446049250e-16,0.000000000000e+00,2.220446049250e-16,5.462090786006e-01,8.706536856745e-01,5.521533668598e-01,8.384401114206e-01
logreg,iid,fullbatch,fedavg,1,9.550000000000e-01,39,16,2.044677916702e-03,5.038309912401e-02,8.253952281923e-02,5.846369166928e-03,3.570037243914e-03,5.727329372228e-01,3.497346572413e-01,3.646215545857e-02,4,4,1,4.255116096929e-02,4.811974043101e-02,4.421180433354e-03,3.961856574235e-03,3.429489798286e-03,3.073194344457e-03,3.813070951035e-03,3.416924607150e-03,2.233414681683e-03,2.001381480128e-03,2.220446049250e-16,1.110223024625e-16,2.220446049250e-16,0.000000000000e+00,2.220446049250e-16,5.416674653359e-01,8.706536856745e-01,5.477691660171e-01,8.412256267409e-01
logreg,iid,fullbatch,fedavg,1,9.550000000000e-01,40,16,2.042193650494e-03,5.028190692693e-02,8.259551171349e-02,5.784500024855e-03,3.488993232637e-03,5.853246235593e-01,3.530458365838e-01,3.606713837851e-02,4,4,1,4.225246935548e-02,4.315211663679e-02,4.350166020039e-03,3.854593513413e-03,3.424835061072e-03,3.034676596274e-03,3.805926739983e-03,3.372354171516e-03,2.241793981800e-03,1.986407990143e-03,3.330669073875e-16,1.110223024625e-16,2.220446049250e-16,0.000000000000e+00,2.220446049250e-16,5.373286783893e-01,8.706536856745e-01,5.435812157567e-01,8.412256267409e-01
logreg,iid,fullbatch,fedavg,1,9.550000000000e-01,41,16,2.039784759971e-03,5.018330638109e-02,8.264730005587e-02,5.725207706208e-03,3.411775828821e-03,5.978659977422e-01,3.562813551304e-01,3.568353625659e-02,4,4,1,4.196510615944e-02,3.842261619975e-02,4.281328256246e-03,3.752452112273e-03,3.419952731440e-03,2.997483043315e-03,3.798282091780e-03,3.329077053953e-03,2.249845938709e-03,1.971920544210e-03,4.440892098501e-16,1.110223024625e-16,2.220446049250e-16,0.000000000000e+00,2.220446049250e-16,5.331779485227e-01,8.699582753825e-01,5.395752735239e-01,8.412256267409e-01
logreg,iid,fullbatch,fedavg,1,9.550000000000e-01,42,16,2.037442778243e-03,5.008706682519e-02,8.269517127519e-02,5.668305452548e-03,3.338114904512e-03,6.103572934201e-01,3.594447750390e-01,3.531080610697e-02,4,4,1,4.168816559770e-02,3.392084259434e-02,4.214560708677e-03,3.655073365954e-03,3.414852032077e-03,2.961526852710e-03,3.789739545599e-03,3.286647656660e-03,2.257586867187e-03,1.957889849017e-03,2.220446049250e-16,1.110223024625e-16,3.330669073875e-16,0.000000000000e+00,2.220446049250e-16,5.292018996637e-01,8.706536856745e-01,5.357384339101e-01,8.440111420613e-01
logreg,iid,fullbatch,fedavg,1,9.550000000000e-01,43,16,2.035160166693e-03,4.999298071446e-02,8.273938309371e-02,5.613624627151e-03,3.267764882842e-03,6.227988364092e-01,3.625394111408e-01,3.494844211694e-02,4,4,1,4.142083060275e-02,2.963668342883e-02,4.149764260143e-03,3.562131462235e-03,3.409541941942e-03,2.926729293963e-03,3.780995341898e-03,3.245582549182e-03,2.265031998559e-03,1.944289178672e-03,3.330669073875e-16,1.110223024625e-16,2.220446049250e-16,0.000000000000e+00,4.440892098501e-16,5.253883912330e-01,8.706536856745e-01,5.320589774361e-01,8.440111420613e-01
logreg,iid,fullbatch,fedavg,1,9.550000000000e-01,44,16,2.032930200864e-03,4.990086089863e-02,8.278016971140e-02,5.561012555619e-03,3.200502063221e-03,6.351910296280e-01,3.655683529809e-01,3.459597217383e-02,4,4,1,4.116236276903e-02,2.556033029338e-02,4.086846524848e-03,3.473330047283e-03,3.404031184672e-03,2.893018791805e-03,3.772056918475e-03,3.205796585543e-03,2.272195566001e-03,1.931094080658e-03,2.220446049250e-16,1.110223024625e-16,2.220446049250e-16,0.000000000000e+00,2.220446049250e-16,5.217263811211e-01,8.706536856745e-01,5.285262392087e-01,8.440111420613e-01
logreg,iid,fullbatch,fedavg,1,9.550000000000e-01,45,16,2.030746872484e-03,4.981053827660e-02,8.281774386993e-02,5.510330668938e-03,3.136122283377e-03,6.475343398590e-01,3.685344844968e-01,3.425295481412e-02,4,4,1,4.091209359931e-02,2.168229292462e-02,4.040387215493e-03,3.400743087233e-03,3.398328221576e-03,2.860330109787e-03,3.762931753977e-03,3.167212315938e-03,2.279090882354e-03,1.918282122471e-03,4.440892098501e-16,1.110223024625e-16,2.220446049250e-16,0.000000000000e+00,2.220446049250e-16,5.182058062584e-01,8.706536856745e-01,5.251304944913e-01,8.412256267409e-01
logreg,iid,fullbatch,fedavg,1,9.550000000000e-01,46,16,2.028604805059e-03,4.972185976875e-02,8.285229878515e-02,5.461452900707e-03,3.074438870426e-03,6.598292861090e-01,3.714405016285e-01,3.391897653030e-02,4,4,1,4.066941686166e-02,1.799340863800e-02,4.025191770742e-03,3.356188442976e-03,3.392441248255e-03,2.828603644087e-03,3.753627319067e-03,3.129759113357e-03,2.285730411106e-03,1.905832672439e-03,3.330669073875e-16,1.110223024625e-16,2.220446049250e-16,0.000000000000e+00,2.220446049250e-16,5.148174782277e-01,8.706536856745e-01,5.218628587207e-01,8.412256267409e-01
logreg,iid,fullbatch,fedavg,1,9.550000000000e-01,47,16,2.026499180931e-03,4.963468655796e-02,8.288400994363e-02,5.414264298834e-03,3.015280840665e-03,6.720764293665e-01,3.742889281131e-01,3.359364938280e-02,4,4,1,4.043378189852e-02,1.448484783054e-02,4.010057529593e-03,3.313061153454e-03,3.386378194091e-03,2.797784810555e-03,3.744151037695e-03,3.093372417754e-03,2.292125831168e-03,1.893726709412e-03,2.220446049250e-16,1.110223024625e-16,2.220446049250e-16,0.000000000000e+00,4.440892098501e-16,5.115529917762e-01,8.713490959666e-01,5.187151999006e-01,8.412256267409e-01
logreg,iid,fullbatch,fedavg,1,9.550000000000e-01,48,16,2.024425678046e-03,4.954889255870e-02,8.291303676318e-02,5.368659818933e-03,2.958491314000e-03,6.842763635866e-01,3.770821296792e-01,3.327660887365e-02,4,4,1,4.020468775442e-02,1.114811623177e-02,3.994976689375e-03,3.271275275763e-03,3.380146723972e-03,2.767823510958e-03,3.734510256475e-03,3.057993079555e-03,2.298288096016e-03,1.881946656929e-03,3.330669073875e-16,1.110223024625e-16,2.220446049250e-16,0.000000000000e+00,2.220446049250e-16,5.084046444243e-01,8.713490959666e-01,5.156800616349e-01,8.412256267409e-01
logreg,iid,fullbatch,fedavg,1,9.550000000000e-01,49,16,2.022380414969e-03,4.946436308039e-02,8.293952412019e-02,5.324543272223e-03,2.903926114079e-03,6.964297077544e-01,3.798223268312e-01,3.296751204623e-02,4,4,1,3.998167800999e-02,7.975054475213e-03,3.979942658233e-03,3.230752263526e-03,3.373754241758e-03,2.738673666716e-03,3.724712220617e-03,3.023566787539e-03,2.304227487719e-03,1.870476238201e-03,2.220446049250e-16,1.110223024625e-16,2.220446049250e-16,0.000000000000e+00,2.220446049250e-16,5.053653656480e-01,8.706536856745e-01,5.127505953324e-01,8.412256267409e-01
logreg,iid,fullbatch,fedavg,1,9.550000000000e-01,50,16,2.020359902932e-03,4.938099365692e-02,8.296360374911e-02,5.281826405281e-03,2.851452529534e-03,7.085370989017e-01,3.825116063852e-01,3.266603578111e-02,4,4,1,3.976433622689e-02,4.957835474080e-03,3.964949901411e-03,3.191420175438e-03,3.367207895067e-03,2.710292810355e-03,3.714764055135e-03,2.990043568604e-03,2.309953666335e-03,1.859300348902e-03,2.220446049250e-16,1.110223024625e-16,2.220446049250e-16,0.000000000000e+00,2.220446049250e-16,5.024286543444e-01,8.706536856745e-01,5.099205003417e-01,8.440111420613e-01
logreg,iid,fullbatch,fedavg,2,9.550000000000e-01,1,16,3.429962877536e-03,8.640761697873e-02,1.252068716877e-01,1.047597082971e-01,3.095389930824e-02,1.108087495982e-01,3.274124120132e-02,7.701873677472e-02,10,10,1,1.572083228470e-01,1.503352003013e-02,1.129538578908e-02,1.007021696904e-01,7.632717266499e-03,6.804824586979e-02,5.307953142620e-03,4.732219049953e-02,3.211037188710e-03,2.862747832589e-02,4.163336342344e-17,1.387778780781e-17,2.775557561563e-17,0.000000000000e+00,2.775557561563e-17,2.052579363144e+00,4.909596662031e-01,2.065327139016e+00,4.930362116992e-01
logreg,iid,fullbatch,fedavg,2,9.550000000000e-01,2,16,3.342072705657e-03,8.394542919433e-02,1.285298485981e-01,5.891093402360e-02,2.547939263116e-02,1.311676755422e-01,5.673094071668e-02,7.317691436055e-02,10,10,1,1.464531424021e-01,1.390747423950e-02,1.157014810160e-02,5.205368456015e-02,7.044185051490e-03,3.169153786397e-02,5.473080950794e-03,2.462319642610e-02,3.355858806288e-03,1.509788934394e-02,5.551115123126e-17,2.775557561563e-17,2.775557561563e-17,0.000000000000e+00,2.775557561563e-17,1.830890381792e+00,5.347705146036e-01,1.838514714468e+00,5.181058495822e-01
logreg,iid,fullbatch,fedavg,2,9.550000000000e-01,3,16,3.229314936122e-03,8.094007592968e-02,1.273623908954e-01,4.120726310374e-02,2.243698182413e-02,1.439282235657e-01,7.836761514571e-02,6.978771050847e-02,10,10,1,1.343210833371e-01,1.781839926559e-02,1.152263401977e-02,3.639464858314e-02,7.017337378950e-03,2.216450921361e-02,5.333040672050e-03,1.684459827552e-02,3.327213401291e-03,1.050912163776e-02,5.551115123126e-17,2.775557561563e-17,5.551115123126e-17,0.000000000000e+00,5.551115123126e-17,1.644580312994e+00,5.730180806676e-01,1.645931236049e+00,5.877437325905e-01
logreg,iid,fullbatch,fedavg,2,9.550000000000e-01,4,16,3.122348001928e-03,7.811208405208e-02,1.253626172169e-01,3.195866067019e-02,1.987741839597e-02,1.570801569766e-01,9.769958867021e-02,6.674193960369e-02,10,10,1,1.234382893960e-01,2.313380512264e-02,1.138526614546e-02,2.870923998178e-02,6.892948380034e-03,1.738135118635e-02,5.181068727174e-03,1.306465246838e-02,3.257604347132e-03,8.214418861414e-03,1.110223024625e-16,5.551115123126e-17,5.551115123126e-17,0.000000000000e+00,1.110223024625e-16,1.491607256666e+00,6.439499304590e-01,1.487223081135e+00,6.713091922006e-01
logreg,iid,fullbatch,fedavg,2,9.550000000000e-01,5,16,3.025342501015e-03,7.555776393001e-02,1.231740445732e-01,2.630473481503e-02,1.774443509233e-02,1.704952840298e-01,1.150113286558e-01,6.401544711798e-02,10,10,1,1.139051156777e-01,3.058492988003e-02,1.120272465354e-02,2.409883830401e-02,5.336091377950e-03,1.147877924965e-02,5.121193716740e-03,1.101650028185e-02,3.173691171401e-03,6.827113290007e-03,1.110223024625e-16,5.551115123126e-17,1.110223024625e-16,0.000000000000e+00,1.110223024625e-16,1.365789103742e+00,7.107093184979e-01,1.356531499680e+00,7.214484679666e-01
logreg,iid,fullbatch,fedavg,2,9.550000000000e-01,6,16,2.938099900151e-03,7.326722335067e-02,1.209841002543e-01,2.249578095544e-02,1.597211518824e-02,1.839518351529e-01,1.306067082521e-01,6.158283147551e-02,10,10,1,1.055783453750e-01,2.708494693093e-02,1.099285577642e-02,2.098331027572e-02,5.275039640231e-03,1.006906628622e-02,5.062255436257e-03,9.662900948973e-03,3.077466291165e-03,5.874308856946e-03,1.110223024625e-16,5.551115123126e-17,5.551115123126e-17,0.000000000000e+00,1.110223024625e-16,1.261438791781e+00,7.559109874826e-01,1.248161717684e+00,7.799442896936e-01
logreg,iid,fullbatch,fedavg,2,9.550000000000e-01,7,16,2.859805937333e-03,7.121567321712e-02,1.188671813515e-01,1.975657587635e-02,1.449181086876e-02,1.973394466180e-01,1.447521045768e-01,5.941668445408e-02,10,10,1,9.830416477286e-02,1.877704612422e-02,1.076720009866e-02,1.867698659118e-02,5.204301487157e-03,9.027478657537e-03,4.928611233387e-03,8.549261189134e-03,2.984279173527e-03,5.176586447506e-03,1.110223024625e-16,5.551115123126e-17,1.110223024625e-16,0.000000000000e+00,1.110223024625e-16,1.174017591071e+00,7.899860917942e-01,1.157468594826e+00,8.077994428969e-01
logreg,iid,fullbatch,fedavg,2,9.550000000000e-01,8,16,2.789626733247e-03,6.937884717613e-02,1.168551619307e-01,1.769302707791e-02,1.324470376846e-02,2.106220555789e-01,1.576681435553e-01,5.749114086181e-02,10,10,1,9.194810891241e-02,1.540265543742e-02,1.053408791138e-02,1.686759830770e-02,5.126521047033e-03,8.208788313214e-03,4.792518121583e-03,7.673969615337e-03,2.896196091677e-03,4.637503759765e-03,1.110223024625e-16,5.551115123126e-17,1.110223024625e-16,0.000000000000e+00,5.551115123126e-17,1.100029052858e+00,8.108484005563e-01,1.080829462682e+00,8.356545961003e-01
logreg,iid,fullbatch,fedavg,2,9.550000000000e-01,9,16,2.726763924010e-03,6.773437124586e-02,1.149589470815e-01,1.608380841592e-02,1.218401773940e-02,2.237984203841e-01,1.695347179907e-01,5.578111507707e-02,10,10,1,8.639189523543e-02,1.562261922580e-02,1.029924882979e-02,1.542900923736e-02,5.043859739703e-03,7.556061592639e-03,4.665780809479e-03,6.989672392486e-03,2.814145744433e-03,4.215791015801e-03,1.110223024625e-16,5.551115123126e-17,1.110223024625e-16,0.000000000000e+00,1.110223024625e-16,1.036796702710e+00,8.296244784423e-01,1.015451621789e+00,8.495821727019e-01
logreg,iid,fullbatch,fedavg,2,9.550000000000e-01,10,16,2.670450036392e-03,6.626136519476e-02,1.131781629519e-01,1.479486468757e-02,1.127348777075e-02,2.368787806131e-01,1.804984427222e-01,5.426123123176e-02,10,10,1,8.152938686193e-02,1.845456934187e-02,1.006628700004e-02,1.425097520562e-02,4.984450335168e-03,7.056552047426e-03,4.549123087731e-03,6.440253524492e-03,2.736330230609e-03,3.873858779373e-03,2.220446049250e-16,5.551115123126e-17,1.110223024625e-16,0.000000000000e+00,1.110223024625e-16,9.822635435646e-01,8.379694019471e-01,9.591808454236e-01,8.579387186630e-01
logreg,iid,fullbatch,fedavg,2,9.550000000000e-01,11,16,2.619953031983e-03,6.494028905545e-02,1.115065151079e-01,1.374009021996e-02,1.048509285212e-02,2.498740897134e-01,1.906794635292e-01,5.290594469377e-02,10,10,1,7.726514094699e-02,2.318022693629e-02,9.837245403499e-03,1.326349350135e-02,5.253565197604e-03,7.083347522524e-03,4.442474719489e-03,5.989759547006e-03,2.665398406695e-03,3.593739201945e-03,2.220446049250e-16,1.110223024625e-16,2.220446049250e-16,0.000000000000e+00,1.110223024625e-16,9.348361474603e-01,8.456189151599e-01,9.103456321507e-01,8.718662952646e-01
logreg,iid,fullbatch,fedavg,2,9.550000000000e-01,12,16,2.574587728033e-03,6.375305166862e-02,1.099349396954e-01,1.286155754342e-02,9.797041915345e-03,2.627923561295e-01,2.001769785146e-01,5.169051229796e-02,10,10,1,7.351427854176e-02,2.927014722754e-02,9.613147034998e-03,1.241981403169e-02,5.199116726199e-03,6.717057653792e-03,4.345306337342e-03,5.613967665745e-03,2.601203248694e-03,3.360653955443e-03,1.110223024625e-16,1.110223024625e-16,1.110223024625e-16,0.000000000000e+00,1.110223024625e-16,8.932687596360e-01,8.539638386648e-01,8.676384181389e-01,8.802228412256e-01
logreg,iid,fullbatch,fedavg,2,9.550000000000e-01,13,16,2.533726388149e-03,6.268317497404e-02,1.084534538731e-01,1.211882820489e-02,9.192215606019e-03,2.756382679373e-01,2.090735461641e-01,5.059209959936e-02,10,10,1,7.020250571792e-02,3.632907173098e-02,9.394422015925e-03,1.168749532441e-02,5.368100472053e-03,6.678393738511e-03,4.256852851548e-03,5.295903006575e-03,2.543068548057e-03,3.163803128568e-03,2.220446049250e-16,1.110223024625e-16,2.220446049250e-16,0.000000000000e+00,1.665334536938e-16,8.565781581694e-01,8.567454798331e-01,8.300270575999e-01,8.857938718663e-01
logreg,iid,fullbatch,fedavg,2,9.550000000000e-01,14,16,2.496804878145e-03,6.171589497719e-02,1.070522076240e-01,1.148281407571e-02,8.657017011878e-03,2.884139969598e-01,2.174384137618e-01,4.959057499024e-02,10,10,1,6.726578576447e-02,4.405762561632e-02,9.181197672986e-03,1.104334759132e-02,5.318728560676e-03,6.397484329551e-03,4.176256174081e-03,5.023293278662e-03,2.490307323006e-03,2.995396718022e-03,2.220446049250e-16,1.110223024625e-16,1.110223024625e-16,0.000000000000e+00,1.110223024625e-16,8.239810413025e-01,8.595271210014e-01,7.966892678046e-01,8.885793871866e-01
logreg,iid,fullbatch,fedavg,2,9.550000000000e-01,15,16,2.463324026137e-03,6.083816804489e-02,1.057220423839e-01,1.093206853045e-02,8.180533806726e-03,3.011202061303e-01,2.253300936851e-01,4.866886383515e-02,10,10,1,6.464960751924e-02,5.222584017594e-02,8.973471644958e-03,1.047039312773e-02,5.270887052981e-03,6.150157013935e-03,4.102652069496e-03,4.787041374123e-03,2.442264448918e-03,2.849674007320e-03,2.220446049250e-16,1.110223024625e-16,1.110223024625e-16,0.000000000000e+00,1.110223024625e-16,7.948477024458e-01,8.609179415855e-01,7.669639972860e-01,8.885793871866e-01
logreg,iid,fullbatch,fedavg,2,9.550000000000e-01,16,16,2.432847261335e-03,6.003859609539e-02,1.044547478756e-01,1.045044797677e-02,7.753924565893e-03,3.137568905476e-01,2.327983706289e-01,4.781292810364e-02,10,10,1,6.230797959782e-02,6.065494788853e-02,8.771202158158e-03,9.955946309464e-03,5.224417987490e-03,5.930090772480e-03,4.035219657724e-03,4.580265000714e-03,2.394594781325e-03,2.718037578648e-03,2.220446049250e-16,1.110223024625e-16,2.220446049250e-16,0.000000000000e+00,2.220446049250e-16,7.686674877206e-01,8.636995827538e-01,7.403151482888e-01,8.885793871866e-01
logreg,iid,fullbatch,fedavg,2,9.550000000000e-01,17,16,2.404995902640e-03,5.930729813041e-02,1.032431386558e-01,1.002558349890e-02,7.369964093018e-03,3.263239647149e-01,2.398858782537e-01,4.701150180356e-02,10,10,1,6.020230974042e-02,6.920483428712e-02,8.574347059761e-03,9.490353489049e-03,5.179195084724e-03,5.732493891394e-03,3.973206733782e-03,4.397668548503e-03,2.346147572360e-03,2.596788961769e-03,1.665334536938e-16,1.110223024625e-16,2.220446049250e-16,0.000000000000e+00,2.220446049250e-16,7.450228253944e-01,8.664812239221e-01,7.163043164486e-01,8.885793871866e-01
logreg,iid,fullbatch,fedavg,2,9.550000000000e-01,18,16,2.379443265849e-03,5.863575424742e-02,1.020810277986e-01,9.647851257443e-03,7.022702003030e-03,3.388216194881e-01,2.466293480648e-01,4.625570517897e-02,10,10,1,5.830029386551e-02,7.776528079183e-02,8.382874852149e-03,9.066141902215e-03,5.135114825120e-03,5.553665122028e-03,3.915939962231e-03,4.235118381737e-03,2.300898012914e-03,2.488438424230e-03,2.220446049250e-16,1.110223024625e-16,1.110223024625e-16,0.000000000000e+00,1.110223024625e-16,7.235695375424e-01,8.678720445063e-01,6.945701403483e-01,8.885793871866e-01
logreg,iid,fullbatch,fedavg,2,9.550000000000e-01,19,16,2.355908423000e-03,5.801664179801e-02,1.009631466440e-01,9.309660849798e-03,6.707202969654e-03,3.512505039223e-01,2.530606067192e-01,4.553862699010e-02,10,10,1,5.657489169890e-02,8.379827969413e-02,8.196762601455e-03,8.677432270237e-03,5.092090706004e-03,5.390698055280e-03,3.862826018875e-03,4.089347560773e-03,2.258458424313e-03,2.390897597625e-03,2.220446049250e-16,1.110223024625e-16,2.220446049250e-16,0.000000000000e+00,1.110223024625e-16,7.040217918326e-01,8.692628650904e-01,6.748125275211e-01,8.913649025070e-01
logreg,iid,fullbatch,fedavg,2,9.550000000000e-01,20,16,2.334150138627e-03,5.744367650133e-02,9.988504084182e-02,9.004952527464e-03,6.419346742076e-03,3.636117867458e-01,2.592073785518e-01,4.485492905677e-02,10,10,1,5.500342596827e-02,8.135820537466e-02,8.015989229497e-03,8.319526521300e-03,5.050049442525e-03,5.241277036197e-03,3.813347648156e-03,3.957745698688e-03,2.218493506501e-03,2.302500045379e-03,2.220446049250e-16,1.110223024625e-16,2.220446049250e-16,0.000000000000e+00,2.220446049250e-16,6.861405073042e-01,8.706536856745e-01,6.567805047589e-01,8.941504178273e-01
logreg,iid,fullbatch,fedavg,2,9.550000000000e-01,21,16,2.313961273990e-03,5.691146580144e-02,9.884296067205e-02,8.728835177522e-03,6.155672554745e-03,3.759071414879e-01,2.650939360098e-01,4.420050002708e-02,10,10,1,5.356681507178e-02,7.900833810608e-02,7.840528511685e-03,7.988614391428e-03,5.008928344701e-03,5.103533135614e-03,3.761091786670e-03,3.832128399214e-03,2.180714799275e-03,2.221902465265e-03,3.330669073875e-16,1.110223024625e-16,2.220446049250e-16,0.000000000000e+00,2.220446049250e-16,6.697243509846e-01,8.748261474270e-01,6.402627831447e-01,8.941504178273e-01
logreg,iid,fullbatch,fedavg,2,9.550000000000e-01,22,16,2.295163791646e-03,5.641537786912e-02,9.783375570222e-02,8.477321306117e-03,5.913256953059e-03,3.881386873369e-01,2.707416303768e-01,4.357216741738e-02,10,10,1,5.224893330635e-02,7.676154468838e-02,7.670343618344e-03,7.681562075435e-03,4.968673411656e-03,4.975940471939e-03,3.698917189544e-03,3.704327135414e-03,2.144874933267e-03,2.148011974917e-03,2.220446049250e-16,1.110223024625e-16,2.220446049250e-16,0.000000000000e+00,2.220446049250e-16,6.546026926001e-01,8.762169680111e-01,6.250803725999e-01,8.941504178273e-01
logreg,iid,fullbatch,fedavg,2,9.550000000000e-01,23,16,2.277604393723e-03,5.595142715109e-02,9.685477885857e-02,8.247130171084e-03,5.689617067538e-03,4.003089077327e-01,2.761693275691e-01,4.296746664550e-02,10,10,1,5.103608495310e-02,7.462571746244e-02,7.505383695759e-03,7.395758250339e-03,4.929237875307e-03,4.857240237402e-03,3.639750661083e-03,3.586587584602e-03,2.110762115336e-03,2.079931814521e-03,3.330669073875e-16,1.110223024625e-16,1.110223024625e-16,0.000000000000e+00,2.220446049250e-16,6.406300501949e-01,8.769123783032e-01,6.110807559119e-01,8.969359331476e-01
logreg,iid,fullbatch,fedavg,2,9.550000000000e-01,24,16,2.261150770304e-03,5.551617589956e-02,9.590380195863e-02,8.035539611740e-03,5.482633465812e-03,4.124205611051e-01,2.813937681298e-01,4.238446069977e-02,10,10,1,4.991657578139e-02,7.260480916479e-02,7.345582340394e-03,7.129000652417e-03,4.890581039108e-03,4.746384126249e-03,3.583311004364e-03,3.477658448867e-03,2.078195075613e-03,2.016920288052e-03,2.220446049250e-16,1.110223024625e-16,2.220446049250e-16,0.000000000000e+00,2.220446049250e-16,6.276816792704e-01,8.762169680111e-01,5.981332585693e-01,8.969359331476e-01
logreg,iid,fullbatch,fedavg,2,9.550000000000e-01,25,16,2.245688405199e-03,5.510665034196e-02,9.497894299830e-02,7.840273202844e-03,5.290488199727e-03,4.244765927869e-01,2.864298662940e-01,4.182160224646e-02,10,10,1,4.888036564914e-02,7.069974870696e-02,7.190857570442e-03,6.879411595701e-03,4.852667322686e-03,4.642491597524e-03,3.529352245096e-03,3.376491123956e-03,2.061136046650e-03,1.971865397241e-03,2.220446049250e-16,1.110223024625e-16,2.220446049250e-16,0.000000000000e+00,2.220446049250e-16,6.156500453208e-01,8.762169680111e-01,5.861253424863e-01,8.997214484680e-01
logreg,iid,fullbatch,fedavg,2,9.550000000000e-01,26,16,2.231117874487e-03,5.472026982144e-02,9.407860454180e-02,7.659413378917e-03,5.111614738925e-03,4.364800534549e-01,2.912909597788e-01,4.127762993730e-02,10,10,1,4.791878740270e-02,6.890921255031e-02,7.041112853034e-03,6.645374331324e-03,3.637924515372e-03,3.433458701536e-03,3.477659044457e-03,3.282200786936e-03,2.058736720825e-03,1.943027536284e-03,4.440892098501e-16,1.110223024625e-16,2.220446049250e-16,0.000000000000e+00,2.220446049250e-16,6.044419836407e-01,8.755215577191e-01,5.749596188032e-01,8.997214484680e-01
logreg,iid,fullbatch,fedavg,2,9.550000000000e-01,27,16,2.217352571346e-03,5.435478717469e-02,9.320142211430e-02,7.491333885331e-03,4.944657269187e-03,4.484340269978e-01,2.959890194839e-01,4.075149151272e-02,10,10,1,4.702431934876e-02,6.723025220135e-02,6.896238792743e-03,6.425484547584e-03,3.587364775885e-03,3.342482420744e-03,3.428042617849e-03,3.194035985620e-03,2.056245482605e-03,1.915881101510e-03,2.220446049250e-16,1.110223024625e-16,2.220446049250e-16,0.000000000000e+00,2.220446049250e-16,5.939763975108e-01,8.762169680111e-01,5.645514243613e-01,8.997214484680e-01
logreg,iid,fullbatch,fedavg,2,9.550000000000e-01,28,16,2.204316794357e-03,5.400823869755e-02,9.234622134075e-02,7.334646772177e-03,4.788437417601e-03,4.603415691004e-01,3.005348263967e-01,4.024228745758e-02,10,10,1,4.619040070513e-02,6.565879136248e-02,6.756115167231e-03,6.218512968516e-03,3.538476284858e-03,3.256910239320e-03,3.380337147949e-03,3.111354657546e-03,2.053666172741e-03,1.890250448976e-03,2.220446049250e-16,1.110223024625e-16,3.330669073875e-16,0.000000000000e+00,3.330669073875e-16,5.841823809646e-01,8.755215577191e-01,5.548268431019e-01,8.997214484680e-01
logreg,iid,fullbatch,fedavg,2,9.550000000000e-01,29,16,2.191944142682e-03,5.367890220528e-02,9.151198258187e-02,7.188160442995e-03,4.641926904369e-03,4.722056567972e-01,3.049381215215e-01,3.974923015802e-02,10,10,1,4.541128140173e-02,6.419001151615e-02,6.620613079047e-03,6.023376163482e-03,3.491161877727e-03,3.176228694547e-03,3.334396658060e-03,3.033605061942e-03,2.051003295732e-03,1.865984949616e-03,2.220446049250e-16,1.110223024625e-16,2.220446049250e-16,0.000000000000e+00,2.220446049250e-16,5.749976785760e-01,8.762169680111e-01,5.457210810027e-01,8.997214484680e-01
logreg,iid,fullbatch,fedavg,2,9.550000000000e-01,30,16,2.180176168635e-03,5.336526187817e-02,9.069781190901e-02,7.050846186495e-03,4.504224952078e-03,4.840291485949e-01,3.092077335073e-01,3.927161458917e-02,10,10,1,4.468189930151e-02,6.281864556167e-02,6.489597065364e-03,5.839113490314e-03,3.476574556322e-03,3.128100741454e-03,3.290092301842e-03,2.960310501648e-03,2.048261735215e-03,1.842954594765e-03,3.330669073875e-16,1.110223024625e-16,2.220446049250e-16,0.000000000000e+00,2.220446049250e-16,5.663674144584e-01,8.783031988873e-01,5.371771237519e-01,8.997214484680e-01
logreg,iid,fullbatch,fedavg,2,9.550000000000e-01,31,16,2.168961245298e-03,5.306597876857e-02,8.990291738691e-02,6.921811275006e-03,4.374539535585e-03,4.958147543654e-01,3.133516877482e-01,3.880879747838e-02,10,10,1,4.399777932559e-02,6.153919769407e-02,6.362927065596e-03,5.664868666397e-03,3.462604711178e-03,3.082732322759e-03,3.247310022809e-03,2.891056994469e-03,2.045446549692e-03,1.821046500877e-03,2.220446049250e-16,1.110223024625e-16,4.440892098501e-16,0.000000000000e+00,2.220446049250e-16,5.582430376202e-01,8.789986091794e-01,5.291446219334e-01,8.997214484680e-01
logreg,iid,fullbatch,fedavg,2,9.550000000000e-01,32,16,2.158253613353e-03,5.277986601830e-02,8.912658977011e-02,6.800277188155e-03,4.252171749194e-03,5.075650139866e-01,3.173773000184e-01,3.836018263126e-02,10,10,1,4.335495011591e-02,6.034610529861e-02,6.240460190499e-03,5.499874868240e-03,3.448804189715e-03,3.039518065890e-03,3.205948538214e-03,2.825483258597e-03,2.042562827401e-03,1.800162106366e-03,4.440892098501e-16,1.110223024625e-16,2.220446049250e-16,0.000000000000e+00,2.220446049250e-16,5.505814422255e-01,8.789986091794e-01,5.215789603762e-01,8.997214484680e-01
logreg,iid,fullbatch,fedavg,2,9.550000000000e-01,33,16,2.148012577142e-03,5.250586799020e-02,8.836818685028e-02,6.685561867641e-03,4.136502717225e-03,5.192822836057e-01,3.212912571400e-01,3.792521069335e-02,10,10,1,4.274987478782e-02,5.923385596781e-02,6.122052267448e-03,5.343442550308e-03,3.435181242430e-03,2.998290902614e-03,3.165917605234e-03,2.763272527503e-03,2.039615584719e-03,1.780214905973e-03,2.220446049250e-16,1.110223024625e-16,2.220446049250e-16,0.000000000000e+00,2.220446049250e-16,5.433442300481e-01,8.789986091794e-01,5.144404774272e-01,9.025069637883e-01
logreg,iid,fullbatch,fedavg,2,9.550000000000e-01,34,16,2.138201824991e-03,5.224304265104e-02,8.762712081136e-02,6.577065165693e-03,4.026982589982e-03,5.309687283749e-01,3.250996867332e-01,3.750335207098e-02,10,10,1,4.217939305166e-02,5.819707021447e-02,6.007559157644e-03,5.194949382432e-03,3.421741567839e-03,2.958901240626e-03,3.127136531504e-03,2.704145821427e-03,2.036609696567e-03,1.761128606112e-03,2.220446049250e-16,1.110223024625e-16,2.220446049250e-16,0.000000000000e+00,2.220446049250e-16,5.364970891584e-01,8.796940194715e-01,5.076938069362e-01,9.025069637883e-01
logreg,iid,fullbatch,fedavg,2,9.550000000000e-01,35,16,2.128788853100e-03,5.199054665748e-02,8.690284805450e-02,6.474256841168e-03,3.923121257683e-03,5.426263205429e-01,3.288082177345e-01,3.709410207841e-02,10,10,1,4.164067255385e-02,5.723055822923e-02,5.896837854400e-03,5.053831856043e-03,3.408488794403e-03,2.921214670549e-03,3.089532896399e-03,2.647856386362e-03,2.033549850284e-03,1.742835612573e-03,2.220446049250e-16,1.110223024625e-16,2.220446049250e-16,0.000000000000e+00,2.220446049250e-16,5.300092681178e-01,8.796940194715e-01,5.013073212070e-01,9.025069637883e-01
logreg,iid,fullbatch,fedavg,2,9.550000000000e-01,36,16,2.119744475860e-03,5.174762269193e-02,8.619486104504e-02,6.376666601244e-03,3.824480485910e-03,5.542568418559e-01,3.324220330801e-01,3.669697763453e-02,10,10,1,4.113116773493e-02,5.632935717139e-02,5.789747379565e-03,4.919578219267e-03,3.395424876822e-03,2.885110035738e-03,3.053041453628e-03,2.594185074602e-03,2.030440516654e-03,1.725275782585e-03,2.220446049250e-16,1.110223024625e-16,2.220446049250e-16,0.000000000000e+00,2.220446049250e-16,5.238531290463e-01,8.810848400556e-01,4.952526574334e-01,9.025069637883e-01
logreg,iid,fullbatch,fedavg,2,9.550000000000e-01,37,16,2.111042408434e-03,5.151358867496e-02,8.550268181015e-02,6.283875795740e-03,3.730667232216e-03,5.658618893167e-01,3.359459157142e-01,3.631151502337e-02,10,10,1,4.064858485157e-02,5.548875397541e-02,5.686149499111e-03,4.791722481486e-03,3.382550421817e-03,2.850477797588e-03,3.017603189609e-03,2.542936489115e-03,2.027285933402e-03,1.708395388654e-03,2.220446049250e-16,1.110223024625e-16,2.220446049250e-16,0.000000000000e+00,2.220446049250e-16,5.180037661400e-01,8.824756606398e-01,4.895043134934e-01,9.025069637883e-01
logreg,iid,fullbatch,fedavg,2,9.550000000000e-01,38,16,2.102658909897e-03,5.128782854619e-02,8.482585678015e-02,6.195510454448e-03,3.641327947985e-03,5.774428834570e-01,3.393842888906e-01,3.593726837277e-02,10,10,1,4.019085208280e-02,5.470429746650e-02,5.585909280267e-03,4.669839287417e-03,3.369864955858e-03,2.817218643300e-03,2.983164515510e-03,2.493935750903e-03,2.024090097683e-03,1.692146253220e-03,2.220446049250e-16,1.110223024625e-16,2.220446049250e-16,0.000000000000e+00,2.220446049250e-16,5.124386787529e-01,8.845618915160e-01,4.840393016287e-01,8.997214484680e-01
logreg,iid,fullbatch,fedavg,2,9.550000000000e-01,39,16,2.094572477240e-03,5.106978435996e-02,8.416395271984e-02,6.111235422011e-03,3.556143705134e-03,5.890010783918e-01,3.427412515800e-01,3.557380860757e-02,10,10,1,3.975609385429e-02,5.397180265388e-02,5.488895512290e-03,4.553539505046e-03,3.357367145072e-03,2.785242293973e-03,2.949676573937e-03,2.447025777127e-03,2.020856764990e-03,1.676485021954e-03,2.220446049250e-16,1.110223024625e-16,2.220446049250e-16,0.000000000000e+00,2.220446049250e-16,5.071374901678e-01,8.845618915160e-01,4.788368506414e-01,8.997214484680e-01
logreg,iid,fullbatch,fedavg,2,9.550000000000e-01,40,16,2.086763582205e-03,5.085894948590e-02,8.351655354118e-02,6.030749394465e-03,3.474826015726e-03,6.005375730356e-01,3.460206096643e-01,3.522072270794e-02,10,10,1,3.934260868262e-02,5.328734936227e-02,5.394981011630e-03,4.442466404992e-03,3.345054975803e-03,2.754466479274e-03,2.917094643874e-03,2.402064979961e-03,2.017589452578e-03,1.661372550306e-03,4.440892098501e-16,1.110223024625e-16,2.220446049250e-16,0.000000000000e+00,2.220446049250e-16,5.020817047899e-01,8.852573018081e-01,4.738781489246e-01,8.997214484680e-01
logreg,iid,fullbatch,fedavg,2,9.550000000000e-01,41,16,2.079214444287e-03,5.065486274114e-02,8.288325782518e-02,5.953780700352e-03,3.397113235498e-03,6.120533229687e-01,3.492259034943e-01,3.487761315632e-02,10,10,1,3.894884997349e-02,5.264727682384e-02,5.304042830368e-03,4.336292334017e-03,3.332925902720e-03,2.724816051458e-03,2.885377629815e-03,2.358925313589e-03,2.014291445983e-03,1.646773383066e-03,4.440892098501e-16,1.110223024625e-16,2.220446049250e-16,0.000000000000e+00,2.220446049250e-16,4.972544977847e-01,8.838664812239e-01,4.691461219972e-01,8.997214484680e-01
logreg,iid,fullbatch,fedavg,2,9.550000000000e-01,42,16,2.071908834360e-03,5.045710331022e-02,8.226367691199e-02,5.880083699619e-03,3.322767460952e-03,6.235491525386e-01,3.523604323003e-01,3.454409749463e-02,10,10,1,3.857340931226e-02,5.204817544651e-02,5.215962384714e-03,4.218161446108e-03,3.320976970226e-03,2.685682139939e-03,2.848390336011e-03,2.303500181297e-03,2.010965807619e-03,1.626272931722e-03,2.220446049250e-16,1.110223024625e-16,2.220446049250e-16,0.000000000000e+00,4.440892098501e-16,4.926405322177e-01,8.838664812239e-01,4.646252393010e-01,8.997214484680e-01
logreg,iid,fullbatch,fedavg,2,9.550000000000e-01,43,16,2.064831904291e-03,5.026528633337e-02,8.165743344338e-02,5.809435697481e-03,3.251571844813e-03,6.350257668718e-01,3.554272758689e-01,3.421980793992e-02,10,10,1,3.821500186853e-02,5.148687666954e-02,5.130625518205e-03,4.097358639313e-03,3.309204911837e-03,2.642757552010e-03,2.812352023392e-03,2.245966855103e-03,2.007615386669e-03,1.603297730423e-03,4.440892098501e-16,1.110223024625e-16,2.220446049250e-16,0.000000000000e+00,2.220446049250e-16,4.882257995965e-01,8.845618915160e-01,4.603013459076e-01,8.997214484680e-01
logreg,iid,fullbatch,fedavg,2,9.550000000000e-01,44,16,2.057970038697e-03,5.007905906346e-02,8.106416026295e-02,5.741634289467e-03,3.183328267054e-03,6.464837635489e-01,3.584293138405e-01,3.390439102545e-02,10,10,1,3.787245360239e-02,5.096044158772e-02,5.047922512204e-03,3.982590751788e-03,3.297606231412e-03,2.601667527287e-03,2.777323490263e-03,2.191187131004e-03,2.004242829731e-03,1.581260199364e-03,2.220446049250e-16,1.110223024625e-16,2.220446049250e-16,0.000000000000e+00,4.440892098501e-16,4.839974803985e-01,8.845618915160e-01,4.561615155001e-01,8.997214484680e-01
logreg,iid,fullbatch,fedavg,2,9.550000000000e-01,45,16,2.051310725579e-03,4.989809750848e-02,8.048349959697e-02,5.676495068997e-03,3.117855308935e-03,6.579236437625e-01,3.613692429299e-01,3.359087565361e-02,10,10,1,3.754469001355e-02,5.046614885377e-02,4.967748054407e-03,3.873443261556e-03,3.286177269416e-03,2.562292020668e-03,2.743260844042e-03,2.138970236548e-03,2.000850591807e-03,1.560099497264e-03,4.440892098501e-16,1.110223024625e-16,2.220446049250e-16,0.000000000000e+00,2.220446049250e-16,4.799438217237e-01,8.845618915160e-01,4.521939215862e-01,8.997214484680e-01
logreg,iid,fullbatch,fedavg,2,9.550000000000e-01,46,16,2.044842443138e-03,4.972210348980e-02,7.991510245303e-02,5.613849641009e-03,3.054986485884e-03,6.693458228330e-01,3.642495923297e-01,3.308795914415e-02,10,10,1,3.723072621724e-02,5.000148223901e-02,4.890001174380e-03,3.769537367950e-03,3.274914256851e-03,2.524521207215e-03,2.710123023554e-03,2.089142649403e-03,1.997440947361e-03,1.539760016991e-03,3.330669073875e-16,1.110223024625e-16,2.220446049250e-16,0.000000000000e+00,2.220446049250e-16,4.760540296739e-01,8.845618915160e-01,4.483877243823e-01,8.997214484680e-01
logreg,iid,fullbatch,fedavg,2,9.550000000000e-01,47,16,2.038554560460e-03,4.955080205752e-02,7.935862818581e-02,5.553543894977e-03,2.994568702057e-03,6.807506400038e-01,3.670727375189e-01,3.260268899751e-02,10,10,1,3.692965816601e-02,4.956411813434e-02,4.814585153652e-03,3.670526310344e-03,3.263813359005e-03,2.488254423581e-03,2.677871538059e-03,2.041546181546e-03,1.994016001218e-03,1.520190828937e-03,4.440892098501e-16,1.110223024625e-16,2.220446049250e-16,0.000000000000e+00,2.220446049250e-16,4.723181744323e-01,8.845618915160e-01,4.447329712116e-01,8.997214484680e-01
logreg,iid,fullbatch,fedavg,2,9.550000000000e-01,48,16,2.032437250150e-03,4.938393921346e-02,7.881374418920e-02,5.495436498572e-03,2.936460895186e-03,6.921383674758e-01,3.698409126697e-01,3.213416615464e-02,10,10,1,3.664065486454e-02,4.915191319985e-02,4.741407416596e-03,3.576092127783e-03,3.252870710825e-03,2.453399237737e-03,2.646470235691e-03,1.996036312581e-03,1.990577699202e-03,1.501345194455e-03,2.220446049250e-16,1.110223024625e-16,2.220446049250e-16,0.000000000000e+00,2.220446049250e-16,4.687271063330e-01,8.852573018081e-01,4.412205085848e-01,8.997214484680e-01
logreg,iid,fullbatch,fedavg,2,9.550000000000e-01,49,16,2.026481411260e-03,4.922127989995e-02,7.828012568188e-02,5.439397579691e-03,2.880532845186e-03,7.035092186667e-01,3.725562218189e-01,3.168155002236e-02,10,10,1,3.636295144851e-02,4.876289231449e-02,4.670379407239e-03,3.485942799287e-03,3.242082445363e-03,2.419870629266e-03,2.615885097879e-03,1.952480735630e-03,1.987127838380e-03,1.483180139225e-03,3.330669073875e-16,1.110223024625e-16,3.330669073875e-16,0.000000000000e+00,2.220446049250e-16,4.652723814660e-01,8.852573018081e-01,4.378419044140e-01,8.997214484680e-01
logreg,iid,fullbatch,fedavg,2,9.550000000000e-01,50,16,2.020678601137e-03,4.906260621894e-02,7.775745556053e-02,5.385307569846e-03,2.826664124004e-03,7.148633557051e-01,3.752206489470e-01,3.124405388943e-02,10,10,1,3.609584301744e-02,4.839523693415e-02,4.601416456177e-03,3.399809713856e-03,3.231444716541e-03,2.387590265240e-03,2.586084056691e-03,1.910758085151e-03,1.983668076879e-03,1.465656078094e-03,3.330669073875e-16,1.110223024625e-16,2.220446049250e-16,0.000000000000e+00,2.220446049250e-16,4.619461955814e-01,8.852573018081e-01,4.345893790333e-01,8.997214484680e-01
logreg,iid,fullbatch,fedavg,0,9.775000000000e-01,1,16,2.349209300664e-03,5.948955292836e-02,7.289464844980e-02,7.169546034783e-02,3.128488425197e-02,7.509087397427e-02,3.276649998852e-02,6.085439050485e-02,5,5,1,7.426580701531e-02,9.164985499505e-02,9.760786362573e-03,9.142726682536e-02,8.413306197961e-03,7.880569885167e-02,4.346301555353e-03,4.071090763020e-02,2.231431054015e-03,2.090135310820e-02,2.775557561563e-17,1.387778780781e-17,1.387778780781e-17,0.000000000000e+00,2.775557561563e-17,2.090260709485e+00,4.833101529903e-01,2.090709163566e+00,4.986072423398e-01
logreg,iid,fullbatch,fedavg,0,9.775000000000e-01,2,16,2.303387036052e-03,5.826354143653e-02,7.704173643578e-02,4.087073406341e-02,2.526339305422e-02,9.117488815174e-02,5.635785822878e-02,5.476384177627e-02,5,5,1,7.040981028736e-02,5.547916332838e-02,9.894171041455e-03,4.745219337002e-02,8.040221080315e-03,3.856069637793e-02,4.659507244273e-03,2.234687856495e-02,2.466239447569e-03,1.182802183957e-02,8.326672684689e-17,2.775557561563e-17,2.775557561563e-17,0.000000000000e+00,2.775557561563e-17,1.882913062237e+00,5.646731571627e-01,1.887267130179e+00,5.626740947075e-01
logreg,iid,fullbatch,fedavg,0,9.775000000000e-01,3,16,2.236850555218e-03,5.646318375070e-02,7.804623535658e-02,2.879317676238e-02,2.227180462889e-02,1.004341853968e-01,7.768682746189e-02,4.922988995131e-02,5,5,1,6.527918222289e-02,3.752281282837e-02,9.950517639464e-03,3.326201902833e-02,7.999167168508e-03,2.673915671628e-02,4.646051108466e-03,1.553055287933e-02,2.523219392888e-03,8.434472908830e-03,8.326672684689e-17,2.775557561563e-17,5.551115123126e-17,0.000000000000e+00,5.551115123126e-17,1.703675527622e+00,6.168289290682e-01,1.711387507822e+00,6.128133704735e-01
logreg,iid,fullbatch,fedavg,0,9.775000000000e-01,4,16,2.175361162647e-03,5.478830357319e-02,7.834233793925e-02,2.248050865815e-02,1.973234079127e-02,1.102434417517e-01,9.676654544280e-02,4.477927555126e-02,5,5,1,6.098270525015e-02,2.288925610692e-02,9.977903764157e-03,2.635936432126e-02,7.907695318906e-03,2.089034197758e-02,4.567457923957e-03,1.206619048302e-02,2.534559107828e-03,6.695731738463e-03,1.110223024625e-16,2.775557561563e-17,1.110223024625e-16,0.000000000000e+00,5.551115123126e-17,1.554350082293e+00,6.432545201669e-01,1.564679629561e+00,6.378830083565e-01
logreg,iid,fullbatch,fedavg,0,9.775000000000e-01,5,16,2.121634430790e-03,5.331637811889e-02,7.837114847523e-02,1.863689288478e-02,1.759068111929e-02,1.206112723210e-01,1.138405658017e-01,4.120160971445e-02,5,5,1,5.752128697021e-02,9.131360743140e-03,9.987245657860e-03,2.228488558415e-02,7.799200494483e-03,1.740262497004e-02,4.459169747341e-03,9.949899203849e-03,2.527101369413e-03,5.638808416874e-03,1.110223024625e-16,5.551115123126e-17,5.551115123126e-17,0.000000000000e+00,5.551115123126e-17,1.430320761902e+00,6.557719054242e-01,1.442543252051e+00,6.518105849582e-01
logreg,iid,fullbatch,fedavg,0,9.775000000000e-01,6,16,2.074521247815e-03,5.202043443684e-02,7.827593514390e-02,1.605662476381e-02,1.580531095160e-02,1.312546937018e-01,1.292003318463e-01,3.829334313255e-02,8,8,1,5.443772402349e-02,1.176183667475e-03,8.328080853967e-03,1.634049274446e-02,7.683815427863e-03,1.507638223625e-02,4.347369031078e-03,8.529954662482e-03,2.511185722984e-03,4.927187044164e-03,1.665334536938e-16,5.551115123126e-17,5.551115123126e-17,0.000000000000e+00,1.110223024625e-16,1.326635140302e+00,6.634214186370e-01,1.340130800677e+00,6.629526462396e-01
logreg,iid,fullbatch,fedavg,0,9.775000000000e-01,7,16,2.032618250961e-03,5.086446267691e-02,7.812201286957e-02,1.420268778102e-02,1.431974892682e-02,1.419451040202e-01,1.431150414836e-01,3.588679982259e-02,13,13,1,5.102786113366e-02,6.350660098266e-03,8.103048979109e-03,1.435627913346e-02,7.566744285936e-03,1.340610100970e-02,4.237836623844e-03,7.508231241200e-03,2.490093851153e-03,4.411732236574e-03,1.110223024625e-16,5.551115123126e-17,1.110223024625e-16,0.000000000000e+00,1.110223024625e-16,1.239133273703e+00,6.766342141864e-01,1.253416334868e+00,6.629526462396e-01
logreg,iid,fullbatch,fedavg,0,9.775000000000e-01,8,16,1.994885380388e-03,4.982083727703e-02,7.794530548627e-02,1.280311723286e-02,1.307753439533e-02,1.525429274421e-01,1.558124747360e-01,3.385826450132e-02,13,13,1,4.803426968650e-02,1.293299923405e-02,7.895114859135e-03,1.286680289979e-02,7.451404997725e-03,1.214368139576e-02,4.133919732110e-03,6.737119262435e-03,2.465701135689e-03,4.018395056785e-03,1.665334536938e-16,5.551115123126e-17,1.110223024625e-16,0.000000000000e+00,1.110223024625e-16,1.164543792917e+00,6.912378303199e-01,1.179252595209e+00,6.740947075209e-01
logreg,iid,fullbatch,fedavg,0,9.775000000000e-01,9,16,1.960615035258e-03,4.887029803914e-02,7.776684829661e-02,1.170664128654e-02,1.202990365048e-02,1.629784487243e-01,1.674788683849e-01,3.211942361629e-02,13,13,1,4.542074332844e-02,1.857919688715e-02,7.692199137292e-03,1.168839041754e-02,7.340080380013e-03,1.115334167076e-02,4.037483613258e-03,6.135005599037e-03,2.439200720116e-03,3.706395247264e-03,1.665334536938e-16,5.551115123126e-17,1.110223024625e-16,0.000000000000e+00,1.110223024625e-16,1.100342534426e+00,7.030598052851e-01,1.115215400839e+00,6.880222841226e-01
logreg,iid,fullbatch,fedavg,0,9.775000000000e-01,10,16,1.929314204632e-03,4.799923112535e-02,7.759876854076e-02,1.082274158844e-02,1.113754452684e-02,1.732261720690e-01,1.782648314075e-01,3.060715073238e-02,13,13,1,4.311581679165e-02,2.338204169466e-02,7.496529656202e-03,1.072986662752e-02,3.281038789505e-03,4.696187466153e-03,3.949360019540e-03,5.652763107347e-03,2.411393987883e-03,3.451455148314e-03,1.110223024625e-16,5.551115123126e-17,1.110223024625e-16,0.000000000000e+00,1.110223024625e-16,1.044583936827e+00,7.190542420028e-01,1.059434595929e+00,7.103064066852e-01
logreg,iid,fullbatch,fedavg,0,9.775000000000e-01,11,16,1.900616185391e-03,4.719748000102e-02,7.744757376169e-02,1.009397099563e-02,1.036973021327e-02,1.832850176717e-01,1.882922178213e-01,2.927566772575e-02,13,13,1,4.106697310726e-02,2.745064962412e-02,7.309433093417e-03,9.933344624597e-03,3.206117180633e-03,4.357036510909e-03,3.859766836388e-03,5.245330748149e-03,2.382837528738e-03,3.238219168966e-03,1.665334536938e-16,5.551115123126e-17,1.110223024625e-16,0.000000000000e+00,1.665334536938e-16,9.957588063177e-01,7.343532684284e-01,1.010456224126e+00,7.465181058496e-01
logreg,iid,fullbatch,fedavg,0,9.775000000000e-01,12,16,1.874228918618e-03,4.645700207355e-02,7.731624294700e-02,9.482074530310e-03,9.702701447422e-03,1.931656795558e-01,1.976602179858e-01,2.809115195271e-02,13,13,1,3.923418841042e-02,3.088663456470e-02,7.131556516651e-03,9.260079542764e-03,3.135188307823e-03,4.070933609543e-03,3.766338297908e-03,4.890460047839e-03,2.353929308860e-03,3.056495813669e-03,2.220446049250e-16,1.110223024625e-16,1.110223024625e-16,0.000000000000e+00,1.110223024625e-16,9.526854376086e-01,7.496522948540e-01,9.671386623115e-01,7.548746518106e-01
logreg,iid,fullbatch,fedavg,0,9.775000000000e-01,13,16,1.849907498646e-03,4.577111848332e-02,7.720560189698e-02,8.960547685629e-03,9.118081213607e-03,2.028834198016e-01,2.064502710713e-01,2.702811859065e-02,13,13,1,3.758594049502e-02,3.377766001019e-02,6.963060780207e-03,8.683007689249e-03,3.068249759793e-03,3.826138690696e-03,3.673874213149e-03,4.581358550364e-03,2.324962190779e-03,2.899251524147e-03,2.220446049250e-16,1.110223024625e-16,1.110223024625e-16,0.000000000000e+00,2.220446049250e-16,9.144289308384e-01,7.621696801113e-01,9.285761122757e-01,7.604456824513e-01
logreg,iid,fullbatch,fedavg,0,9.775000000000e-01,14,16,1.827440009713e-03,4.513410676126e-02,7.711521666745e-02,8.510413330302e-03,8.601566005540e-03,2.124543377957e-01,2.147298772442e-01,2.606698927341e-02,13,13,1,3.609674705010e-02,3.619736358466e-02,6.803777613368e-03,8.182558674264e-03,3.005161466565e-03,3.614155462326e-03,3.588228805151e-03,4.315381013797e-03,2.296157429155e-03,2.761472222797e-03,2.220446049250e-16,1.110223024625e-16,2.220446049250e-16,0.000000000000e+00,1.110223024625e-16,8.802418965196e-01,7.753824756606e-01,8.940424118104e-01,7.743732590529e-01
logreg,iid,fullbatch,fedavg,0,9.775000000000e-01,15,16,1.806640077945e-03,4.454097550758e-02,7.704395946689e-02,8.117705280888e-03,8.141918737909e-03,2.218936513740e-01,2.225555148201e-01,2.519244144733e-02,13,13,1,3.474560913777e-02,3.820721143329e-02,6.653330581136e-03,7.744176557022e-03,2.945701243336e-03,3.428663318987e-03,3.508965578360e-03,4.084277586985e-03,2.267685480059e-03,2.639483566796e-03,2.220446049250e-16,1.110223024625e-16,1.110223024625e-16,0.000000000000e+00,1.110223024625e-16,8.495207927874e-01,7.844228094576e-01,8.629495780021e-01,7.827298050139e-01
logreg,iid,fullbatch,fedavg,0,9.775000000000e-01,16,16,1.787342610736e-03,4.398733120955e-02,7.699035734237e-02,7.771904047273e-03,7.730217292458e-03,2.312150542624e-01,2.299748684318e-01,2.439227368991e-02,13,13,1,3.351498489922e-02,3.985863541238e-02,6.511224132559e-03,7.356783185056e-03,2.889604998250e-03,3.264854200961e-03,3.435585152119e-03,3.881736300791e-03,2.239678920443e-03,2.530527576136e-03,2.220446049250e-16,1.110223024625e-16,1.110223024625e-16,0.000000000000e+00,1.665334536938e-16,8.217735609631e-01,7.927677329624e-01,8.348169873732e-01,7.938718662953e-01
logreg,iid,fullbatch,fedavg,0,9.775000000000e-01,17,16,1.769400986598e-03,4.346929051183e-02,7.695280099856e-02,7.464928050214e-03,7.359300234791e-03,2.404306021153e-01,2.370285386137e-01,2.365661502064e-02,13,13,1,3.239007788436e-02,4.119492981305e-02,6.376906373179e-03,7.011786048222e-03,2.836594381525e-03,3.119003439112e-03,3.367571586217e-03,3.702844307695e-03,2.212240639881e-03,2.432489540582e-03,2.220446049250e-16,1.110223024625e-16,2.220446049250e-16,0.000000000000e+00,2.220446049250e-16,7.965954262476e-01,8.004172461752e-01,8.092482621605e-01,8.022284122563e-01
logreg,iid,fullbatch,fedavg,0,9.775000000000e-01,18,16,1.752684899527e-03,4.298341499940e-02,7.692966593584e-02,7.190461924407e-03,7.023358382942e-03,2.495508279605e-01,2.437513636749e-01,2.297736576525e-02,13,13,1,3.135831824857e-02,4.225280179622e-02,6.249811307689e-03,6.702414358016e-03,2.786394730366e-03,2.988181743172e-03,3.304421484921e-03,3.543723308610e-03,2.185449311478e-03,2.343716653645e-03,2.220446049250e-16,1.110223024625e-16,3.330669073875e-16,0.000000000000e+00,2.220446049250e-16,7.736506292267e-01,8.087621696801e-01,7.859137753460e-01,8.133704735376e-01
logreg,iid,fullbatch,fedavg,0,9.775000000000e-01,19,16,1.737078522905e-03,4.252665782427e-02,7.691937989488e-02,6.943496658753e-03,6.717632349106e-03,2.585849347853e-01,2.501734512560e-01,2.234779589874e-02,13,13,1,3.040896808418e-02,4.306360467779e-02,6.129385745942e-03,6.423260704284e-03,2.738745877332e-03,2.870055744906e-03,3.245660973464e-03,3.401275014235e-03,2.159363347807e-03,2.262894572661e-03,2.220446049250e-16,1.110223024625e-16,1.110223024625e-16,0.000000000000e+00,2.220446049250e-16,7.526584980059e-01,8.129346314325e-01,7.645372839253e-01,8.189415041783e-01
logreg,iid,fullbatch,fedavg,0,9.775000000000e-01,20,16,1.722478867766e-03,4.209631750199e-02,7.692045810553e-02,6.720007049659e-03,6.438186680634e-03,2.675409945702e-01,2.563209911890e-01,2.176225172346e-02,13,13,1,2.953281138375e-02,4.365431367725e-02,6.015105212587e-03,6.169956047116e-03,2.693407945205e-03,2.762746128546e-03,3.190854406316e-03,3.272998683135e-03,2.134024021517e-03,2.188961614286e-03,2.220446049250e-16,5.551115123126e-17,2.220446049250e-16,0.000000000000e+00,1.110223024625e-16,7.333827251313e-01,8.219749652295e-01,7.448856203335e-01,8.217270194986e-01
logreg,iid,fullbatch,fedavg,0,9.775000000000e-01,21,16,1.708794296326e-03,4.168999694206e-02,7.693151961358e-02,6.516720629879e-03,6.181739488232e-03,2.764261256203e-01,2.622169022393e-01,2.121593804179e-02,13,13,1,2.872190504481e-02,4.404830044690e-02,5.906482278486e-03,5.938933953315e-03,2.650163777637e-03,2.664724433049e-03,3.139607650709e-03,3.156857431842e-03,2.109458105704e-03,2.121047990390e-03,2.220446049250e-16,1.110223024625e-16,1.110223024625e-16,0.000000000000e+00,1.110223024625e-16,7.156230327454e-01,8.247566063978e-01,7.267606686941e-01,8.217270194986e-01
logreg,iid,fullbatch,fedavg,0,9.775000000000e-01,22,16,1.695943181160e-03,4.130556691393e-02,7.695129271819e-02,6.330949025664e-03,5.945532531126e-03,2.852466406131e-01,2.678813514822e-01,2.070475369099e-02,13,13,1,2.796937600783e-02,4.426595155818e-02,5.803069879307e-03,5.727256254476e-03,2.608819224111e-03,2.574736566824e-03,3.091567977144e-03,3.051178497156e-03,2.085680202421e-03,2.058432042452e-03,2.220446049250e-16,1.110223024625e-16,1.110223024625e-16,0.000000000000e+00,2.220446049250e-16,6.992086343250e-01,8.254520166898e-01,7.099930629706e-01,8.300835654596e-01
logreg,iid,fullbatch,fedavg,0,9.775000000000e-01,23,16,1.683852706429e-03,4.094113355495e-02,7.697861429643e-02,6.160462835952e-03,5.727231067965e-03,2.940081666772e-01,2.733321750765e-01,2.022516537307e-02,13,13,1,2.726925446264e-02,4.432516541104e-02,5.704461470234e-03,5.532482015150e-03,2.569202141855e-03,2.491745227358e-03,3.046421963137e-03,2.954577712473e-03,2.062694829062e-03,2.000508216959e-03,2.220446049250e-16,1.110223024625e-16,2.220446049250e-16,0.000000000000e+00,2.220446049250e-16,6.839930606182e-01,8.303198887344e-01,6.944371941598e-01,8.300835654596e-01
logreg,iid,fullbatch,fedavg,0,9.775000000000e-01,24,16,1.672457805722e-03,4.059500962755e-02,7.701242581339e-02,6.003397430318e-03,5.524845834848e-03,3.027157418897e-01,2.785852219738e-01,1.977410940129e-02,13,13,1,2.661633588593e-02,4.424175363826e-02,5.610289302474e-03,5.352567682296e-03,2.531160701889e-03,2.414885978457e-03,3.005845897009e-03,2.867765410813e-03,2.040498286055e-03,1.946763275987e-03,2.220446049250e-16,1.110223024625e-16,1.110223024625e-16,0.000000000000e+00,2.220446049250e-16,6.698500309668e-01,8.317107093185e-01,6.799672213478e-01,8.328690807799e-01
logreg,iid,fullbatch,fedavg,0,9.775000000000e-01,25,16,1.661700227768e-03,4.026568923096e-02,7.705176763513e-02,5.858181083463e-03,5.336671651040e-03,3.113738930226e-01,2.836546368391e-01,1.934891411932e-02,13,13,1,2.600606643846e-02,4.402976688848e-02,5.520221685919e-03,5.185790085506e-03,2.494561383587e-03,2.343433366760e-03,2.968518832535e-03,2.788677050718e-03,2.019080312070e-03,1.896758365861e-03,2.220446049250e-16,1.110223024625e-16,2.220446049250e-16,0.000000000000e+00,2.220446049250e-16,6.566701328296e-01,8.344923504868e-01,6.664738592401e-01,8.328690807799e-01
logreg,iid,fullbatch,fedavg,0,9.775000000000e-01,26,16,1.651527718835e-03,3.995182565123e-02,7.709577256889e-02,5.723479490312e-03,5.161238655122e-03,3.199866987734e-01,2.885530946044e-01,1.894723786560e-02,13,13,1,2.543444743989e-02,4.370176035124e-02,5.433959799217e-03,5.030686438050e-03,2.459286898514e-03,2.276774526269e-03,2.932903651389e-03,2.715242506078e-03,2.001179626619e-03,1.852665014044e-03,3.330669073875e-16,1.110223024625e-16,2.220446049250e-16,0.000000000000e+00,2.220446049250e-16,6.443581314789e-01,8.393602225313e-01,6.538617713626e-01,8.328690807799e-01
logreg,iid,fullbatch,fedavg,0,9.775000000000e-01,27,16,1.641893309500e-03,3.965221202222e-02,7.714365915389e-02,5.598152457833e-03,4.997273235679e-03,3.285578418601e-01,2.932919962197e-01,1.856701879971e-02,13,13,1,2.489795549963e-02,4.326901103898e-02,5.351234397356e-03,4.886007151261e-03,2.425234186018e-03,2.214388437595e-03,2.898865380417e-03,2.646842938941e-03,1.986159350786e-03,1.813486024136e-03,3.330669073875e-16,1.110223024625e-16,2.220446049250e-16,0.000000000000e+00,2.220446049250e-16,6.328307750713e-01,8.428372739917e-01,6.420474395790e-01,8.328690807799e-01
logreg,iid,fullbatch,fedavg,0,9.775000000000e-01,28,16,1.632754693403e-03,3.936576447434e-02,7.719472499640e-02,5.481219760879e-03,4.843666476805e-03,3.370906525505e-01,2.978816330366e-01,1.820643390540e-02,13,13,1,2.439347553726e-02,4.274169630978e-02,5.271802623964e-03,4.750678415169e-03,2.392312557931e-03,2.155829503107e-03,2.866284368008e-03,2.582948613618e-03,1.971516375453e-03,1.776629543648e-03,3.330669073875e-16,1.110223024625e-16,2.220446049250e-16,0.000000000000e+00,4.440892098501e-16,6.220149921628e-01,8.463143254520e-01,6.309574111699e-01,8.356545961003e-01
logreg,iid,fullbatch,fedavg,0,9.775000000000e-01,29,16,1.624073686277e-03,3.909150746546e-02,7.724834031229e-02,5.371833973144e-03,4.699448482932e-03,3.455881455399e-01,3.023313256509e-01,1.786386518446e-02,13,13,1,2.391824444206e-02,4.212904116354e-02,5.195445041354e-03,4.623772296592e-03,2.360442027892e-03,2.100714446867e-03,2.835054238785e-03,2.523103438548e-03,1.955347038992e-03,1.740193457375e-03,2.220446049250e-16,1.110223024625e-16,2.220446049250e-16,0.000000000000e+00,2.220446049250e-16,6.118464024200e-01,8.484005563282e-01,6.205268474616e-01,8.356545961003e-01
logreg,iid,fullbatch,fedavg,0,9.775000000000e-01,30,16,1.615815754602e-03,3.882856101361e-02,7.730394176629e-02,5.269258662765e-03,4.563767343136e-03,3.540530515939e-01,3.066495418075e-01,1.753787155152e-02,13,13,1,2.346980353510e-02,4.143944031791e-02,5.121962931205e-03,4.504482674758e-03,2.329551835064e-03,2.048711797008e-03,2.805080102601e-03,2.466912567152e-03,1.939677148616e-03,1.705838606783e-03,2.220446049250e-16,1.110223024625e-16,2.220446049250e-16,0.000000000000e+00,4.440892098501e-16,6.022680790325e-01,8.504867872045e-01,6.106983150455e-01,8.467966573816e-01
logreg,iid,fullbatch,fedavg,0,9.775000000000e-01,31,16,1.607949604436e-03,3.857612958027e-02,7.736102665507e-02,5.172850754002e-03,4.435871785974e-03,3.624878450095e-01,3.108439970344e-01,1.722716529742e-02,13,13,1,2.304595833267e-02,4.068055986550e-02,5.051175881526e-03,4.392105746128e-03,2.299579156823e-03,1.999533388908e-03,2.776277002103e-03,2.414032387662e-03,1.924487424605e-03,1.673383084298e-03,2.220446049250e-16,1.110223024625e-16,2.220446049250e-16,0.000000000000e+00,2.220446049250e-16,5.932295147402e-01,8.546592489569e-01,6.014207734921e-01,8.495821727019e-01
logreg,iid,fullbatch,fedavg,0,9.775000000000e-01,32,16,1.600446822192e-03,3.833349238273e-02,7.741914745608e-02,5.082046153429e-03,4.315096791894e-03,3.708947676905e-01,3.149217409432e-01,1.693059224931e-02,13,13,1,2.264474438120e-02,3.985942235764e-02,4.982919653675e-03,4.286024131787e-03,2.270467996852e-03,1.952927460466e-03,2.748568576609e-03,2.364162391927e-03,1.909758772960e-03,1.642665897846e-03,6.661338147751e-16,1.110223024625e-16,2.220446049250e-16,0.000000000000e+00,3.330669073875e-16,5.846857536047e-01,8.567454798331e-01,5.926487232599e-01,8.551532033426e-01
logreg,iid,fullbatch,fedavg,0,9.775000000000e-01,33,16,1.593281560250e-03,3.809999494221e-02,7.747790674969e-02,4.996347955706e-03,4.200851592307e-03,3.792758504414e-01,3.188892315698e-01,1.664711494873e-02,13,13,1,2.226439815536e-02,3.898247839883e-02,4.917044311158e-03,4.185693844586e-03,2.242168231240e-03,1.908673009663e-03,2.721885917759e-03,2.317038531822e-03,1.895472478842e-03,1.613544028731e-03,2.220446049250e-16,1.110223024625e-16,2.220446049250e-16,0.000000000000e+00,2.220446049250e-16,5.765966584907e-01,8.602225312935e-01,5.843414850020e-01,8.551532033426e-01
logreg,iid,fullbatch,fedavg,0,9.775000000000e-01,34,16,1.586430261328e-03,3.787504170052e-02,7.753695251220e-02,4.915316703743e-03,4.092609607095e-03,3.876329319507e-01,3.227523996816e-01,1.637579831306e-02,13,13,1,2.190333219056e-02,3.805566722976e-02,4.853412586197e-03,4.090633540784e-03,2.214634794048e-03,1.866575158865e-03,2.696166592576e-03,2.272427760726e-03,1.881610345790e-03,1.585889980395e-03,4.440892098501e-16,1.110223024625e-16,2.220446049250e-16,0.000000000000e+00,2.220446049250e-16,5.689262902778e-01,8.636995827538e-01,5.764625872711e-01,8.551532033426e-01
logreg,iid,fullbatch,fedavg,0,9.775000000000e-01,35,16,1.579871416373e-03,3.765808956081e-02,7.759597377154e-02,4.838562297068e-03,3.989899966093e-03,3.959676758314e-01,3.265167046275e-01,1.611579735530e-02,13,13,1,2.156011376704e-02,3.708446829349e-02,4.791898458139e-03,4.000415607599e-03,2.187826984251e-03,1.826461326545e-03,2.671353811020e-03,2.230123524606e-03,1.868154791333e-03,1.559589722100e-03,3.330669073875e-16,1.110223024625e-16,2.220446049250e-16,0.000000000000e+00,2.220446049250e-16,5.616423795447e-01,8.657858136300e-01,5.689792441321e-01,8.607242339833e-01
logreg,iid,fullbatch,fedavg,0,9.775000000000e-01,36,16,1.573585351540e-03,3.744864222834e-02,7.765469661272e-02,4.765737231628e-03,3.892300332234e-03,4.042815860092e-01,3.301871830231e-01,1.586634662116e-02,13,13,1,2.123344658221e-02,3.607394539333e-02,4.732385918114e-03,3.914658734599e-03,2.161707877208e-03,1.788178050056e-03,2.647395717308e-03,2.189942018260e-03,1.855088908119e-03,1.534540953186e-03,2.220446049250e-16,1.110223024625e-16,2.220446049250e-16,0.000000000000e+00,4.440892098501e-16,5.547158751592e-01,8.671766342142e-01,5.618619077223e-01,8.607242339833e-01
logreg,iid,fullbatch,fedavg,0,9.775000000000e-01,37,16,1.567554040416e-03,3.724624524458e-02,7.771288051763e-02,4.696530922101e-03,3.799430800142e-03,4.125760206917e-01,3.337684913432e-01,1.562675106716e-02,13,13,1,2.092215494433e-02,3.502878474300e-02,4.674767895934e-03,3.833021690879e-03,2.136243825481e-03,1.751588336011e-03,2.624912277024e-03,2.152266362409e-03,1.842396498201e-03,1.510651629773e-03,2.220446049250e-16,1.110223024625e-16,2.220446049250e-16,0.000000000000e+00,2.220446049250e-16,5.481205571266e-01,8.678720445063e-01,5.550838835866e-01,8.607242339833e-01
logreg,iid,fullbatch,fedavg,0,9.775000000000e-01,38,16,1.561760938240e-03,3.705048162279e-02,7.777031502132e-02,4.630664909690e-03,3.710948687690e-03,4.208522051034e-01,3.372649433069e-01,1.539637815460e-02,13,13,1,2.062517010013e-02,3.395332796270e-02,4.618945327432e-03,3.755198087181e-03,2.111404035617e-03,1.716569440371e-03,2.603422052634e-03,2.116579612691e-03,1.830062086812e-03,1.487838707898e-03,4.440892098501e-16,1.110223024625e-16,2.220446049250e-16,0.000000000000e+00,2.220446049250e-16,5.418327033634e-01,8.678720445063e-01,5.486209988245e-01,8.607242339833e-01
logreg,iid,fullbatch,fedavg,0,9.775000000000e-01,39,16,1.556190835272e-03,3.686096800622e-02,7.782681666605e-02,4.567888798362e-03,3.626544072586e-03,4.291112431353e-01,3.406805427991e-01,1.517465097437e-02,13,13,1,2.034151837369e-02,3.285160087723e-02,4.564826342795e-03,3.680911946591e-03,2.087160209227e-03,1.683011000127e-03,2.582662684393e-03,2.082566392477e-03,1.818070920793e-03,1.466027066431e-03,3.330669073875e-16,1.110223024625e-16,2.220446049250e-16,0.000000000000e+00,2.220446049250e-16,5.358308019119e-01,8.706536856745e-01,5.424513148546e-01,8.607242339833e-01
logreg,iid,fullbatch,fedavg,0,9.775000000000e-01,40,16,1.550829726918e-03,3.667735128098e-02,7.788222623338e-02,4.507976793573e-03,3.545935953310e-03,4.373541280321e-01,3.440190129481e-01,1.496104224954e-02,13,13,1,2.007031084712e-02,3.172733881301e-02,4.512325558889e-03,3.609913942226e-03,2.063486238353e-03,1.650813453996e-03,2.562595718793e-03,2.050106955455e-03,1.806408955810e-03,1.445148580224e-03,4.440892098501e-16,1.110223024625e-16,2.220446049250e-16,0.000000000000e+00,4.440892098501e-16,5.300953015954e-01,8.727399165508e-01,5.365548780192e-01,8.607242339833e-01
logreg,iid,fullbatch,fedavg,0,9.775000000000e-01,41,16,1.545664698476e-03,3.649930558478e-02,7.793640623459e-02,4.450724741798e-03,3.468868935508e-03,4.455817522117e-01,3.472838218820e-01,1.475506908845e-02,13,13,1,1.981073435717e-02,3.058400896280e-02,4.461363460764e-03,3.541978187655e-03,2.040357946544e-03,1.619886701728e-03,2.543185440919e-03,2.019092915903e-03,1.795062835658e-03,1.425141319529e-03,4.440892098501e-16,1.110223024625e-16,2.220446049250e-16,0.000000000000e+00,2.220446049250e-16,5.246083953150e-01,8.748261474270e-01,5.309135024030e-01,8.607242339833e-01
logreg,iid,fullbatch,fedavg,0,9.775000000000e-01,42,16,1.540683822725e-03,3.632652966116e-02,7.798923863987e-02,4.395947588385e-03,3.395110362372e-03,4.537949163008e-01,3.504782056082e-01,1.455628838183e-02,13,13,1,1.956204361833e-02,2.942483028347e-02,4.411865859611e-03,3.476899487438e-03,2.017752868397e-03,1.590148961266e-03,2.524398598835e-03,1.989425896814e-03,1.784019866229e-03,1.405948856074e-03,3.330669073875e-16,1.110223024625e-16,2.220446049250e-16,0.000000000000e+00,2.220446049250e-16,5.193538311582e-01,8.762169680111e-01,5.255105801686e-01,8.662952646240e-01
logreg,iid,fullbatch,fedavg,0,9.775000000000e-01,43,16,1.535876068742e-03,3.615874451519e-02,7.804062282709e-02,4.343477186355e-03,3.324447821615e-03,4.619943374524e-01,3.536051883884e-01,1.436429275451e-02,13,13,1,1.932355431255e-02,2.825279130815e-02,4.363763416251e-03,3.414490972348e-03,1.995650061414e-03,1.561525790625e-03,2.506204165732e-03,1.961016371072e-03,1.773267986125e-03,1.387519659665e-03,4.440892098501e-16,1.110223024625e-16,2.220446049250e-16,0.000000000000e+00,2.220446049250e-16,5.143167472866e-01,8.776077885953e-01,5.203309154756e-01,8.690807799443e-01
logreg,iid,fullbatch,fedavg,0,9.775000000000e-01,44,16,1.531231220613e-03,3.599569133279e-02,7.809047373187e-02,4.293160400925e-03,3.256686972999e-03,4.701806570015e-01,3.566676009317e-01,1.417870699620e-02,13,13,1,1.909463701080e-02,2.707066618621e-02,4.316991220830e-03,3.354582057541e-03,1.974029945004e-03,1.533949247478e-03,2.488573133798e-03,1.933782664009e-03,1.762795735441e-03,1.369806571922e-03,2.220446049250e-16,1.110223024625e-16,2.220446049250e-16,0.000000000000e+00,2.220446049250e-16,5.094835272182e-01,8.776077885953e-01,5.153605786758e-01,8.718662952646e-01
logreg,iid,fullbatch,fedavg,0,9.775000000000e-01,45,16,1.526739804815e-03,3.583712963095e-02,7.813872018136e-02,4.244857464214e-03,3.191649649678e-03,4.783544475093e-01,3.596680966761e-01,1.399918490716e-02,13,13,1,1.887471181223e-02,2.588102920883e-02,4.271488420776e-03,3.297016672977e-03,1.952874162296e-03,1.507357164308e-03,2.471478334757e-03,1.907650091467e-03,1.752592223849e-03,1.352766346001e-03,3.330669073875e-16,1.110223024625e-16,2.220446049250e-16,0.000000000000e+00,4.440892098501e-16,5.048416726548e-01,8.796940194715e-01,5.105867779899e-01,8.718662952646e-01
logreg,iid,fullbatch,fedavg,0,9.775000000000e-01,46,16,1.522393025252e-03,3.568283561008e-02,7.818530339530e-02,4.198440542431e-03,3.129172194171e-03,4.865162192376e-01,3.626091663954e-01,1.382540650445e-02,13,13,1,1.866324360402e-02,2.468626803323e-02,4.227197890280e-03,3.241651724227e-03,1.932165461113e-03,1.481692520928e-03,2.454894282876e-03,1.882550212087e-03,1.742647098796e-03,1.336359242968e-03,3.330669073875e-16,1.110223024625e-16,2.220446049250e-16,0.000000000000e+00,2.220446049250e-16,5.003796914478e-01,8.803894297636e-01,5.059977463030e-01,8.802228412256e-01
logreg,iid,fullbatch,fedavg,0,9.775000000000e-01,47,16,1.518182705022e-03,3.553260068395e-02,7.823017563878e-02,4.153792484178e-03,3.069103996022e-03,4.946664260937e-01,3.654931513321e-01,1.365707554209e-02,13,13,1,1.845973785939e-02,2.348859578149e-02,4.184065935567e-03,3.188355749028e-03,1.911887591067e-03,1.456902899320e-03,2.438797036950e-03,1.858420176263e-03,1.732950514432e-03,1.320548676947e-03,2.220446049250e-16,1.110223024625e-16,2.220446049250e-16,0.000000000000e+00,2.220446049250e-16,4.960869986624e-01,8.817802503477e-01,5.015826410649e-01,8.830083565460e-01
logreg,iid,fullbatch,fedavg,0,9.775000000000e-01,48,16,1.514101234138e-03,3.538623016553e-02,7.827329901255e-02,4.110805723691e-03,3.011306203345e-03,5.028054710797e-01,3.683222550295e-01,1.349391730529e-02,13,13,1,1.826373690349e-02,2.229006215987e-02,4.142042031095e-03,3.137007740732e-03,1.892025214219e-03,1.432940008360e-03,2.423164078339e-03,1.835202157232e-03,1.724032504759e-03,1.305709423541e-03,2.220446049250e-16,1.110223024625e-16,2.220446049250e-16,0.000000000000e+00,2.220446049250e-16,4.919538290052e-01,8.831710709318e-01,4.973314555847e-01,8.830083565460e-01
logreg,iid,fullbatch,fedavg,0,9.775000000000e-01,49,16,1.510141522498e-03,3.524354209002e-02,7.831464436739e-02,4.069381317051e-03,2.955650584719e-03,5.109337112802e-01,3.710985540161e-01,1.333567664458e-02,13,13,1,1.807481658701e-02,2.109256372017e-02,4.101078582566e-03,3.087496114599e-03,1.872563827182e-03,1.409759268047e-03,2.407974202645e-03,1.812842852201e-03,1.717597875466e-03,1.293093185166e-03,2.220446049250e-16,1.110223024625e-16,2.220446049250e-16,0.000000000000e+00,2.220446049250e-16,4.879711591351e-01,8.838664812239e-01,4.932349402523e-01,8.830083565460e-01
logreg,iid,fullbatch,fedavg,0,9.775000000000e-01,50,16,1.506296957504e-03,3.510436615878e-02,7.835419033049e-02,4.029428092909e-03,2.902018521410e-03,5.190514624189e-01,3.738240074702e-01,1.318211622021e-02,13,13,1,1.789258331604e-02,1.989785336433e-02,4.061130713231e-03,3.035853037120e-03,1.853489692880e-03,1.385555578172e-03,2.393207423001e-03,1.789015556654e-03,1.711339308515e-03,1.279292641424e-03,4.440892098501e-16,1.110223024625e-16,2.220446049250e-16,0.000000000000e+00,2.220446049250e-16,4.841306385930e-01,8.845618915160e-01,4.892845324311e-01,8.830083565460e-01
logreg,iid,fullbatch,fedavg,1,9.775000000000e-01,1,16,2.255122436305e-03,5.734771719067e-02,6.271603959653e-02,7.593340024465e-02,2.819870226807e-02,7.997256096636e-02,2.969868897006e-02,5.069978428361e-02,8,8,1,7.402207118374e-02,6.010682787576e-02,9.506982132837e-03,8.843964341171e-02,5.725687276549e-03,5.326377329310e-02,2.831345989504e-03,2.633887664751e-02,2.201270704539e-03,2.047753887005e-02,2.081668171172e-17,1.387778780781e-17,1.387778780781e-17,0.000000000000e+00,1.387778780781e-17,2.056234963333e+00,3.838664812239e-01,2.048669830595e+00,3.955431754875e-01
logreg,iid,fullbatch,fedavg,1,9.775000000000e-01,2,16,2.146029633611e-03,5.449908697416e-02,6.226914007028e-02,4.041530728191e-02,2.465121260036e-02,8.705574319619e-02,5.309942637926e-02,4.854265015529e-02,8,8,1,6.373858775865e-02,8.317303575716e-02,9.107119322216e-03,4.919405812919e-02,5.504007327502e-03,2.973107596736e-02,2.631162470067e-03,1.421278836043e-02,2.270402634344e-03,1.226406673932e-02,5.551115123126e-17,2.775557561563e-17,2.775557561563e-17,0.000000000000e+00,2.775557561563e-17,1.834246759251e+00,5.591098748261e-01,1.823255803296e+00,5.376044568245e-01
logreg,iid,fullbatch,fedavg,1,9.775000000000e-01,3,16,2.042724346287e-03,5.180042511304e-02,6.067613400617e-02,2.729467832661e-02,2.228766535528e-02,9.165268383766e-02,7.483965635512e-02,4.566945089596e-02,8,8,1,5.592783206148e-02,9.205127441021e-02,8.698733917197e-03,3.395957405533e-02,5.260300676856e-03,2.053604261143e-02,2.466109186081e-03,9.627609986745e-03,2.245008334658e-03,8.764439459970e-03,5.551115123126e-17,2.775557561563e-17,5.551115123126e-17,0.000000000000e+00,5.551115123126e-17,1.648020971188e+00,6.995827538248e-01,1.635328925464e+00,6.852367688022e-01
logreg,iid,fullbatch,fedavg,1,9.775000000000e-01,4,16,1.950097263925e-03,4.936843483005e-02,5.885667103516e-02,2.060006835494e-02,2.016434328214e-02,9.671017977818e-02,9.466460160834e-02,4.141157291479e-02,8,8,1,4.958416867302e-02,9.833354520529e-02,8.297083745054e-03,2.590818854629e-02,5.018449538953e-03,1.567043805515e-02,2.318493549879e-03,7.239648276351e-03,2.196602484698e-03,6.859035425398e-03,8.326672684689e-17,2.775557561563e-17,5.551115123126e-17,0.000000000000e+00,5.551115123126e-17,1.493850916311e+00,7.489568845619e-01,1.480686894188e+00,7.353760445682e-01
logreg,iid,fullbatch,fedavg,1,9.775000000000e-01,5,16,1.870091147427e-03,4.725102802470e-02,5.700063241712e-02,1.659603863706e-02,1.827623766875e-02,1.023236391057e-01,1.126829834712e-01,3.787903628629e-02,8,8,1,4.448083531070e-02,1.029423040131e-01,7.909363643000e-03,2.093726949095e-02,4.811793294360e-03,1.273753711247e-02,2.214874170616e-03,5.863103467213e-03,2.141869408440e-03,5.669848933878e-03,1.110223024625e-16,2.775557561563e-17,8.326672684689e-17,0.000000000000e+00,1.110223024625e-16,1.366424187552e+00,7.802503477051e-01,1.353602287093e+00,7.576601671309e-01
logreg,iid,fullbatch,fedavg,1,9.775000000000e-01,6,16,1.802391879882e-03,4.544053195662e-02,5.518536093259e-02,1.396376285058e-02,1.661546018413e-02,1.084767957016e-01,1.290763742673e-01,3.490819074896e-02,8,8,1,4.039696548323e-02,1.062036534385e-01,7.543402706150e-03,1.757048978744e-02,3.295081101003e-03,7.675075968935e-03,2.160401677485e-03,5.032121058589e-03,2.087580458277e-03,4.862502049999e-03,1.387778780781e-16,5.551115123126e-17,5.551115123126e-17,0.000000000000e+00,5.551115123126e-17,1.260794279484e+00,8.080667593880e-01,1.248808109204e+00,7.715877437326e-01
logreg,iid,fullbatch,fedavg,1,9.775000000000e-01,7,16,1.745707027969e-03,4.390478547475e-02,5.345366584847e-02,1.212005387480e-02,1.516411028402e-02,1.151209662336e-01,1.440345930804e-01,3.237757918674e-02,8,8,1,3.712610871312e-02,1.082672754552e-01,7.203709482663e-03,1.514527514006e-02,3.124182360619e-03,6.568366138750e-03,2.109079005704e-03,4.434185180621e-03,2.037224984124e-03,4.283117327403e-03,1.665334536938e-16,5.551115123126e-17,1.110223024625e-16,0.000000000000e+00,1.110223024625e-16,1.172758789826e+00,8.191933240612e-01,1.161871209825e+00,7.910863509749e-01
logreg,iid,fullbatch,fedavg,1,9.775000000000e-01,8,16,1.698443422505e-03,4.260400396622e-02,5.261133790723e-02,1.076770531858e-02,1.389929659830e-02,1.221963579591e-01,1.577349465140e-01,3.019842606139e-02,8,8,1,3.449233577228e-02,1.054929534374e-01,6.891674415665e-03,1.331921912708e-02,2.976242289769e-03,5.752045271120e-03,2.047186077027e-03,3.956501469637e-03,1.992553440839e-03,3.850915510552e-03,1.110223024625e-16,5.551115123126e-17,1.110223024625e-16,0.000000000000e+00,1.110223024625e-16,1.098887188514e+00,8.310152990264e-01,1.089206170426e+00,8.050139275766e-01
logreg,iid,fullbatch,fedavg,1,9.775000000000e-01,9,16,1.659045942661e-03,4.149938044156e-02,5.241243349544e-02,9.739874593558e-03,1.279707636545e-02,1.296425757949e-01,1.703354521380e-01,2.830494056096e-02,8,8,1,3.235454886485e-02,9.389816189969e-02,6.606607015981e-03,1.189725072121e-02,2.846737212911e-03,5.126435744926e-03,1.993266617391e-03,3.589496491006e-03,1.954141282295e-03,3.519039156393e-03,1.110223024625e-16,5.551115123126e-17,1.110223024625e-16,0.000000000000e+00,1.110223024625e-16,1.036434405636e+00,8.351877607789e-01,1.027971072491e+00,8.022284122563e-01
logreg,iid,fullbatch,fedavg,1,9.775000000000e-01,10,16,1.626135546591e-03,4.055663717812e-02,5.238241034337e-02,8.936101376268e-03,1.183475494329e-02,1.374033982439e-01,1.819737129337e-01,2.664710599495e-02,8,8,1,3.048699910027e-02,8.664554650535e-02,6.346691496631e-03,1.076008066744e-02,2.732281372730e-03,4.632266747538e-03,1.947060797377e-03,3.301016168079e-03,1.921795972181e-03,3.258182581902e-03,2.220446049250e-16,5.551115123126e-17,1.110223024625e-16,0.000000000000e+00,1.110223024625e-16,9.832247942122e-01,8.414464534075e-01,9.759340727141e-01,7.994428969359e-01
logreg,iid,fullbatch,fedavg,1,9.775000000000e-01,11,16,1.598545921682e-03,3.974694819111e-02,5.247985765425e-02,8.292582947697e-03,1.099195701552e-02,1.454286911262e-01,1.927681558044e-01,2.518594840285e-02,8,8,1,2.887196273090e-02,7.986135331586e-02,6.109649930022e-03,9.830756488863e-03,2.003815749298e-03,3.224247691033e-03,1.907836138731e-03,3.069811317398e-03,1.894904497660e-03,3.049003608964e-03,1.665334536938e-16,5.551115123126e-17,1.665334536938e-16,0.000000000000e+00,2.220446049250e-16,9.375399389249e-01,8.463143254520e-01,9.313471432662e-01,8.077994428969e-01
logreg,iid,fullbatch,fedavg,1,9.775000000000e-01,12,16,1.575315427144e-03,3.904668762298e-02,5.267199564756e-02,7.767055982233e-03,1.025095813134e-02,1.536749450111e-01,2.028201458503e-01,2.389048545693e-02,8,8,1,2.750044903180e-02,7.330179321080e-02,5.893132878356e-03,9.057515032595e-03,1.943465792123e-03,2.987031005552e-03,1.874677783095e-03,2.881306522719e-03,1.872690216253e-03,2.878251710123e-03,1.665334536938e-16,5.551115123126e-17,1.110223024625e-16,0.000000000000e+00,1.110223024625e-16,8.980219043388e-01,8.470097357441e-01,8.928392347606e-01,8.105849582173e-01
logreg,iid,fullbatch,fedavg,1,9.775000000000e-01,13,16,1.555662008289e-03,3.843674279417e-02,5.293343886307e-02,7.330549438577e-03,9.596626916405e-03,1.621050835716e-01,2.122162903782e-01,2.273570731182e-02,8,8,1,2.632520741523e-02,6.758521375642e-02,5.694918706766e-03,8.404334320879e-03,1.888885519778e-03,2.787542056258e-03,1.846663747709e-03,2.725232845827e-03,1.854370644289e-03,2.736606377000e-03,2.220446049250e-16,5.551115123126e-17,2.220446049250e-16,0.000000000000e+00,1.110223024625e-16,8.635942543597e-01,8.490959666203e-01,8.593305936424e-01,8.133704735376e-01
logreg,iid,fullbatch,fedavg,1,9.775000000000e-01,14,16,1.538953892045e-03,3.790173558120e-02,5.324473014079e-02,6.962627330044e-03,9.016187391430e-03,1.706878778394e-01,2.210306281085e-01,2.170118727615e-02,8,8,1,2.530964984298e-02,6.262308512872e-02,5.512997230481e-03,7.845423850658e-03,1.839259310731e-03,2.617409053676e-03,1.822952523674e-03,2.594203227380e-03,1.839236843147e-03,2.617377080557e-03,1.665334536938e-16,5.551115123126e-17,1.665334536938e-16,0.000000000000e+00,1.110223024625e-16,8.333995087055e-01,8.511821974965e-01,8.299659716781e-01,8.105849582173e-01
logreg,iid,fullbatch,fedavg,1,9.775000000000e-01,15,16,1.524681751932e-03,3.742929915346e-02,5.359102539789e-02,6.648517293138e-03,8.498916758475e-03,1.793971861663e-01,2.293265828616e-01,2.077008802350e-02,8,8,1,2.442525205546e-02,5.818075964500e-02,5.345590602616e-03,7.361862607429e-03,1.793906073053e-03,2.470538996007e-03,1.802815708777e-03,2.482809205036e-03,1.826679428608e-03,2.515673941556e-03,2.220446049250e-16,5.551115123126e-17,1.110223024625e-16,0.000000000000e+00,1.110223024625e-16,8.067504759522e-01,8.553546592490e-01,8.040633505888e-01,8.105849582173e-01
logreg,iid,fullbatch,fedavg,1,9.775000000000e-01,16,16,1.512434547091e-03,3.700946185464e-02,5.396102320992e-02,6.377311352340e-03,8.035838568368e-03,1.882111660436e-01,2.371586493948e-01,1.992842656550e-02,8,8,1,2.364959274097e-02,5.086722781418e-02,5.191143650786e-03,6.939470348902e-03,1.773446580364e-03,2.370726142001e-03,1.785641086009e-03,2.387027638556e-03,1.814453266509e-03,2.425543481252e-03,2.220446049250e-16,5.551115123126e-17,1.110223024625e-16,0.000000000000e+00,1.110223024625e-16,7.830927426982e-01,8.553546592490e-01,7.810748664965e-01,8.133704735376e-01
logreg,iid,fullbatch,fedavg,1,9.775000000000e-01,17,16,1.501879535139e-03,3.663414562656e-02,5.434612945279e-02,6.140802532889e-03,7.619439802285e-03,1.971115428576e-01,2.445738202939e-01,1.916451592884e-02,8,8,1,2.296488819064e-02,4.412809771741e-02,5.048301577357e-03,6.567417516179e-03,1.761250839768e-03,2.291239823579e-03,1.770922207978e-03,2.303821463565e-03,1.803963947117e-03,2.346805998674e-03,2.220446049250e-16,1.110223024625e-16,1.110223024625e-16,0.000000000000e+00,2.220446049250e-16,7.619758788702e-01,8.560500695410e-01,7.605570978610e-01,8.217270194986e-01
logreg,iid,fullbatch,fedavg,1,9.775000000000e-01,18,16,1.492746183478e-03,3.629676775539e-02,5.473981746302e-02,5.932712089756e-03,7.243423116131e-03,2.060829747959e-01,2.516127802755e-01,1.846853236933e-02,8,8,1,2.235690091126e-02,3.791302045465e-02,4.915884245649e-03,6.237293212620e-03,1.749387195756e-03,2.219629335656e-03,1.758243344913e-03,2.230866052443e-03,1.794892915953e-03,2.277367171930e-03,2.220446049250e-16,5.551115123126e-17,1.665334536938e-16,0.000000000000e+00,2.220446049250e-16,7.430313402604e-01,8.581363004172e-01,7.421484459342e-01,8.217270194986e-01
logreg,iid,fullbatch,fedavg,1,9.775000000000e-01,19,16,1.484813415235e-03,3.599192882337e-02,5.513714159364e-02,5.748164002554e-03,6.902496378121e-03,2.151125236286e-01,2.583108997195e-01,1.783217480400e-02,8,8,1,2.181412599874e-02,3.217489465802e-02,4.792861385782e-03,5.942465735910e-03,1.737882320070e-03,2.154726646319e-03,1.747264138395e-03,2.166358765308e-03,1.786984414626e-03,2.215606252671e-03,2.220446049250e-16,1.110223024625e-16,1.110223024625e-16,0.000000000000e+00,2.220446049250e-16,7.259554713397e-01,8.588317107093e-01,7.255518543540e-01,8.245125348189e-01
logreg,iid,fullbatch,fedavg,1,9.775000000000e-01,20,16,1.477899576824e-03,3.571516966403e-02,5.553436800059e-02,5.583320103563e-03,6.592197182562e-03,2.241892249117e-01,2.646990588773e-01,1.724839380250e-02,8,8,1,2.132718220916e-02,2.687001372440e-02,4.678330467389e-03,5.677634745669e-03,1.726749611062e-03,2.095588085787e-03,1.737705796566e-03,2.108884542703e-03,1.780032932533e-03,2.160252871539e-03,2.220446049250e-16,1.110223024625e-16,2.220446049250e-16,0.000000000000e+00,2.220446049250e-16,7.104963779095e-01,8.616133518776e-01,7.105215415581e-01,8.245125348189e-01
logreg,iid,fullbatch,fedavg,1,9.775000000000e-01,21,16,1.471854568922e-03,3.546278230549e-02,5.592869401235e-02,5.435121964833e-03,6.308748173755e-03,2.333037440051e-01,2.708043312451e-01,1.671117410853e-02,8,8,1,2.088835352481e-02,2.195813403947e-02,4.571497701097e-03,5.438511782274e-03,1.715993128407e-03,2.041442314387e-03,1.729339399127e-03,2.057319791597e-03,1.773872826775e-03,2.110299271584e-03,2.220446049250e-16,1.110223024625e-16,2.220446049250e-16,0.000000000000e+00,2.220446049250e-16,6.964437356644e-01,8.616133518776e-01,6.968527536385e-01,8.272980501393e-01
logreg,iid,fullbatch,fedavg,1,9.775000000000e-01,22,16,1.466553672143e-03,3.523166264717e-02,5.631803419274e-02,5.301105196500e-03,6.048938544770e-03,2.424481024710e-01,2.766505507402e-01,1.621535896948e-02,8,8,1,2.049124151620e-02,1.740245377997e-02,4.471662043882e-03,5.221588474193e-03,1.705610434321e-03,1.991652253216e-03,1.721976298880e-03,2.010762778320e-03,1.768369990458e-03,2.064936989798e-03,2.220446049250e-16,1.110223024625e-16,2.220446049250e-16,0.000000000000e+00,2.220446049250e-16,6.836208312564e-01,8.616133518776e-01,6.843737986787e-01,8.300835654596e-01
logreg,iid,fullbatch,fedavg,1,9.775000000000e-01,23,16,1.461892690401e-03,3.501919522401e-02,5.670085664049e-02,5.179263768881e-03,5.810027286817e-03,2.516154603469e-01,2.822587834171e-01,1.575650747561e-02,8,8,1,2.013049959415e-02,1.316951248571e-02,4.378201854644e-03,5.019510717194e-03,1.695594643204e-03,1.943961417529e-03,1.715460376852e-03,1.966737037808e-03,1.763415273777e-03,2.021716256914e-03,2.220446049250e-16,1.110223024625e-16,2.220446049250e-16,0.000000000000e+00,2.220446049250e-16,6.718783076327e-01,8.616133518776e-01,6.729398127605e-01,8.328690807799e-01
logreg,iid,fullbatch,fedavg,1,9.775000000000e-01,24,16,1.457784116051e-03,3.482316261412e-02,5.707605723410e-02,5.067949474802e-03,5.589664267114e-03,2.607999418906e-01,2.876477208976e-01,1.533077817254e-02,8,8,1,1.980162813250e-02,9.229029910265e-03,4.290563790837e-03,4.815372895895e-03,1.685935898652e-03,1.892154603999e-03,1.709661846491e-03,1.918782639783e-03,1.758919332052e-03,1.974065155660e-03,3.330669073875e-16,1.110223024625e-16,2.220446049250e-16,0.000000000000e+00,2.220446049250e-16,6.610892168741e-01,8.623087621697e-01,6.624278477946e-01,8.328690807799e-01
logreg,iid,fullbatch,fedavg,1,9.775000000000e-01,25,16,1.454154087570e-03,3.464167380552e-02,5.744286265027e-02,4.965796457890e-03,5.385825800438e-03,2.699964947719e-01,2.928340095897e-01,1.493483371520e-02,8,8,1,1.950081514757e-02,5.553703903735e-03,4.208253558574e-03,4.628682386629e-03,1.676622436098e-03,1.844126697922e-03,1.704472314210e-03,1.874758939657e-03,1.754808604339e-03,1.930124115801e-03,3.330669073875e-16,1.110223024625e-16,2.220446049250e-16,0.000000000000e+00,2.220446049250e-16,6.511450817730e-01,8.636995827538e-01,6.527329745584e-01,8.328690807799e-01
logreg,iid,fullbatch,fedavg,1,9.775000000000e-01,26,16,1.450939963417e-03,3.447310720007e-02,5.780075529920e-02,4.871663874930e-03,5.196761949765e-03,2.792007749138e-01,2.978325271749e-01,1.456576245630e-02,8,8,1,1.922481133339e-02,2.118984873866e-03,4.130828178927e-03,4.457356709093e-03,1.667641345293e-03,1.799462968884e-03,1.699800842415e-03,1.834164569641e-03,1.751022174438e-03,1.889434781339e-03,3.330669073875e-16,1.110223024625e-16,2.220446049250e-16,0.000000000000e+00,2.220446049250e-16,6.419527403289e-01,8.630041724618e-01,6.437651704593e-01,8.328690807799e-01
logreg,iid,fullbatch,fedavg,1,9.775000000000e-01,27,16,1.448088376724e-03,3.431606497191e-02,5.814941503150e-02,4.784591849768e-03,5.020953300186e-03,2.884090510602e-01,3.026566156932e-01,1.422101372085e-02,15,15,1,1.895004000495e-02,1.095956678288e-03,2.231888619010e-03,2.364846861519e-03,1.658979115066e-03,1.757807948020e-03,1.695570805725e-03,1.796579481722e-03,1.747509315279e-03,1.851612076210e-03,2.220446049250e-16,1.110223024625e-16,2.220446049250e-16,0.000000000000e+00,2.220446049250e-16,6.334318016523e-01,8.636995827538e-01,6.354468178244e-01,8.328690807799e-01
logreg,iid,fullbatch,fedavg,1,9.775000000000e-01,28,16,1.445553666904e-03,3.416933628215e-02,5.848867373849e-02,4.703767288189e-03,4.857075383347e-03,2.976181246558e-01,3.073182788046e-01,1.389834418184e-02,15,15,1,1.865969942605e-02,4.034056002546e-03,2.178576661939e-03,2.268634312785e-03,1.650622019927e-03,1.718855166892e-03,1.691717372471e-03,1.761649312494e-03,1.744227560829e-03,1.816330158554e-03,3.330669073875e-16,1.110223024625e-16,2.220446049250e-16,0.000000000000e+00,2.220446049250e-16,6.255125823107e-01,8.630041724618e-01,6.277106802740e-01,8.328690807799e-01
logreg,iid,fullbatch,fedavg,1,9.775000000000e-01,29,16,1.443296608200e-03,3.403186744199e-02,5.881847990787e-02,4.628497091535e-03,4.703969288149e-03,3.068252617711e-01,3.118283493878e-01,1.359577327092e-02,15,15,1,1.839182654231e-02,6.131942816000e-03,2.128157108573e-03,2.179700879876e-03,1.642556391641e-03,1.682338957816e-03,1.688185478848e-03,1.729073177359e-03,1.741141185059e-03,1.783311465951e-03,2.220446049250e-16,1.110223024625e-16,2.220446049250e-16,0.000000000000e+00,2.220446049250e-16,6.181344225439e-01,8.630041724618e-01,6.204982558697e-01,8.328690807799e-01
logreg,iid,fullbatch,fedavg,1,9.775000000000e-01,30,16,1.441283373429e-03,3.390273756117e-02,5.913887089800e-02,4.558186980289e-03,4.560617284835e-03,3.160281346610e-01,3.161966324904e-01,1.331154596652e-02,15,15,1,1.814401180041e-02,8.070397349008e-03,2.080380060461e-03,2.097253299618e-03,1.634768807067e-03,1.648027848322e-03,1.684928191750e-03,1.698594058330e-03,1.738219995575e-03,1.752318093442e-03,2.220446049250e-16,1.110223024625e-16,1.110223024625e-16,0.000000000000e+00,4.440892098501e-16,6.112443046503e-01,8.630041724618e-01,6.137584290574e-01,8.328690807799e-01
logreg,iid,fullbatch,fedavg,1,9.775000000000e-01,31,16,1.439484685024e-03,3.378113855359e-02,5.944995121913e-02,4.492324613282e-03,4.426122523906e-03,3.252247711736e-01,3.204320277230e-01,1.304410162459e-02,15,15,1,1.791416268853e-02,9.864678060100e-03,2.057719113488e-03,2.043142733123e-03,1.628703895491e-03,1.617166554302e-03,1.681905379112e-03,1.669991171588e-03,1.735438371210e-03,1.723144949026e-03,3.330669073875e-16,1.110223024625e-16,2.220446049250e-16,0.000000000000e+00,2.220446049250e-16,6.047957131665e-01,8.630041724618e-01,6.074463610110e-01,8.328690807799e-01
logreg,iid,fullbatch,fedavg,1,9.775000000000e-01,32,16,1.437875116034e-03,3.366635862500e-02,5.975187550569e-02,4.430466026416e-03,4.299692058372e-03,3.344135106685e-01,3.245426344454e-01,1.279204777485e-02,15,15,1,1.770045459442e-02,1.152827672625e-02,2.042660317120e-03,1.998854447258e-03,1.625315878142e-03,1.590460168044e-03,1.679082624444e-03,1.643073859640e-03,1.732774489557e-03,1.695614275911e-03,2.220446049250e-16,1.110223024625e-16,2.220446049250e-16,0.000000000000e+00,2.220446049250e-16,5.987476896389e-01,8.630041724618e-01,6.015225713147e-01,8.328690807799e-01
logreg,iid,fullbatch,fedavg,1,9.775000000000e-01,33,16,1.436432511841e-03,3.355776856088e-02,6.004483516325e-02,4.372224658781e-03,4.180622586598e-03,3.435929654224e-01,3.285358424929e-01,1.255413800979e-02,15,15,1,1.750129035808e-02,1.307314414910e-02,2.028006451066e-03,1.956931133185e-03,1.622106873154e-03,1.565257072906e-03,1.676430336075e-03,1.617676667428e-03,1.730209703050e-03,1.669571234874e-03,2.220446049250e-16,1.110223024625e-16,2.220446049250e-16,0.000000000000e+00,2.220446049250e-16,5.930640448706e-01,8.630041724618e-01,5.959521740888e-01,8.328690807799e-01
logreg,iid,fullbatch,fedavg,1,9.775000000000e-01,34,16,1.435137509552e-03,3.345481027883e-02,6.032904790194e-02,4.317262411843e-03,4.068288431164e-03,3.527619867260e-01,3.324184107075e-01,1.232925325821e-02,15,15,1,1.731526680027e-02,1.450988643758e-02,2.013744620492e-03,1.917181886275e-03,1.619052392208e-03,1.541415871548e-03,1.673923012412e-03,1.593655345250e-03,1.727728031864e-03,1.644880315703e-03,2.220446049250e-16,1.110223024625e-16,2.220446049250e-16,0.000000000000e+00,2.220446049250e-16,5.877126992918e-01,8.630041724618e-01,5.907042394653e-01,8.272980501393e-01
logreg,iid,fullbatch,fedavg,1,9.775000000000e-01,35,16,1.433973136818e-03,3.335698722322e-02,6.060474954241e-02,4.265282318282e-03,3.962131362910e-03,3.619196350333e-01,3.361965351442e-01,1.211638586656e-02,15,15,1,1.714114688208e-02,1.584793546127e-02,1.999861856517e-03,1.879436165221e-03,1.616131176946e-03,1.518812597877e-03,1.671538632798e-03,1.570883582687e-03,1.725315749178e-03,1.621422402184e-03,3.330669073875e-16,1.110223024625e-16,2.220446049250e-16,0.000000000000e+00,2.220446049250e-16,5.826651281105e-01,8.616133518776e-01,5.857512573399e-01,8.272980501393e-01
logreg,iid,fullbatch,fedavg,1,9.775000000000e-01,36,16,1.432924475562e-03,3.326385626670e-02,6.087218761473e-02,4.216022494396e-03,3.861651953876e-03,3.710651536382e-01,3.398759085054e-01,1.191462601723e-02,15,15,1,1.697783643635e-02,1.709569673459e-02,1.986345262681e-03,1.843541120540e-03,1.613324747165e-03,1.497338135550e-03,1.669258150017e-03,1.549250323279e-03,1.722961039890e-03,1.599092356098e-03,3.330669073875e-16,1.110223024625e-16,2.220446049250e-16,0.000000000000e+00,2.220446049250e-16,5.778958925765e-01,8.623087621697e-01,5.810686849989e-01,8.300835654596e-01
logreg,iid,fullbatch,fedavg,1,9.775000000000e-01,37,16,1.431978378987e-03,3.317502085063e-02,6.113161637404e-02,4.169251122907e-03,3.766402202221e-03,3.801979454406e-01,3.434617720961e-01,1.172315009829e-02,15,15,1,1.682436463096e-02,1.826067765213e-02,1.973182123263e-03,1.809359334787e-03,1.610617018265e-03,1.476896076853e-03,1.667546052668e-03,1.529098597139e-03,1.720653718104e-03,1.577797016344e-03,4.440892098501e-16,1.110223024625e-16,2.220446049250e-16,0.000000000000e+00,2.220446049250e-16,5.733822423578e-01,8.630041724618e-01,5.766345638666e-01,8.300835654596e-01
logreg,iid,fullbatch,fedavg,1,9.775000000000e-01,38,16,1.431123232524e-03,3.309012514969e-02,6.138329293721e-02,4.124762268239e-03,3.675979219576e-03,3.893175524233e-01,3.469589613791e-01,1.154121070826e-02,15,15,1,1.667986749432e-02,1.934959866494e-02,1.960359982035e-03,1.776766902077e-03,1.607993976268e-03,1.457400937560e-03,1.665912752892e-03,1.509895462167e-03,1.718384991928e-03,1.557453532343e-03,2.220446049250e-16,1.110223024625e-16,2.220446049250e-16,0.000000000000e+00,2.220446049250e-16,5.691037769063e-01,8.630041724618e-01,5.724291934843e-01,8.300835654596e-01
logreg,iid,fullbatch,fedavg,1,9.775000000000e-01,39,16,1.430348751155e-03,3.300884908689e-02,6.162747430720e-02,4.082372368374e-03,3.590019809263e-03,3.984236375142e-01,3.503719460369e-01,1.136812803534e-02,15,15,1,1.654357396555e-02,2.036848967744e-02,1.947866698159e-03,1.745651788784e-03,1.605443400852e-03,1.438776661225e-03,1.664324442607e-03,1.491545054443e-03,1.716147266565e-03,1.537987968339e-03,2.220446049250e-16,1.110223024625e-16,2.220446049250e-16,0.000000000000e+00,2.220446049250e-16,5.650421559738e-01,8.630041724618e-01,5.684348530878e-01,8.328690807799e-01
logreg,iid,fullbatch,fedavg,1,9.775000000000e-01,40,16,1.429645806985e-03,3.293090405833e-02,6.186441510079e-02,4.041917279723e-03,3.508195794341e-03,4.075159685475e-01,3.537048653018e-01,1.120328239598e-02,15,15,1,1.641479403609e-02,2.132277365949e-02,1.935690484460e-03,1.715912428412e-03,1.602954628614e-03,1.420955360116e-03,1.662770485020e-03,1.473979731650e-03,1.713933978628e-03,1.519334128579e-03,4.440892098501e-16,1.110223024625e-16,2.220446049250e-16,0.000000000000e+00,2.220446049250e-16,5.611808512501e-01,8.630041724618e-01,5.646355629455e-01,8.356545961003e-01
logreg,iid,fullbatch,fedavg,1,9.775000000000e-01,41,16,1.429006282064e-03,3.285602925269e-02,6.209436583342e-02,4.003249776453e-03,3.430209979055e-03,4.165944040713e-01,3.569615591985e-01,1.104610775452e-02,15,15,1,1.629290863133e-02,2.221733921058e-02,1.923819932146e-03,1.687456512461e-03,1.600518350109e-03,1.403876250618e-03,1.661241707819e-03,1.457139044975e-03,1.711739456016e-03,1.501432563633e-03,2.220446049250e-16,1.110223024625e-16,2.220446049250e-16,0.000000000000e+00,2.220446049250e-16,5.575049325464e-01,8.636995827538e-01,5.610168790460e-01,8.356545961003e-01
logreg,iid,fullbatch,fedavg,1,9.775000000000e-01,42,16,1.428422942343e-03,3.278398847155e-02,6.231757164536e-02,3.966237425184e-03,3.355792647209e-03,4.256588807807e-01,3.601455962452e-01,1.089608607605e-02,15,15,1,1.617736094595e-02,2.305660358393e-02,1.912244025165e-03,1.660199946042e-03,1.598126435398e-03,1.387484749279e-03,1.659730209756e-03,1.440968813822e-03,1.709558798877e-03,1.484229726070e-03,3.330669073875e-16,1.110223024625e-16,2.220446049250e-16,0.000000000000e+00,2.220446049250e-16,5.540008831109e-01,8.650904033380e-01,5.575657158711e-01,8.356545961003e-01
logreg,iid,fullbatch,fedavg,1,9.775000000000e-01,43,16,1.427889329421e-03,3.271456737275e-02,6.253427137691e-02,3.930760771233e-03,3.284698517226e-03,4.347094023797e-01,3.632602980753e-01,1.075274238905e-02,15,15,1,1.606764899869e-02,2.384456747486e-02,1.900952146702e-03,1.634065942607e-03,1.595771783691e-03,1.371731702151e-03,1.658229194374e-03,1.425420338047e-03,1.707387778040e-03,1.467677249930e-03,3.330669073875e-16,1.110223024625e-16,2.220446049250e-16,0.000000000000e+00,2.220446049250e-16,5.506564396010e-01,8.650904033380e-01,5.542701929089e-01,8.328690807799e-01
logreg,iid,fullbatch,fedavg,1,9.775000000000e-01,44,16,1.427399667272e-03,3.264757107300e-02,6.274469691912e-02,3.896711784637e-03,3.216704086877e-03,4.437460297002e-01,3.663087613767e-01,1.061564045480e-02,15,15,1,1.596331921382e-02,2.458486270062e-02,1.889934079733e-03,1.608984236606e-03,1.593448193465e-03,1.356572725275e-03,1.656732826696e-03,1.410449724679e-03,1.705222748008e-03,1.451731333314e-03,3.330669073875e-16,1.110223024625e-16,2.220446049250e-16,0.000000000000e+00,2.220446049250e-16,5.474604530011e-01,8.643949930459e-01,5.511195013104e-01,8.384401114206e-01
logreg,iid,fullbatch,fedavg,1,9.775000000000e-01,45,16,1.426948781673e-03,3.258282205620e-02,6.294907278171e-02,3.863992523742e-03,3.151605311560e-03,4.527688719266e-01,3.692938774869e-01,1.048437895727e-02,15,15,1,1.586396087030e-02,2.528079374325e-02,1.879180003184e-03,1.584890396502e-03,1.591150249995e-03,1.341967638191e-03,1.655236109392e-03,1.396017310356e-03,1.703060572144e-03,1.436352207281e-03,2.220446049250e-16,1.110223024625e-16,2.220446049250e-16,0.000000000000e+00,3.330669073875e-16,5.444027673906e-01,8.643949930459e-01,5.481037876955e-01,8.384401114206e-01
logreg,iid,fullbatch,fedavg,1,9.775000000000e-01,46,16,1.426532030389e-03,3.252015834323e-02,6.314761583130e-02,3.832513981771e-03,3.089215568898e-03,4.617780787948e-01,3.722183499326e-01,1.035858814073e-02,15,15,1,1.576920128673e-02,2.593537399280e-02,1.868680484844e-03,1.561725223507e-03,1.588873227776e-03,1.327879975682e-03,1.653734775552e-03,1.382087164134e-03,1.700898558131e-03,1.421503677276e-03,4.440892098501e-16,1.110223024625e-16,2.220446049250e-16,0.000000000000e+00,2.220446049250e-16,5.414741139772e-01,8.643949930459e-01,5.452140526103e-01,8.384401114206e-01
logreg,iid,fullbatch,fedavg,1,9.775000000000e-01,47,16,1.426145242536e-03,3.245943188601e-02,6.334053516278e-02,3.802195087888e-03,3.029363869857e-03,4.707738336508e-01,3.750847101662e-01,1.023792683397e-02,15,15,1,1.567870163227e-02,2.655135741156e-02,1.858426471974e-03,1.539434223799e-03,1.586613005672e-03,1.314276565519e-03,1.652225195620e-03,1.368626658045e-03,1.698734402105e-03,1.407152725804e-03,3.330669073875e-16,1.110223024625e-16,2.220446049250e-16,0.000000000000e+00,2.220446049250e-16,5.386660182229e-01,8.643949930459e-01,5.424420615413e-01,8.384401114206e-01
logreg,iid,fullbatch,fedavg,1,9.775000000000e-01,48,16,1.425784665770e-03,3.240050715439e-02,6.352803207403e-02,3.772961839227e-03,2.971893282680e-03,4.797563472685e-01,3.778953317117e-01,1.012207980917e-02,15,15,1,1.559215327199e-02,2.713126623964e-02,1.848409280302e-03,1.517967143917e-03,1.584365993023e-03,1.301127162138e-03,1.650704296487e-03,1.355606094978e-03,1.696566140178e-03,1.393269167017e-03,4.440892098501e-16,1.110223024625e-16,3.330669073875e-16,0.000000000000e+00,2.220446049250e-16,5.359707182356e-01,8.636995827538e-01,5.397802667250e-01,8.384401114206e-01
logreg,iid,fullbatch,fedavg,1,9.775000000000e-01,49,16,1.425446920177e-03,3.234325988968e-02,6.371030012018e-02,3.744746544340e-03,2.916659541025e-03,4.887258523414e-01,3.806524429087e-01,1.001075543162e-02,15,15,1,1.550927456958e-02,2.767741527535e-02,1.838620581956e-03,1.497277560680e-03,1.582129065156e-03,1.288404127859e-03,1.649169491015e-03,1.342998385251e-03,1.694392106234e-03,1.379825345455e-03,3.330669073875e-16,1.110223024625e-16,2.220446049250e-16,0.000000000000e+00,2.220446049250e-16,5.333810928808e-01,8.636995827538e-01,5.372217382667e-01,8.384401114206e-01
logreg,iid,fullbatch,fedavg,1,9.775000000000e-01,50,16,1.425128957916e-03,3.228757600234e-02,6.388752522852e-02,3.717487161764e-03,2.863529811967e-03,4.976825985749e-01,3.833581384152e-01,9.903683562728e-03,15,15,1,1.542980808306e-02,2.819193318968e-02,1.829052392761e-03,1.477322518268e-03,1.579899507033e-03,1.276082154659e-03,1.647618616558e-03,1.330778764672e-03,1.692210895131e-03,1.366795872512e-03,2.220446049250e-16,1.110223024625e-16,2.220446049250e-16,0.000000000000e+00,4.440892098501e-16,5.308905983032e-01,8.643949930459e-01,5.347601033097e-01,8.384401114206e-01
logreg,iid,fullbatch,fedavg,2,9.775000000000e-01,1,16,2.326650076110e-03,5.873388508671e-02,8.207895224845e-02,7.115562590169e-02,3.087832548924e-02,7.534897178672e-02,3.269804806896e-02,4.055609739303e-02,10,10,1,7.508905431298e-02,8.760879887952e-03,1.087294398821e-02,9.688923857443e-02,5.496148084009e-03,4.897639531015e-02,2.835509482731e-03,2.526733836303e-02,2.372630043620e-03,2.114260117539e-02,4.163336342344e-17,1.387778780781e-17,2.775557561563e-17,0.000000000000e+00,2.775557561563e-17,2.051049200829e+00,4.965229485396e-01,2.062706093375e+00,4.930362116992e-01
logreg,iid,fullbatch,fedavg,2,9.775000000000e-01,2,16,2.253080155174e-03,5.662187694256e-02,8.339880633862e-02,3.973685635973e-02,2.547053349976e-02,8.845830242213e-02,5.670001005560e-02,3.750293021489e-02,10,10,1,6.518075519895e-02,2.450386458132e-02,9.813675881638e-03,4.421390031113e-02,4.963990089727e-03,2.236443974915e-02,3.063036482440e-03,1.380000637043e-02,2.191905503568e-03,9.875269225827e-03,2.775557561563e-17,2.775557561563e-17,2.775557561563e-17,0.000000000000e+00,2.775557561563e-17,1.828449576612e+00,5.403337969402e-01,1.835748615601e+00,5.208913649025e-01
logreg,iid,fullbatch,fedavg,2,9.775000000000e-01,3,16,2.164443431697e-03,5.421659043259e-02,8.185814886355e-02,2.762419420595e-02,2.243960969421e-02,9.645637607748e-02,7.835317894018e-02,3.496863137252e-02,10,10,1,5.674912046590e-02,3.373245750072e-02,8.748231935626e-03,2.766021339125e-02,4.427728884001e-03,1.399962034286e-02,3.012733833917e-03,9.525680314648e-03,2.075772608271e-03,6.563190564559e-03,5.551115123126e-17,2.775557561563e-17,5.551115123126e-17,0.000000000000e+00,5.551115123126e-17,1.641538560964e+00,5.646731571627e-01,1.643225037585e+00,5.766016713092e-01
logreg,iid,fullbatch,fedavg,2,9.775000000000e-01,4,16,2.078706924920e-03,5.191110579679e-02,7.993189300598e-02,2.127513238444e-02,1.988873184924e-02,1.045168158873e-01,9.770594548402e-02,3.277581040799e-02,10,10,1,4.976286935224e-02,4.004180963893e-02,7.748648923893e-03,1.954725183641e-02,3.930743084209e-03,9.915951248523e-03,2.913857928473e-03,7.350689817386e-03,1.971947873940e-03,4.974565511843e-03,1.110223024625e-16,5.551115123126e-17,5.551115123126e-17,0.000000000000e+00,5.551115123126e-17,1.488084487218e+00,6.467315716273e-01,1.484551722979e+00,6.573816155989e-01
logreg,iid,fullbatch,fedavg,2,9.775000000000e-01,5,16,1.998977582048e-03,4.977545118064e-02,7.799620061044e-02,1.737570809857e-02,1.776458354212e-02,1.125260030615e-01,1.150443809661e-01,3.096578469135e-02,10,10,1,4.401470662582e-02,4.483487589449e-02,6.852984836296e-03,1.473959527433e-02,3.491078392474e-03,7.508710993129e-03,2.794213675711e-03,6.009874481534e-03,1.875015571581e-03,4.032836978100e-03,1.110223024625e-16,5.551115123126e-17,5.551115123126e-17,0.000000000000e+00,5.551115123126e-17,1.361849850240e+00,7.239221140473e-01,1.353822393349e+00,7.298050139276e-01
logreg,iid,fullbatch,fedavg,2,9.775000000000e-01,6,16,1.925736403756e-03,4.781737506817e-02,7.615156928523e-02,1.473707277705e-02,1.600067204770e-02,1.203534700302e-01,1.306729248670e-01,2.952978642474e-02,10,10,1,3.927679163830e-02,4.888365188842e-02,6.074000751825e-03,1.158673445203e-02,3.112241395145e-03,5.936896630336e-03,2.663796110664e-03,5.081444574953e-03,1.777687111388e-03,3.391107334365e-03,1.110223024625e-16,5.551115123126e-17,1.110223024625e-16,0.000000000000e+00,1.110223024625e-16,1.257135540653e+00,7.753824756606e-01,1.245351166817e+00,8.105849582173e-01
logreg,iid,fullbatch,fedavg,2,9.775000000000e-01,7,16,1.858910061883e-03,4.603072761405e-02,7.443478168529e-02,1.283269148867e-02,1.452756654534e-02,1.279574288014e-01,1.448573795703e-01,2.841740774591e-02,10,10,1,3.534976251415e-02,4.820503896786e-02,5.406703635148e-03,9.384637220443e-03,2.789316592302e-03,4.841531195005e-03,2.529344857144e-03,4.390287593235e-03,1.683280045380e-03,2.921738203590e-03,1.110223024625e-16,5.551115123126e-17,1.110223024625e-16,0.000000000000e+00,1.110223024625e-16,1.169401062745e+00,8.066759388039e-01,1.154513928912e+00,8.217270194986e-01
logreg,iid,fullbatch,fedavg,2,9.775000000000e-01,8,16,1.798253632857e-03,4.440573549540e-02,7.285633366209e-02,1.139453177653e-02,1.328611478581e-02,1.353483438798e-01,1.578172467394e-01,2.756378933026e-02,10,10,1,3.207435314239e-02,4.670821940953e-02,4.838193925792e-03,7.777516364823e-03,2.636862173266e-03,4.238821142541e-03,2.395878843099e-03,3.851434480748e-03,1.595800578581e-03,2.565288887810e-03,1.110223024625e-16,5.551115123126e-17,1.110223024625e-16,0.000000000000e+00,1.110223024625e-16,1.095149869601e+00,8.205841446453e-01,1.077707308762e+00,8.412256267409e-01
logreg,iid,fullbatch,fedavg,2,9.775000000000e-01,9,16,1.743424188979e-03,4.293123025740e-02,7.141321959496e-02,1.027167843660e-02,1.222956094199e-02,1.425581995337e-01,1.697311885043e-01,2.690677013171e-02,10,10,1,2.932593590091e-02,4.470209674821e-02,4.353800735130e-03,6.565183587284e-03,2.500873772829e-03,3.771117799391e-03,2.266942652483e-03,3.418368363832e-03,1.525353617689e-03,2.300111361288e-03,1.110223024625e-16,5.551115123126e-17,1.110223024625e-16,0.000000000000e+00,1.110223024625e-16,1.031704751950e+00,8.310152990264e-01,1.012153289846e+00,8.635097493036e-01
logreg,iid,fullbatch,fedavg,2,9.775000000000e-01,10,16,1.694007978341e-03,4.159527490651e-02,7.009577267579e-02,9.372379777822e-03,1.132183048193e-02,1.496231533447e-01,1.807447007588e-01,2.493790549875e-02,10,10,1,2.700644439343e-02,4.238383295202e-02,3.939815015369e-03,5.626435168459e-03,2.370738172496e-03,3.385642365670e-03,2.144771734996e-03,3.062940536808e-03,1.476611503768e-03,2.108743395956e-03,2.220446049250e-16,5.551115123126e-17,1.110223024625e-16,0.000000000000e+00,1.110223024625e-16,9.770068242854e-01,8.421418636996e-01,9.557080072416e-01,8.690807799443e-01
logreg,iid,fullbatch,fedavg,2,9.775000000000e-01,11,16,1.649547506346e-03,4.038560650547e-02,6.889159472155e-02,8.637414597389e-03,1.053514168577e-02,1.565757305926e-01,1.909769975433e-01,2.317384790004e-02,10,10,1,2.503787026497e-02,3.993938665479e-02,3.584386881939e-03,4.883826755566e-03,2.247856116019e-03,3.062766437795e-03,2.030544523122e-03,2.766673352244e-03,1.433878799347e-03,1.953699719128e-03,2.220446049250e-16,5.551115123126e-17,1.110223024625e-16,0.000000000000e+00,2.220446049250e-16,9.294597409138e-01,8.484005563282e-01,9.067069531271e-01,8.746518105850e-01
logreg,iid,fullbatch,fedavg,2,9.775000000000e-01,12,16,1.609569356142e-03,3.929007577201e-02,6.778772538711e-02,8.026714955919e-03,9.847931906741e-03,1.634423726103e-01,2.005265373171e-01,2.161035337662e-02,10,10,1,2.335762071408e-02,3.753651115818e-02,3.277623054566e-03,4.285758054485e-03,2.145123346077e-03,2.804922806942e-03,1.924673280671e-03,2.516666461507e-03,1.396531604278e-03,1.826078371959e-03,2.220446049250e-16,5.551115123126e-17,2.220446049250e-16,0.000000000000e+00,1.110223024625e-16,8.878141413782e-01,8.539638386648e-01,8.638470896778e-01,8.802228412256e-01
logreg,iid,fullbatch,fedavg,2,9.775000000000e-01,13,16,1.573607669011e-03,3.829702309571e-02,6.677176373722e-02,7.512139202750e-03,9.243276987824e-03,1.702434830292e-01,2.094753074377e-01,2.021742125864e-02,10,10,1,2.191519698190e-02,3.531829847126e-02,3.011390714664e-03,3.796666669303e-03,2.065470769152e-03,2.604080562337e-03,1.827068756211e-03,2.303510804976e-03,1.363672269681e-03,1.719275094041e-03,2.220446049250e-16,1.110223024625e-16,2.220446049250e-16,0.000000000000e+00,1.110223024625e-16,8.510828629244e-01,8.623087621697e-01,8.260990303131e-01,8.857938718663e-01
logreg,iid,fullbatch,fedavg,2,9.775000000000e-01,14,16,1.541220720518e-03,3.739554229177e-02,6.583238995329e-02,7.073320088835e-03,8.707738172855e-03,1.769943801620e-01,2.178921215442e-01,1.897061503037e-02,10,10,1,2.066972018277e-02,3.339972736803e-02,2.779044448321e-03,3.391348195865e-03,1.990431999198e-03,2.428981649988e-03,1.778114393132e-03,2.169884343819e-03,1.334556299371e-03,1.628597592559e-03,2.220446049250e-16,1.110223024625e-16,2.220446049250e-16,0.000000000000e+00,2.220446049250e-16,8.184786061735e-01,8.643949930459e-01,7.926419969261e-01,8.885793871866e-01
logreg,iid,fullbatch,fedavg,2,9.775000000000e-01,15,16,1.512000727575e-03,3.657562868887e-02,6.495955466497e-02,6.695151827265e-03,8.230528052474e-03,1.837064059481e-01,2.258351664883e-01,1.784981185602e-02,10,10,1,1.958801605406e-02,3.186710523078e-02,2.575160093812e-03,3.051512842818e-03,1.919816964393e-03,2.274944434244e-03,1.762769224934e-03,2.088846026208e-03,1.330864510313e-03,1.577047638719e-03,2.220446049250e-16,1.110223024625e-16,1.110223024625e-16,0.000000000000e+00,1.110223024625e-16,7.893677972968e-01,8.664812239221e-01,7.628155558531e-01,8.941504178273e-01
logreg,iid,fullbatch,fedavg,2,9.775000000000e-01,16,16,1.485578323593e-03,3.582823413471e-02,6.414449073307e-02,6.366200790465e-03,7.802902844695e-03,1.903879047531e-01,2.333539849730e-01,1.683828211530e-02,10,10,1,1.864309751547e-02,3.077966450539e-02,2.395303075345e-03,2.763617340613e-03,1.853386684406e-03,2.138373065441e-03,1.748853801012e-03,2.017766661941e-03,1.336751103510e-03,1.542296909217e-03,2.220446049250e-16,1.110223024625e-16,2.220446049250e-16,0.000000000000e+00,1.110223024625e-16,7.632361556324e-01,8.671766342142e-01,7.360836048294e-01,8.969359331476e-01
logreg,iid,fullbatch,fedavg,2,9.775000000000e-01,17,16,1.461623369794e-03,3.514525776084e-02,6.337963565449e-02,6.077662659190e-03,7.417713509406e-03,1.970450015278e-01,2.404910327794e-01,1.592200236387e-02,10,10,1,1.781295056248e-02,3.017254269469e-02,2.235836346319e-03,2.516811780783e-03,1.790882478326e-03,2.015940981937e-03,1.736097802180e-03,1.954271567465e-03,1.342235429996e-03,1.510912884281e-03,1.665334536938e-16,1.110223024625e-16,2.220446049250e-16,0.000000000000e+00,1.110223024625e-16,7.396627778455e-01,8.692628650904e-01,7.120073046244e-01,8.969359331476e-01
logreg,iid,fullbatch,fedavg,2,9.775000000000e-01,18,16,1.439843506258e-03,3.451949753801e-02,6.265851419202e-02,5.822656690481e-03,7.069069162596e-03,2.036821925404e-01,2.472829127315e-01,1.508913392233e-02,10,10,1,1.707956080754e-02,3.006049401684e-02,2.093764833652e-03,2.303085064999e-03,1.732043052045e-03,1.905200823409e-03,1.724297737186e-03,1.896681185153e-03,1.347303405329e-03,1.481997548609e-03,2.220446049250e-16,1.110223024625e-16,1.665334536938e-16,0.000000000000e+00,2.220446049250e-16,7.183004682948e-01,8.706536856745e-01,6.902245691546e-01,8.997214484680e-01
logreg,iid,fullbatch,fedavg,2,9.775000000000e-01,19,16,1.419981460004e-03,3.394458096992e-02,6.197560861752e-02,5.595735521721e-03,6.752081103160e-03,2.103027849206e-01,2.537613606812e-01,1.432962057849e-02,10,10,1,1.642813380440e-02,3.039771180999e-02,1.966610854009e-03,2.117589608523e-03,1.676614160310e-03,1.805329567940e-03,1.713297860618e-03,1.844829513960e-03,1.351955713351e-03,1.455746755358e-03,2.220446049250e-16,1.110223024625e-16,1.110223024625e-16,0.000000000000e+00,2.220446049250e-16,6.988606877463e-01,8.706536856745e-01,6.704343949365e-01,8.969359331476e-01
logreg,iid,fullbatch,fedavg,2,9.775000000000e-01,20,16,1.401811783868e-03,3.341488710035e-02,6.132623115230e-02,5.392537030053e-03,6.462665706030e-03,2.169092209984e-01,2.599540394540e-01,1.363487347964e-02,10,10,1,1.584647164312e-02,2.853132593180e-02,1.852314821794e-03,1.955473210986e-03,1.624353772883e-03,1.714816644916e-03,1.702977130277e-03,1.797818663435e-03,1.356202730384e-03,1.431731839928e-03,2.220446049250e-16,1.110223024625e-16,2.220446049250e-16,0.000000000000e+00,2.220446049250e-16,6.811019438462e-01,8.699582753825e-01,6.523847875175e-01,8.969359331476e-01
logreg,iid,fullbatch,fedavg,2,9.775000000000e-01,21,16,1.385137443854e-03,3.292546734871e-02,6.070640582591e-02,5.209532285797e-03,6.197391005204e-03,2.235033165877e-01,2.658851827505e-01,1.299752104296e-02,10,10,1,1.532447508525e-02,2.702325087359e-02,1.749156215326e-03,1.812887402808e-03,1.575034549538e-03,1.632421546359e-03,1.693240125461e-03,1.754933988447e-03,1.360060926376e-03,1.409615275568e-03,2.220446049250e-16,1.110223024625e-16,2.220446049250e-16,0.000000000000e+00,1.110223024625e-16,6.648207662432e-01,8.720445062587e-01,6.358633822020e-01,8.969359331476e-01
logreg,iid,fullbatch,fedavg,2,9.775000000000e-01,22,16,1.369786498189e-03,3.247196950662e-02,6.011276279000e-02,5.043839988058e-03,5.953356167929e-03,2.300864352058e-01,2.715761208588e-01,1.241120821224e-02,10,10,1,1.485374606467e-02,2.586241662739e-02,1.655690611550e-03,1.686748048962e-03,1.528444726666e-03,1.557115286314e-03,1.684010613698e-03,1.715599277589e-03,1.363550337152e-03,1.389127808546e-03,2.220446049250e-16,1.110223024625e-16,2.220446049250e-16,0.000000000000e+00,2.220446049250e-16,6.498446372957e-01,8.720445062587e-01,6.206900988825e-01,8.997214484680e-01
logreg,iid,fullbatch,fedavg,2,9.775000000000e-01,23,16,1.355608998752e-03,3.205056717758e-02,5.954244580679e-02,4.893087809128e-03,5.728096031758e-03,2.366596145100e-01,2.770457125710e-01,1.187043376593e-02,10,10,1,1.442727010309e-02,2.503262308745e-02,1.570699409113e-03,1.574560039336e-03,1.484388085631e-03,1.488036570804e-03,1.675226922006e-03,1.679344470945e-03,1.366692810954e-03,1.370052012302e-03,3.330669073875e-16,1.110223024625e-16,2.220446049250e-16,0.000000000000e+00,2.220446049250e-16,6.360264133443e-01,8.727399165508e-01,6.067113446902e-01,8.997214484680e-01
logreg,iid,fullbatch,fedavg,2,9.775000000000e-01,24,16,1.342474175686e-03,3.165789567232e-02,5.899303241004e-02,4.755307416581e-03,5.519504936047e-03,2.432236570564e-01,2.823107021441e-01,1.137041737579e-02,10,10,1,1.403916218269e-02,2.451433154011e-02,1.564016079792e-03,1.544258451391e-03,1.442683408305e-03,1.424458530026e-03,1.666838559486e-03,1.645782013273e-03,1.369510812101e-03,1.352210295780e-03,2.220446049250e-16,1.110223024625e-16,2.220446049250e-16,0.000000000000e+00,2.220446049250e-16,6.232398903758e-01,8.727399165508e-01,5.937954036386e-01,8.997214484680e-01
logreg,iid,fullbatch,fedavg,2,9.775000000000e-01,25,16,1.330267924076e-03,3.129099461188e-02,5.846246565107e-02,4.628854050400e-03,5.325775538402e-03,2.497791945011e-01,2.873860159753e-01,1.090699020477e-02,10,10,1,1.368446294028e-02,2.418631301747e-02,1.560001125852e-03,1.518420199412e-03,1.403163663837e-03,1.365763149105e-03,1.658803721586e-03,1.614589269184e-03,1.372026623169e-03,1.335456048221e-03,2.220446049250e-16,1.110223024625e-16,2.220446049250e-16,0.000000000000e+00,2.220446049250e-16,6.113762545944e-01,8.720445062587e-01,5.818287435264e-01,8.997214484680e-01
logreg,iid,fullbatch,fedavg,2,9.775000000000e-01,26,16,1.318890587372e-03,3.094725705360e-02,5.794899611902e-02,4.512344253140e-03,5.145349359547e-03,2.563267322022e-01,2.922850104918e-01,1.047650431964e-02,10,10,1,1.335897476104e-02,2.235442099443e-02,1.555980082595e-03,1.494166218601e-03,1.365675072469e-03,1.311421387519e-03,1.651087424561e-03,1.585495265223e-03,1.374261830250e-03,1.319667022245e-03,4.440892098501e-16,1.110223024625e-16,2.220446049250e-16,0.000000000000e+00,2.220446049250e-16,6.003412220620e-01,8.734353268428e-01,5.707130369616e-01,8.997214484680e-01
logreg,iid,fullbatch,fedavg,2,9.775000000000e-01,27,16,1.308255019148e-03,3.062438471884e-02,5.745113289932e-02,4.404607188610e-03,4.976876572192e-03,2.628666795673e-01,2.970196803319e-01,1.007575727350e-02,10,10,1,1.305912953596e-02,2.064178746709e-02,1.551963334852e-03,1.471337530323e-03,1.330076132476e-03,1.260977555302e-03,1.643660096193e-03,1.558270567554e-03,1.376237007535e-03,1.304740333958e-03,2.220446049250e-16,1.110223024625e-16,3.330669073875e-16,0.000000000000e+00,2.220446049250e-16,5.900527185965e-01,8.748261474270e-01,5.603627423964e-01,9.025069637883e-01
logreg,iid,fullbatch,fedavg,2,9.775000000000e-01,28,16,1.298284898465e-03,3.032034878893e-02,5.696760221138e-02,4.304646247569e-03,4.819183123053e-03,2.693993702489e-01,3.016008340286e-01,9.701929010881e-03,10,10,1,1.278188158904e-02,1.904334988162e-02,1.547959193813e-03,1.449796674974e-03,1.296236659907e-03,1.214036911970e-03,1.636496500627e-03,1.532719463600e-03,1.377971540745e-03,1.290588644692e-03,2.220446049250e-16,1.110223024625e-16,2.220446049250e-16,0.000000000000e+00,2.220446049250e-16,5.804389860929e-01,8.741307371349e-01,5.507031274085e-01,9.025069637883e-01
logreg,iid,fullbatch,fedavg,2,9.775000000000e-01,29,16,1.288913271865e-03,3.003335569781e-02,5.649731258953e-02,4.211608521306e-03,4.671243707711e-03,2.759250753151e-01,3.060382429527e-01,9.352528848048e-03,10,10,1,1.252462065831e-02,1.755350252004e-02,1.543974309720e-03,1.429424117870e-03,1.264036868741e-03,1.170255732029e-03,1.629574910468e-03,1.508673858259e-03,1.379483545898e-03,1.277137215495e-03,2.220446049250e-16,1.110223024625e-16,2.220446049250e-16,0.000000000000e+00,2.220446049250e-16,5.714370276074e-01,8.748261474270e-01,5.416686435981e-01,9.025069637883e-01
logreg,iid,fullbatch,fedavg,2,9.775000000000e-01,30,16,1.280081295224e-03,2.976181735623e-02,5.603932560939e-02,4.124760349348e-03,4.532159444118e-03,2.824440117359e-01,3.103407681433e-01,9.025350738045e-03,10,10,1,1.228510089825e-02,1.616633855446e-02,1.540013992801e-03,1.410115356701e-03,1.233366505662e-03,1.129333277622e-03,1.622876463564e-03,1.485988461142e-03,1.380789852313e-03,1.264321612806e-03,2.220446049250e-16,1.110223024625e-16,2.220446049250e-16,0.000000000000e+00,2.220446049250e-16,5.629913232612e-01,8.755215577191e-01,5.332015828688e-01,9.025069637883e-01
logreg,iid,fullbatch,fedavg,2,9.775000000000e-01,31,16,1.271737150114e-03,2.950432527341e-02,5.559283129755e-02,4.043467596857e-03,4.401139339253e-03,2.889563479102e-01,3.145164687613e-01,8.718435382937e-03,10,10,1,1.206138272247e-02,1.487583441082e-02,1.536082465616e-03,1.391778576138e-03,1.204124045606e-03,1.091005259939e-03,1.616384658972e-03,1.464536956519e-03,1.381363897159e-03,1.251594703377e-03,2.220446049250e-16,1.110223024625e-16,2.220446049250e-16,0.000000000000e+00,2.220446049250e-16,5.550527639662e-01,8.769123783032e-01,5.252509603020e-01,9.025069637883e-01
logreg,iid,fullbatch,fedavg,2,9.775000000000e-01,32,16,1.263835111552e-03,2.925962808537e-02,5.515712748825e-02,3.967179644043e-03,4.277484834466e-03,2.954622074562e-01,3.185726952017e-01,8.430038031361e-03,10,10,1,1.185178497147e-02,1.367598745342e-02,1.532183063436e-03,1.374332732597e-03,1.176215949466e-03,1.055038473229e-03,1.610084958670e-03,1.444208928926e-03,1.381073354589e-03,1.238790822471e-03,2.220446049250e-16,1.110223024625e-16,2.220446049250e-16,0.000000000000e+00,2.220446049250e-16,5.475777613765e-01,8.776077885953e-01,5.177715805981e-01,9.052924791086e-01
logreg,iid,fullbatch,fedavg,2,9.775000000000e-01,33,16,1.256334746354e-03,2.902661204832e-02,5.473160250202e-02,3.895416310234e-03,4.160576862533e-03,3.019616721104e-01,3.225161693382e-01,8.158601016463e-03,10,10,1,1.165484541291e-02,1.256091640357e-02,1.528318394749e-03,1.357705979750e-03,1.149555982553e-03,1.021226360248e-03,1.603964470229e-03,1.424907375334e-03,1.380696453604e-03,1.226563677907e-03,3.330669073875e-16,1.110223024625e-16,2.220446049250e-16,0.000000000000e+00,2.220446049250e-16,5.405275012162e-01,8.776077885953e-01,5.107232540828e-01,9.052924791086e-01
logreg,iid,fullbatch,fedavg,2,9.775000000000e-01,34,16,1.249200223824e-03,2.880428410452e-02,5.431572061887e-02,3.827757113868e-03,4.049864963988e-03,3.084547842785e-01,3.263530539328e-01,7.902730261805e-03,10,10,1,1.146928799116e-02,1.152493236726e-02,1.524490470831e-03,1.341834365901e-03,1.124064590901e-03,9.893853234395e-04,1.598011691948e-03,1.406546676673e-03,1.380238417775e-03,1.214865804375e-03,2.220446049250e-16,1.110223024625e-16,2.220446049250e-16,0.000000000000e+00,2.220446049250e-16,5.338673138948e-01,8.776077885953e-01,5.040701352483e-01,9.052924791086e-01
logreg,iid,fullbatch,fedavg,2,9.775000000000e-01,35,16,1.242399722772e-03,2.859175717536e-02,5.390900990125e-02,3.763832403662e-03,3.944858099762e-03,3.149415495699e-01,3.300890128805e-01,7.661175120775e-03,10,10,1,1.129399556418e-02,1.056258695010e-02,1.520700811036e-03,1.326660749787e-03,1.099668331729e-03,9.593516376803e-04,1.592216306518e-03,1.389050932110e-03,1.379704316864e-03,1.203655281968e-03,2.220446049250e-16,1.110223024625e-16,2.220446049250e-16,0.000000000000e+00,2.220446049250e-16,5.275661415680e-01,8.769123783032e-01,4.977801622053e-01,9.025069637883e-01
logreg,iid,fullbatch,fedavg,2,9.775000000000e-01,36,16,1.235904921042e-03,2.838823738039e-02,5.351105199286e-02,3.703315997618e-03,3.845116867348e-03,3.214219394831e-01,3.337292636753e-01,7.432811026086e-03,10,10,1,1.112798711918e-02,9.668702719244e-03,1.516950528847e-03,1.312133892974e-03,1.076299354039e-03,9.309788516931e-04,1.586569012667e-03,1.372352582022e-03,1.379099023958e-03,1.192894914297e-03,2.220446049250e-16,1.110223024625e-16,2.220446049250e-16,0.000000000000e+00,2.220446049250e-16,5.215960849027e-01,8.769123783032e-01,4.918245796600e-01,9.052924791086e-01
logreg,iid,fullbatch,fedavg,2,9.775000000000e-01,37,16,1.229690555617e-03,2.819301292027e-02,5.312147357872e-02,3.645919043951e-03,3.750246883141e-03,3.278958943064e-01,3.372786232479e-01,7.216624515832e-03,10,10,1,1.097039865767e-02,8.838390234951e-03,1.513240402572e-03,1.298207695967e-03,1.053894925336e-03,9.041355890887e-04,1.581061386724e-03,1.356391262454e-03,1.378427189576e-03,1.182551551490e-03,3.330669073875e-16,1.110223024625e-16,2.220446049250e-16,0.000000000000e+00,2.220446049250e-16,5.159320160311e-01,8.769123783032e-01,4.861775313518e-01,9.052924791086e-01
logreg,iid,fullbatch,fedavg,2,9.775000000000e-01,38,16,1.223734043093e-03,2.800544439722e-02,5.273993924188e-02,3.591384877471e-03,3.659893137539e-03,3.343633262244e-01,3.407415481336e-01,7.011700275694e-03,10,10,1,1.082046709850e-02,8.067055009917e-03,1.509570933653e-03,1.284840551947e-03,1.042211468397e-03,8.870570626716e-04,1.575685767943e-03,1.341112846469e-03,1.377693227970e-03,1.172595528953e-03,2.220446049250e-16,1.110223024625e-16,2.220446049250e-16,0.000000000000e+00,2.220446049250e-16,5.105512467195e-01,8.776077885953e-01,4.808157105195e-01,9.052924791086e-01
logreg,iid,fullbatch,fedavg,2,9.775000000000e-01,39,16,1.218015151781e-03,2.782495637730e-02,5.236614549419e-02,3.539484691045e-03,3.573735164500e-03,3.408241225819e-01,3.441221697786e-01,6.817209896586e-03,10,10,1,1.067751667259e-02,7.350397043762e-03,1.505942394941e-03,1.269791521673e-03,1.035606930181e-03,8.732106248875e-04,1.570435162791e-03,1.324171005312e-03,1.376901312085e-03,1.160985717741e-03,2.220446049250e-16,1.110223024625e-16,2.220446049250e-16,0.000000000000e+00,2.220446049250e-16,5.054332428063e-01,8.776077885953e-01,4.757180590570e-01,9.052924791086e-01
logreg,iid,fullbatch,fedavg,2,9.775000000000e-01,40,16,1.212515717983e-03,2.765103002624e-02,5.221346397151e-02,3.490013877654e-03,3.491482895367e-03,3.472781492333e-01,3.474243256585e-01,6.632402096052e-03,10,10,1,1.054094738258e-02,6.684405002529e-03,1.502354870788e-03,1.250567997898e-03,1.029194900815e-03,8.567071812294e-04,1.565303164514e-03,1.302966484559e-03,1.376055374592e-03,1.145435641247e-03,2.220446049250e-16,1.110223024625e-16,2.220446049250e-16,0.000000000000e+00,2.220446049250e-16,5.005593775728e-01,8.776077885953e-01,4.708655076900e-01,9.052924791086e-01
logreg,iid,fullbatch,fedavg,2,9.775000000000e-01,41,16,1.207219400099e-03,2.748319667356e-02,5.239708948193e-02,3.442788926682e-03,3.412873089435e-03,3.537252539029e-01,3.506515867828e-01,6.456594192065e-03,10,10,1,1.041022518030e-02,6.065346648262e-03,1.498808290426e-03,1.232215385966e-03,1.022961546647e-03,8.410074624500e-04,1.560283885061e-03,1.282756321758e-03,1.375159113076e-03,1.130559677383e-03,2.220446049250e-16,1.110223024625e-16,2.220446049250e-16,0.000000000000e+00,2.220446049250e-16,4.959127180108e-01,8.776077885953e-01,4.662407508490e-01,9.052924791086e-01
logreg,iid,fullbatch,fedavg,2,9.775000000000e-01,42,16,1.202111465153e-03,2.732103218063e-02,5.257861655932e-02,3.397644780297e-03,3.337666252179e-03,3.601652694809e-01,3.538072820692e-01,6.289164651213e-03,10,10,1,1.028487357829e-02,5.489756752517e-03,1.495302455817e-03,1.214673226919e-03,1.016894291763e-03,8.260497841135e-04,1.555371897107e-03,1.263469202481e-03,1.374215997973e-03,1.116311535669e-03,2.220446049250e-16,1.110223024625e-16,2.220446049250e-16,0.000000000000e+00,4.440892098501e-16,4.914778389928e-01,8.769123783032e-01,4.618280510018e-01,9.052924791086e-01
logreg,iid,fullbatch,fedavg,2,9.775000000000e-01,43,16,1.197178603140e-03,2.716415200503e-02,5.275788327962e-02,3.354432573364e-03,3.265643966949e-03,3.665980171923e-01,3.568945199990e-01,6.129546560909e-03,10,10,1,1.013394798479e-02,7.942015242610e-03,1.491837064929e-03,1.197886551717e-03,1.010981693896e-03,8.117785806644e-04,1.550562184354e-03,1.245040515418e-03,1.373229282259e-03,1.102649162106e-03,4.440892098501e-16,1.110223024625e-16,2.220446049250e-16,0.000000000000e+00,4.440892098501e-16,4.872406611995e-01,8.769123783032e-01,4.576130680841e-01,9.052924791086e-01
logreg,iid,fullbatch,fedavg,2,9.775000000000e-01,44,16,1.192408765274e-03,2.701220686927e-02,5.293476127539e-02,3.313017694352e-03,3.196606578272e-03,3.730233095867e-01,3.599162079051e-01,5.977221898271e-03,10,10,1,9.978037483925e-03,1.144936077793e-02,1.488411731220e-03,1.181805271875e-03,1.005213333456e-03,7.981436802196e-04,1.545850098692e-03,1.227411580978e-03,1.372202012133e-03,1.089534258566e-03,4.440892098501e-16,1.110223024625e-16,2.220446049250e-16,0.000000000000e+00,2.220446049250e-16,4.831883093444e-01,8.776077885953e-01,4.535827103913e-01,9.052924791086e-01
logreg,iid,fullbatch,fedavg,2,9.775000000000e-01,45,16,1.187791022813e-03,2.686487895421e-02,5.310915057735e-02,3.273278115952e-03,3.130371174896e-03,3.794409533088e-01,3.628750691927e-01,5.831716487500e-03,10,10,1,9.827406343786e-03,1.497736191419e-02,1.485025999964e-03,1.166045246609e-03,1.298356578194e-03,1.019472060720e-03,1.541231323054e-03,1.210177773464e-03,1.371137038195e-03,1.076619416681e-03,4.440892098501e-16,1.110223024625e-16,2.220446049250e-16,0.000000000000e+00,2.220446049250e-16,4.793089878029e-01,8.776077885953e-01,4.497250038761e-01,9.052924791086e-01
logreg,iid,fullbatch,fedavg,2,9.775000000000e-01,46,16,1.183315443603e-03,2.672187854889e-02,5.328097523244e-02,3.235102953139e-03,3.066769829071e-03,3.858507516234e-01,3.657736587502e-01,5.692595553639e-03,10,10,1,9.681724887853e-03,1.521701257155e-02,1.481679361936e-03,1.150106330884e-03,1.300733612964e-03,1.009652966421e-03,1.536701839055e-03,1.192815773224e-03,1.370037026735e-03,1.063447530195e-03,4.440892098501e-16,1.110223024625e-16,2.220446049250e-16,0.000000000000e+00,2.220446049250e-16,4.755918712117e-01,8.776077885953e-01,4.460289772851e-01,9.052924791086e-01
logreg,iid,fullbatch,fedavg,2,9.775000000000e-01,47,16,1.178972983924e-03,2.658294109766e-02,5.345017957971e-02,3.198391213733e-03,3.005648055383e-03,3.922525066807e-01,3.686143767722e-01,5.559459794103e-03,10,10,1,9.540693734231e-03,1.462490109065e-02,1.478371264895e-03,1.134801341685e-03,1.302852769312e-03,1.000072921966e-03,1.532257898650e-03,1.176164851473e-03,1.368904470876e-03,1.050774367087e-03,4.440892098501e-16,1.110223024625e-16,2.220446049250e-16,0.000000000000e+00,2.220446049250e-16,4.720270079860e-01,8.776077885953e-01,4.424845609628e-01,9.052924791086e-01
logreg,iid,fullbatch,fedavg,2,9.775000000000e-01,48,16,1.174755393564e-03,2.644782459381e-02,5.361672508340e-02,3.163050712446e-03,2.946863458219e-03,3.986460215140e-01,3.713994811849e-01,5.431941900683e-03,10,10,1,9.404040316474e-03,1.406345086440e-02,1.475101123217e-03,1.120091193761e-03,1.304729967429e-03,9.907229570579e-04,1.527895999218e-03,1.160180022081e-03,1.367741701417e-03,1.038569770563e-03,2.220446049250e-16,1.110223024625e-16,2.220446049250e-16,0.000000000000e+00,2.220446049250e-16,4.686052350181e-01,8.776077885953e-01,4.390824974853e-01,9.052924791086e-01
logreg,iid,fullbatch,fedavg,2,9.775000000000e-01,49,16,1.170655132354e-03,2.631630727563e-02,5.378058763856e-02,3.128997124228e-03,2.890284541663e-03,4.050311017755e-01,3.741310988399e-01,5.309703474335e-03,10,10,1,9.271515865288e-03,1.353074322007e-02,1.471868325978e-03,1.105939965541e-03,1.306380081670e-03,9.815945604680e-04,1.523612861547e-03,1.144820039848e-03,1.366550897238e-03,1.026806016222e-03,2.220446049250e-16,1.110223024625e-16,2.220446049250e-16,0.000000000000e+00,2.220446049250e-16,4.653181020809e-01,8.776077885953e-01,4.358142625598e-01,9.025069637883e-01
logreg,iid,fullbatch,fedavg,2,9.775000000000e-01,50,16,1.166665296640e-03,2.618818558688e-02,5.394175527729e-02,3.096153156698e-03,2.835789659607e-03,4.114075572170e-01,3.768112356187e-01,5.192432283126e-03,10,10,1,9.142892783409e-03,1.302499342274e-02,1.468672243719e-03,1.092314585745e-03,1.307817015283e-03,9.726796481571e-04,1.519405410322e-03,1.130047019308e-03,1.365334095222e-03,1.015457569246e-03,4.440892098501e-16,1.110223024625e-16,2.220446049250e-16,0.000000000000e+00,4.440892098501e-16,4.621578046800e-01,8.769123783032e-01,4.326719948561e-01,9.025069637883e-01
logreg,iid,fullbatch,fedavg,0,9.887600000000e-01,1,16,1.718681072556e-03,4.351756943039e-02,5.695960291354e-02,5.217399852480e-02,3.145711264679e-02,5.463569056236e-02,3.294133325316e-02,2.927155606022e-02,0,0,1,4.336187973681e-02,2.213172153292e-02,9.851793500399e-03,9.219254010903e-02,5.475582685077e-03,5.124020071003e-02,3.805196195841e-03,3.560881608954e-02,2.040511807935e-03,1.909499693516e-02,2.775557561563e-17,1.387778780781e-17,1.387778780781e-17,0.000000000000e+00,2.081668171172e-17,2.091177567838e+00,4.895688456189e-01,2.092327319571e+00,5.069637883008e-01
logreg,iid,fullbatch,fedavg,0,9.887600000000e-01,2,16,1.746075433829e-03,4.396633365922e-02,6.174763583272e-02,3.085152208468e-02,2.533389386308e-02,6.892250529136e-02,5.659608718936e-02,2.983986417887e-02,0,0,1,4.069490080110e-02,2.097438630160e-02,8.823806441139e-03,4.233326916549e-02,3.772959386931e-03,1.810122494673e-02,3.777076426694e-03,1.812097693852e-02,2.218575845705e-03,1.064388357414e-02,5.551115123126e-17,1.387778780781e-17,5.551115123126e-17,0.000000000000e+00,5.551115123126e-17,1.884794375862e+00,5.674547983310e-01,1.889708388861e+00,5.654596100279e-01
logreg,iid,fullbatch,fedavg,0,9.887600000000e-01,3,16,1.724852403078e-03,4.324685056703e-02,6.298939536196e-02,2.212864445077e-02,2.230728179413e-02,7.732239270549e-02,7.794659121191e-02,2.968227720333e-02,8,8,1,3.745525264090e-02,2.429435342288e-03,7.179507751271e-03,2.401409785113e-02,3.736163936108e-03,1.249676293388e-02,3.687412075719e-03,1.233369716581e-02,2.239160290210e-03,7.489568390527e-03,8.326672684689e-17,2.775557561563e-17,5.551115123126e-17,0.000000000000e+00,5.551115123126e-17,1.706229103196e+00,6.168289290682e-01,1.714337933260e+00,6.155988857939e-01
logreg,iid,fullbatch,fedavg,0,9.887600000000e-01,4,16,1.695990473124e-03,4.236313510553e-02,6.332772946803e-02,1.747993061169e-02,1.974337088042e-02,8.590176841615e-02,9.702501175775e-02,2.775276136178e-02,8,8,1,3.418179722800e-02,1.831949274671e-02,6.295216234105e-03,1.664317375398e-02,3.677044661091e-03,9.721301210298e-03,3.613320469652e-03,9.552828396814e-03,2.224937645588e-03,5.882248115113e-03,5.551115123126e-17,2.775557561563e-17,5.551115123126e-17,0.000000000000e+00,5.551115123126e-17,1.557510808078e+00,6.446453407510e-01,1.568086282251e+00,6.350974930362e-01
logreg,iid,fullbatch,fedavg,0,9.887600000000e-01,5,16,1.666150199613e-03,4.147749466249e-02,6.327004288233e-02,1.460466355839e-02,1.758559535102e-02,9.474516877908e-02,1.140834359485e-01,2.584783547641e-02,8,8,1,3.157229797126e-02,2.966326495796e-02,5.591819082222e-03,1.247603939838e-02,3.607804116114e-03,8.049456828351e-03,3.535855592581e-03,7.888930781091e-03,2.194709086358e-03,4.896667189475e-03,8.326672684689e-17,5.551115123126e-17,5.551115123126e-17,0.000000000000e+00,1.110223024625e-16,1.434034239824e+00,6.557719054242e-01,1.446377060673e+00,6.518105849582e-01
logreg,iid,fullbatch,fedavg,0,9.887600000000e-01,6,16,1.636850751981e-03,4.062423978304e-02,6.298888715838e-02,1.264764251977e-02,1.579065212002e-02,1.036594777429e-01,1.294194352365e-01,2.432606977972e-02,8,8,1,2.943064155976e-02,3.825317809399e-02,5.026434089354e-03,9.850882847592e-03,3.533355116762e-03,6.924723709774e-03,3.458818572315e-03,6.778645843407e-03,2.157404528411e-03,4.228114581122e-03,1.110223024625e-16,5.551115123126e-17,5.551115123126e-17,0.000000000000e+00,1.110223024625e-16,1.330832187009e+00,6.620305980529e-01,1.344350269683e+00,6.629526462396e-01
logreg,iid,fullbatch,fedavg,0,9.887600000000e-01,7,16,1.608561205543e-03,3.981165738720e-02,6.256494916537e-02,1.122463082375e-02,1.430001364380e-02,1.124866902655e-01,1.433063795862e-01,2.310094471816e-02,8,8,1,2.762384828925e-02,4.501061308221e-02,4.565142233913e-03,8.076358297796e-03,3.456831333607e-03,6.115605384178e-03,3.383959438223e-03,5.986685077471e-03,2.117146155732e-03,3.745519864742e-03,1.110223024625e-16,5.551115123126e-17,1.110223024625e-16,0.000000000000e+00,1.110223024625e-16,1.243740114804e+00,6.738525730181e-01,1.257973402391e+00,6.629526462396e-01
logreg,iid,fullbatch,fedavg,0,9.887600000000e-01,8,16,1.581497762246e-03,3.904221319890e-02,6.204413554421e-02,1.013945096868e-02,1.305558467271e-02,1.211357286474e-01,1.559746940077e-01,2.210045677004e-02,8,8,1,2.606892681158e-02,5.043580653214e-02,4.182965327912e-03,6.808755772559e-03,3.380501628825e-03,5.502558155531e-03,3.312407848013e-03,5.391719578867e-03,2.076042844180e-03,3.379245963399e-03,1.110223024625e-16,5.551115123126e-17,1.665334536938e-16,0.000000000000e+00,5.551115123126e-17,1.169491439493e+00,6.863699582754e-01,1.184100670332e+00,6.713091922006e-01
logreg,iid,fullbatch,fedavg,0,9.887600000000e-01,9,16,1.555785256183e-03,3.831661743904e-02,6.145559770465e-02,9.282052582083e-03,1.200747625523e-02,1.295680476990e-01,1.676122002569e-01,2.126877236930e-02,8,8,1,2.471289068128e-02,5.483114493351e-02,3.861773488053e-03,5.864316933531e-03,3.305954350595e-03,5.020274788165e-03,3.244869959543e-03,4.927514757074e-03,2.035430698186e-03,3.090914251529e-03,1.665334536938e-16,5.551115123126e-17,1.110223024625e-16,0.000000000000e+00,1.110223024625e-16,1.105571090407e+00,7.016689847010e-01,1.120313414368e+00,6.880222841226e-01
logreg,iid,fullbatch,fedavg,0,9.887600000000e-01,10,16,1.531487777179e-03,3.763454510850e-02,6.081897792192e-02,8.585997158511e-03,1.111565071095e-02,1.377776089771e-01,1.783704034494e-01,2.056412914745e-02,8,8,1,2.351974559048e-02,5.839934456624e-02,3.588324318114e-03,5.136930052418e-03,3.234221504520e-03,4.630007816985e-03,3.173689937837e-03,4.543352766759e-03,1.996141216680e-03,2.857611769668e-03,1.110223024625e-16,5.551115123126e-17,1.110223024625e-16,0.000000000000e+00,1.110223024625e-16,1.050043502617e+00,7.148817802503e-01,1.064748087252e+00,7.075208913649e-01
logreg,iid,fullbatch,fedavg,0,9.887600000000e-01,11,16,1.508618952622e-03,3.699482174095e-02,6.014804101851e-02,8.008737902545e-03,1.034892665804e-02,1.457754028481e-01,1.883716224678e-01,1.995583345947e-02,8,8,1,2.246327691099e-02,6.128726447278e-02,3.352821002388e-03,4.561176341119e-03,3.165907174586e-03,4.306898845067e-03,3.096389997488e-03,4.212327705345e-03,1.958656782887e-03,2.664555898485e-03,1.665334536938e-16,5.551115123126e-17,1.110223024625e-16,0.000000000000e+00,1.665334536938e-16,1.001408776776e+00,7.308762169680e-01,1.015957012298e+00,7.325905292479e-01
logreg,iid,fullbatch,fedavg,0,9.887600000000e-01,12,16,1.487152356969e-03,3.639560453644e-02,5.945278617080e-02,7.521687706321e-03,9.683263700135e-03,1.535796610546e-01,1.977152488955e-01,1.939236727853e-02,8,8,1,2.152322534075e-02,6.360713847984e-02,3.147909998677e-03,4.091743416143e-03,3.101303844068e-03,4.031163403895e-03,3.025111028135e-03,3.932125803366e-03,1.923220047195e-03,2.499856402886e-03,2.220446049250e-16,5.551115123126e-17,1.110223024625e-16,0.000000000000e+00,2.220446049250e-16,9.584932419383e-01,7.454798331015e-01,9.728040274448e-01,7.465181058496e-01
logreg,iid,fullbatch,fedavg,0,9.887600000000e-01,13,16,1.467032795033e-03,3.583459039304e-02,5.874075402797e-02,7.104868014358e-03,9.100112676491e-03,1.612103989463e-01,2.064827653474e-01,1.837549619417e-02,8,8,1,2.068324918010e-02,6.544797049505e-02,2.967990216150e-03,3.704997263265e-03,3.040486952667e-03,3.795496284767e-03,2.960063606932e-03,3.695102329885e-03,1.889913921504e-03,2.359214618996e-03,2.220446049250e-16,1.110223024625e-16,1.110223024625e-16,0.000000000000e+00,1.110223024625e-16,9.203687014261e-01,7.538247566064e-01,9.343879078316e-01,7.493036211699e-01
logreg,iid,fullbatch,fedavg,0,9.887600000000e-01,14,16,1.448186680228e-03,3.530921329003e-02,5.801784248661e-02,6.743856433780e-03,8.585066356486e-03,1.686867194840e-01,2.147416236464e-01,1.746034467019e-02,8,8,1,1.992979839555e-02,6.688222181125e-02,2.840048274887e-03,3.419156775206e-03,2.983387454842e-03,3.591723957472e-03,2.899906425896e-03,3.491220480737e-03,1.858719039242e-03,2.237726679657e-03,2.220446049250e-16,1.110223024625e-16,2.220446049250e-16,0.000000000000e+00,1.110223024625e-16,8.862932562636e-01,7.698191933241e-01,8.999862606291e-01,7.660167130919e-01
logreg,iid,fullbatch,fedavg,0,9.887600000000e-01,15,16,1.430530471929e-03,3.481680684835e-02,5.728880880978e-02,6.427957868744e-03,8.126827087549e-03,1.760257055452e-01,2.225482028881e-01,1.663192079485e-02,8,8,1,1.925145257397e-02,6.797000746891e-02,2.789786616513e-03,3.250571008006e-03,2.929845639269e-03,3.413763345401e-03,2.844236994930e-03,3.314014864396e-03,1.829553883245e-03,2.131738239498e-03,2.220446049250e-16,1.110223024625e-16,1.110223024625e-16,0.000000000000e+00,1.110223024625e-16,8.556678151774e-01,7.781641168289e-01,8.690141883593e-01,7.799442896936e-01
logreg,iid,fullbatch,fedavg,0,9.887600000000e-01,16,16,1.413976949697e-03,3.435472518832e-02,5.655757392621e-02,6.149060939813e-03,7.716439506691e-03,1.832421479454e-01,2.299500628692e-01,1.587814870780e-02,8,8,1,1.863849819894e-02,6.851198206998e-02,2.742935933825e-03,3.102354194771e-03,2.879649945102e-03,3.256982409429e-03,2.791108841181e-03,3.156839397785e-03,1.802302069813e-03,2.038465177978e-03,1.665334536938e-16,1.110223024625e-16,1.110223024625e-16,0.000000000000e+00,2.220446049250e-16,8.280039026217e-01,7.885952712100e-01,8.409935830923e-01,7.910863509749e-01
logreg,iid,fullbatch,fedavg,0,9.887600000000e-01,17,16,1.398439543957e-03,3.392042506550e-02,5.582740658521e-02,5.900895810051e-03,7.346726210023e-03,1.903486674172e-01,2.369876691560e-01,1.518916183718e-02,8,8,1,1.808263333590e-02,6.645692597963e-02,2.699225715389e-03,2.971022084751e-03,2.832564114721e-03,3.117786887301e-03,2.736975725297e-03,3.012573301640e-03,1.776830432241e-03,1.955746948078e-03,2.220446049250e-16,1.110223024625e-16,2.220446049250e-16,0.000000000000e+00,2.220446049250e-16,8.028996130287e-01,7.962447844228e-01,8.155301098609e-01,7.938718662953e-01
logreg,iid,fullbatch,fedavg,0,9.887600000000e-01,18,16,1.383835107398e-03,3.351151630635e-02,5.510103810176e-02,5.678536672289e-03,7.011872869785e-03,1.973559893479e-01,2.436957243141e-01,1.455679891812e-02,8,8,1,1.757674409687e-02,6.451379284508e-02,2.658386112706e-03,2.853829679371e-03,2.788345495268e-03,2.993343627814e-03,2.686856165711e-03,2.884392840175e-03,1.753000676038e-03,1.881880639281e-03,2.220446049250e-16,1.110223024625e-16,2.220446049250e-16,0.000000000000e+00,2.220446049250e-16,7.800214729915e-01,8.025034770515e-01,7.922957920913e-01,8.077994428969e-01
logreg,iid,fullbatch,fedavg,0,9.887600000000e-01,19,16,1.370085525446e-03,3.312578833920e-02,5.438073923987e-02,5.478058738110e-03,6.707121597591e-03,2.042732497855e-01,2.501042049650e-01,1.397423730996e-02,8,8,1,1.711472520506e-02,6.267503486159e-02,2.620158319690e-03,2.748585838606e-03,2.746756797473e-03,2.881389562950e-03,2.640379582538e-03,2.769798250194e-03,1.730676626121e-03,1.815506044049e-03,2.220446049250e-16,1.110223024625e-16,1.110223024625e-16,0.000000000000e+00,2.220446049250e-16,7.590906224994e-01,8.094575799722e-01,7.710157115356e-01,8.161559888579e-01
logreg,iid,fullbatch,fedavg,0,9.887600000000e-01,20,16,1.357118511257e-03,3.276121983984e-02,5.366837765157e-02,5.296295919152e-03,6.428542367730e-03,2.111082783042e-01,2.562391777147e-01,1.343572095867e-02,8,8,1,1.669133069408e-02,6.093305807655e-02,2.584300515408e-03,2.653521697164e-03,2.707573157156e-03,2.780096229651e-03,2.597199530064e-03,2.666766215383e-03,1.709728499944e-03,1.755524035929e-03,2.220446049250e-16,1.110223024625e-16,1.110223024625e-16,0.000000000000e+00,2.220446049250e-16,7.398721821754e-01,8.150208623088e-01,7.514577555510e-01,8.217270194986e-01
logreg,iid,fullbatch,fedavg,0,9.887600000000e-01,21,16,1.344867857069e-03,3.241597716677e-02,5.296546578911e-02,5.130665990557e-03,6.172860878893e-03,2.178678385039e-01,2.621234474325e-01,1.293635483530e-02,8,8,1,1.630204737382e-02,5.928053351384e-02,2.550590764660e-03,2.567195121203e-03,2.670585929715e-03,2.687971455284e-03,2.556997836389e-03,2.573643902996e-03,1.690035207581e-03,1.701037343849e-03,2.220446049250e-16,1.110223024625e-16,1.665334536938e-16,0.000000000000e+00,2.220446049250e-16,7.221669928483e-01,8.205841446453e-01,7.334246405535e-01,8.245125348189e-01
logreg,iid,fullbatch,fedavg,0,9.887600000000e-01,22,16,1.333273342476e-03,3.208840586115e-02,5.292814547607e-02,4.979042106184e-03,5.937327498213e-03,2.245578238488e-01,2.677770772053e-01,1.247194695910e-02,8,8,1,1.594298679617e-02,5.771056879255e-02,2.518827909271e-03,2.488419976721e-03,2.635604290964e-03,2.603786604169e-03,2.519485912563e-03,2.489070036430e-03,1.671485369343e-03,1.651306771916e-03,3.330669073875e-16,1.110223024625e-16,2.220446049250e-16,0.000000000000e+00,2.220446049250e-16,7.058051383812e-01,8.226703755216e-01,7.167476502104e-01,8.272980501393e-01
logreg,iid,fullbatch,fedavg,0,9.887600000000e-01,23,16,1.322280440455e-03,3.177701826237e-02,5.293454355916e-02,4.839656846738e-03,5.719616384633e-03,2.311834136302e-01,2.732178090985e-01,1.203888512509e-02,8,8,1,1.561079288656e-02,5.621679087127e-02,2.488831193033e-03,2.416212897492e-03,2.602455424858e-03,2.526521838962e-03,2.484404262461e-03,2.411915134440e-03,1.653977522461e-03,1.605718311921e-03,2.220446049250e-16,1.110223024625e-16,2.220446049250e-16,0.000000000000e+00,3.330669073875e-16,6.906408215574e-01,8.275382475661e-01,7.012816765382e-01,8.272980501393e-01
logreg,iid,fullbatch,fedavg,0,9.887600000000e-01,24,16,1.311839916082e-03,3.148047931594e-02,5.293891481083e-02,4.711029538614e-03,5.517747013796e-03,2.377491959674e-01,2.784614074969e-01,1.163403939991e-02,8,8,1,1.530256308007e-02,5.479337283173e-02,2.460439139329e-03,2.349752657440e-03,2.570983848933e-03,2.455324350318e-03,2.451520923138e-03,2.341235640352e-03,1.637419835219e-03,1.563758090030e-03,3.330669073875e-16,1.110223024625e-16,1.110223024625e-16,0.000000000000e+00,2.220446049250e-16,6.765482760641e-01,8.303198887344e-01,6.869012595127e-01,8.272980501393e-01
logreg,iid,fullbatch,fedavg,0,9.887600000000e-01,25,16,1.301907379464e-03,3.119759192326e-02,5.294077969530e-02,4.591910498278e-03,5.330022512692e-03,2.442592646398e-01,2.835219414559e-01,1.125468407338e-02,8,8,1,1.501578114865e-02,5.343502637809e-02,2.433508033325e-03,2.288348787351e-03,2.541050254884e-03,2.389476093660e-03,2.420629334610e-03,2.276238305617e-03,1.621729540686e-03,1.524993045849e-03,2.220446049250e-16,1.110223024625e-16,2.220446049250e-16,0.000000000000e+00,2.220446049250e-16,6.634184789552e-01,8.337969401947e-01,6.734973984616e-01,8.300835654596e-01
logreg,iid,fullbatch,fedavg,0,9.887600000000e-01,26,16,1.292442831146e-03,3.092728266425e-02,5.293975680712e-02,4.481237770525e-03,5.154980745179e-03,2.507172955698e-01,2.884120185827e-01,1.089843452651e-02,8,8,1,1.474826012547e-02,5.213697436423e-02,2.407910239694e-03,2.231417077567e-03,2.512530115064e-03,2.328368605372e-03,2.391545968382e-03,2.216252262092e-03,1.606832229030e-03,1.489055869914e-03,2.220446049250e-16,1.110223024625e-16,2.220446049250e-16,0.000000000000e+00,2.220446049250e-16,6.511564868981e-01,8.358831710709e-01,6.609749650278e-01,8.328690807799e-01
logreg,iid,fullbatch,fedavg,0,9.887600000000e-01,27,16,1.283410222617e-03,3.066858836820e-02,5.293554814271e-02,4.378103211926e-03,4.991355171105e-03,2.571266076288e-01,2.931429800742e-01,1.056319569392e-02,8,8,1,1.444671709292e-02,5.134520314366e-02,2.383532501549e-03,2.178460278888e-03,2.485312215869e-03,2.271483161815e-03,2.364107923369e-03,2.160706935071e-03,1.592661087313e-03,1.455633147099e-03,3.330669073875e-16,1.110223024625e-16,2.220446049250e-16,0.000000000000e+00,2.220446049250e-16,6.396792625362e-01,8.372739916551e-01,6.492505889084e-01,8.328690807799e-01
logreg,iid,fullbatch,fedavg,0,9.887600000000e-01,28,16,1.274777044287e-03,3.042064377271e-02,5.292792609417e-02,4.281725648124e-03,4.838043271472e-03,2.634902113844e-01,2.977250643897e-01,1.024711964970e-02,8,8,1,1.413626715099e-02,5.032514956962e-02,2.360274307848e-03,2.129052773128e-03,2.459297216778e-03,2.218375017649e-03,2.338170614542e-03,2.109114442498e-03,1.579156141832e-03,1.424455942172e-03,3.330669073875e-16,1.110223024625e-16,2.220446049250e-16,0.000000000000e+00,2.220446049250e-16,6.289138889937e-01,8.407510431154e-01,6.382509181254e-01,8.356545961003e-01
logreg,iid,fullbatch,fedavg,0,9.887600000000e-01,29,16,1.266513946838e-03,3.018267036030e-02,5.291672213043e-02,4.191429444013e-03,4.694080885336e-03,2.698108485508e-01,3.021675454057e-01,9.948570450006e-03,8,8,1,1.384210046803e-02,4.934562497151e-02,2.338046377292e-03,2.082828305919e-03,2.434396291938e-03,2.168660790445e-03,2.313605623628e-03,2.061055472820e-03,1.566263535395e-03,1.395292265258e-03,2.220446049250e-16,1.110223024625e-16,2.220446049250e-16,0.000000000000e+00,2.220446049250e-16,6.187960940794e-01,8.421418636996e-01,6.279111782962e-01,8.384401114206e-01
logreg,iid,fullbatch,fedavg,0,9.887600000000e-01,30,16,1.258594397846e-03,2.995396637001e-02,5.290181704878e-02,4.106627257254e-03,4.558621205918e-03,2.760910242361e-01,3.064788496748e-01,9.666094803311e-03,8,8,1,1.356290853955e-02,4.840357926226e-02,2.316769281263e-03,2.039470102950e-03,2.410529883554e-03,2.122008293851e-03,2.290298744584e-03,2.016167882655e-03,1.553934856997e-03,1.367940998014e-03,2.220446049250e-16,1.110223024625e-16,2.220446049250e-16,0.000000000000e+00,2.220446049250e-16,6.092690233651e-01,8.456189151599e-01,6.181739723625e-01,8.412256267409e-01
logreg,iid,fullbatch,fedavg,0,9.887600000000e-01,31,16,1.250994373210e-03,2.973389792834e-02,5.288313264205e-02,4.026806054653e-03,4.430917478452e-03,2.823330335745e-01,3.106666564594e-01,9.398397459880e-03,8,8,1,1.329752282280e-02,4.749629592468e-02,2.296372212256e-03,1.998702856244e-03,2.387626578735e-03,2.078128291699e-03,2.268148233534e-03,1.974137436673e-03,1.542126531730e-03,1.342226964430e-03,2.220446049250e-16,1.110223024625e-16,2.220446049250e-16,0.000000000000e+00,4.440892098501e-16,6.002822146087e-01,8.477051460362e-01,6.089882750630e-01,8.440111420613e-01
logreg,iid,fullbatch,fedavg,0,9.887600000000e-01,32,16,1.243692081617e-03,2.952189121585e-02,5.286062461577e-02,3.951515695221e-03,4.310308661098e-03,2.885389839577e-01,3.147379834834e-01,9.144320451990e-03,8,8,1,1.304489656039e-02,4.662135199058e-02,2.276791894535e-03,1.960286188315e-03,2.365622110574e-03,2.036767770151e-03,2.247063258830e-03,1.934690246010e-03,1.530799272743e-03,1.317996905489e-03,3.330669073875e-16,1.110223024625e-16,2.220446049250e-16,0.000000000000e+00,2.220446049250e-16,5.917907361065e-01,8.497913769124e-01,6.003085861691e-01,8.467966573816e-01
logreg,iid,fullbatch,fedavg,0,9.887600000000e-01,33,16,1.236667719595e-03,2.931742557347e-02,5.283427659362e-02,3.880359548337e-03,4.196207474260e-03,2.947108137957e-01,3.186992607746e-01,8.902825497294e-03,8,8,1,1.280408927513e-02,4.577658240845e-02,2.257971628270e-03,1.924009292126e-03,2.344458477920e-03,1.997704417560e-03,2.227641138731e-03,1.898164793915e-03,1.519917593413e-03,1.295116172577e-03,2.220446049250e-16,1.110223024625e-16,2.220446049250e-16,0.000000000000e+00,2.220446049250e-16,5.837544593121e-01,8.532684283727e-01,5.920942139634e-01,8.495821727019e-01
logreg,iid,fullbatch,fedavg,0,9.887600000000e-01,34,16,1.229903254413e-03,2.912002745081e-02,5.280409506103e-02,3.812986737503e-03,4.088090387658e-03,3.008503085270e-01,3.225563945230e-01,8.672979016445e-03,8,8,1,1.257425350994e-02,4.496004855968e-02,2.239860455639e-03,1.889686512276e-03,2.324083174850e-03,1.960742071171e-03,2.209429959700e-03,1.864013440728e-03,1.509449375863e-03,1.273465996219e-03,4.440892098501e-16,1.110223024625e-16,2.220446049250e-16,0.000000000000e+00,2.220446049250e-16,5.761374420452e-01,8.539638386648e-01,5.843086661892e-01,8.495821727019e-01
logreg,iid,fullbatch,fedavg,0,9.887600000000e-01,35,16,1.223382232096e-03,2.892926510128e-02,5.277010511192e-02,3.749085691597e-03,3.985489189167e-03,3.069591144348e-01,3.263148225281e-01,8.453939323414e-03,8,8,1,1.235462345927e-02,4.417001058593e-02,2.222412436384e-03,1.857153683999e-03,2.304448519397e-03,1.925706942294e-03,2.191898549054e-03,1.831654826388e-03,1.499365490968e-03,1.252941218122e-03,3.330669073875e-16,1.110223024625e-16,2.220446049250e-16,0.000000000000e+00,2.220446049250e-16,5.689074032716e-01,8.560500695410e-01,5.769191301718e-01,8.467966573816e-01
logreg,iid,fullbatch,fedavg,0,9.887600000000e-01,36,16,1.217089607873e-03,2.874474393595e-02,5.273234687953e-02,3.688378754602e-03,3.887983852248e-03,3.130387507061e-01,3.299795625258e-01,8.244945630751e-03,8,8,1,1.214450519709e-02,4.340490315176e-02,2.205586020299e-03,1.826265085603e-03,2.285511070658e-03,1.892444471758e-03,2.175005296479e-03,1.800943693605e-03,1.489639464620e-03,1.233448398446e-03,2.220446049250e-16,1.110223024625e-16,2.220446049250e-16,0.000000000000e+00,2.220446049250e-16,5.620352740822e-01,8.588317107093e-01,5.698960273040e-01,8.495821727019e-01
logreg,iid,fullbatch,fedavg,0,9.887600000000e-01,37,16,1.211011596579e-03,2.856610245531e-02,5.269087254777e-02,3.630617657446e-03,3.795196475279e-03,3.190906200686e-01,3.335552544607e-01,8.045308578197e-03,8,8,1,1.194326825615e-02,4.266331426331e-02,2.189343504762e-03,1.796890890034e-03,2.267231123789e-03,1.860816698282e-03,2.158712311510e-03,1.771750517138e-03,1.480247185085e-03,1.214904228638e-03,2.220446049250e-16,1.110223024625e-16,2.220446049250e-16,0.000000000000e+00,2.220446049250e-16,5.554948123781e-01,8.581363004172e-01,5.632126298495e-01,8.495821727019e-01
logreg,iid,fullbatch,fedavg,0,9.887600000000e-01,38,16,1.205135540719e-03,2.839300868646e-02,5.264574385390e-02,3.575579696015e-03,3.706786110163e-03,3.251160182712e-01,3.370461975893e-01,7.854402045531e-03,8,8,1,1.175033835330e-02,4.194396678128e-02,2.173650566370e-03,1.768915024503e-03,2.249572273042e-03,1.830700046298e-03,2.142984976483e-03,1.743959392938e-03,1.471166646551e-03,1.197234194353e-03,3.330669073875e-16,1.110223024625e-16,2.220446049250e-16,0.000000000000e+00,2.220446049250e-16,5.492622710490e-01,8.609179415855e-01,5.568447302006e-01,8.523676880223e-01
logreg,iid,fullbatch,fedavg,0,9.887600000000e-01,39,16,1.199449794123e-03,2.822515706149e-02,5.259703000616e-02,3.523064490744e-03,3.622444332263e-03,3.311161426113e-01,3.404563831501e-01,7.671656052612e-03,8,8,1,1.156519108904e-02,4.124570229445e-02,2.158475856790e-03,1.742233365291e-03,2.232501033930e-03,1.801983458431e-03,2.127791561128e-03,1.717466257739e-03,1.462377724378e-03,1.180371444071e-03,2.220446049250e-16,1.110223024625e-16,2.220446049250e-16,0.000000000000e+00,2.220446049250e-16,5.433161112570e-01,8.636995827538e-01,5.507703544754e-01,8.523676880223e-01
logreg,iid,fullbatch,fedavg,0,9.887600000000e-01,40,16,1.193943619319e-03,2.806226568005e-02,5.254480595116e-02,3.472891227564e-03,3.541891431150e-03,3.370920996671e-01,3.437895232201e-01,7.496550583351e-03,8,8,1,1.138734647722e-02,4.056746705289e-02,2.143790654065e-03,1.716752209047e-03,2.215986516513e-03,1.774566812403e-03,2.113102890308e-03,1.692177381221e-03,1.453861977990e-03,1.164255827701e-03,4.440892098501e-16,1.110223024625e-16,4.440892098501e-16,0.000000000000e+00,2.220446049250e-16,5.376367539017e-01,8.643949930459e-01,5.449695137406e-01,8.523676880223e-01
logreg,iid,fullbatch,fedavg,0,9.887600000000e-01,41,16,1.188607096980e-03,2.790407390631e-02,5.248915093596e-02,3.424896299195e-03,3.464873123485e-03,3.430449123587e-01,3.470490762769e-01,7.328610197785e-03,8,8,1,1.121636418355e-02,3.990829969362e-02,2.129568561637e-03,1.692386973165e-03,2.200000142750e-03,1.748359573682e-03,2.098892057444e-03,1.668008083932e-03,1.445602477816e-03,1.148833076288e-03,4.440892098501e-16,1.110223024625e-16,2.220446049250e-16,0.000000000000e+00,2.220446049250e-16,5.322063635248e-01,8.664812239221e-01,5.394239872822e-01,8.523676880223e-01
logreg,iid,fullbatch,fedavg,0,9.887600000000e-01,42,16,1.183431045942e-03,2.775034025683e-02,5.243014731771e-02,3.378931280873e-03,3.391157706805e-03,3.489755264308e-01,3.502382699054e-01,7.167399318700e-03,8,8,1,1.105183937070e-02,3.926732052404e-02,2.115785248367e-03,1.669061086687e-03,2.184515401728e-03,1.723279644334e-03,2.085134177091e-03,1.644881642970e-03,1.437583653117e-03,1.134054099359e-03,3.330669073875e-16,1.110223024625e-16,2.220446049250e-16,0.000000000000e+00,2.220446049250e-16,5.270086598716e-01,8.692628650904e-01,5.341171332665e-01,8.523676880223e-01
logreg,iid,fullbatch,fedavg,0,9.887600000000e-01,43,16,1.178406952518e-03,2.760084054120e-02,5.236787958152e-02,3.334861186680e-03,3.320533587102e-03,3.548848164328e-01,3.533601210222e-01,7.012518097525e-03,8,8,1,1.089339906353e-02,3.864372215824e-02,2.102418223703e-03,1.646705040313e-03,2.169507637408e-03,1.699252375783e-03,2.071806171053e-03,1.622728354407e-03,1.429791157939e-03,1.119874380762e-03,2.220446049250e-16,1.110223024625e-16,2.220446049250e-16,0.000000000000e+00,2.220446049250e-16,5.220287531127e-01,8.699582753825e-01,5.290337228880e-01,8.607242339833e-01
logreg,iid,fullbatch,fedavg,0,9.887600000000e-01,44,16,1.173526907924e-03,2.745536622259e-02,5.230243353281e-02,3.292562962246e-03,3.252807124429e-03,3.607735912499e-01,3.564174539347e-01,6.863598779209e-03,8,8,1,1.074069896131e-02,3.803676132836e-02,2.089446642954e-03,1.625255569753e-03,2.154953864224e-03,1.676209719066e-03,2.058886583135e-03,1.601484727075e-03,1.422211752798e-03,1.106253457295e-03,3.330669073875e-16,1.110223024625e-16,2.220446049250e-16,0.000000000000e+00,2.220446049250e-16,5.172529993677e-01,8.727399165508e-01,5.241597947193e-01,8.635097493036e-01
logreg,iid,fullbatch,fedavg,0,9.887600000000e-01,45,16,1.168783552838e-03,2.731372296944e-02,5.223389563615e-02,3.251924177343e-03,3.187800750054e-03,3.666425992333e-01,3.594129165069e-01,6.720302498173e-03,8,8,1,1.059342063480e-02,3.744575171713e-02,2.076851138336e-03,1.604654951251e-03,2.140832606545e-03,1.654089490807e-03,2.046355418389e-03,1.581092786828e-03,1.414833200020e-03,1.093154467212e-03,2.220446049250e-16,1.110223024625e-16,2.220446049250e-16,0.000000000000e+00,2.220446049250e-16,5.126688737048e-01,8.734353268428e-01,5.194825264881e-01,8.635097493036e-01
logreg,iid,fullbatch,fedavg,0,9.887600000000e-01,46,16,1.164170028179e-03,2.717572937352e-02,5.216235247650e-02,3.212841888145e-03,3.125351316228e-03,3.724925329624e-01,3.623489946626e-01,6.582316447745e-03,8,8,1,1.045126905546e-02,3.687005767845e-02,2.064613672058e-03,1.584850391794e-03,2.127123758546e-03,1.632834736954e-03,2.034194003241e-03,1.561499474044e-03,1.407644170955e-03,1.080543757913e-03,2.220446049250e-16,1.110223024625e-16,2.220446049250e-16,0.000000000000e+00,2.220446049250e-16,5.082648582253e-01,8.741307371349e-01,5.149901219289e-01,8.635097493036e-01
logreg,iid,fullbatch,fedavg,0,9.887600000000e-01,47,16,1.159679931342e-03,2.704121581275e-02,5.208789032306e-02,3.175221644021e-03,3.065308645862e-03,3.783240336685e-01,3.652280254279e-01,6.449351373989e-03,8,8,1,1.031397041183e-02,3.630908873113e-02,2.052717408273e-03,1.565340460336e-03,2.113808461567e-03,1.611926657297e-03,2.023240796722e-03,1.542862484309e-03,1.400634163521e-03,1.068081420975e-03,4.440892098501e-16,1.110223024625e-16,2.220446049250e-16,0.000000000000e+00,4.440892098501e-16,5.040303432050e-01,8.741307371349e-01,5.106717107119e-01,8.662952646240e-01
logreg,iid,fullbatch,fedavg,0,9.887600000000e-01,48,16,1.155307277205e-03,2.691002344029e-02,5.201059477852e-02,3.138976617836e-03,3.007534254529e-03,3.841376953446e-01,3.680522086848e-01,6.321139352049e-03,8,8,1,1.018127017469e-02,3.576229472643e-02,2.041146601160e-03,1.544333369083e-03,2.100868996423e-03,1.589519387488e-03,2.013847160049e-03,1.523678587187e-03,1.393793428756e-03,1.054545371907e-03,4.440892098501e-16,1.110223024625e-16,2.220446049250e-16,0.000000000000e+00,4.440892098501e-16,4.999555395691e-01,8.755215577191e-01,5.065172597396e-01,8.662952646240e-01
logreg,iid,fullbatch,fedavg,0,9.887600000000e-01,49,16,1.151046463322e-03,2.678200328361e-02,5.193055049971e-02,3.104026842190e-03,2.951900221422e-03,3.899340685600e-01,3.708236177848e-01,6.197431809089e-03,8,8,1,1.005293137829e-02,3.522916160356e-02,2.029886496828e-03,1.524136645702e-03,2.088288688529e-03,1.567987826889e-03,2.004706628572e-03,1.505230386655e-03,1.387112905229e-03,1.041511244047e-03,4.440892098501e-16,1.110223024625e-16,2.220446049250e-16,0.000000000000e+00,3.330669073875e-16,4.960314012270e-01,8.776077885953e-01,5.025174943557e-01,8.662952646240e-01
logreg,iid,fullbatch,fedavg,0,9.887600000000e-01,50,16,1.146892238777e-03,2.665701543972e-02,5.184784097756e-02,3.070298536760e-03,2.898288189461e-03,3.957136639993e-01,3.735442091530e-01,6.077997762984e-03,8,8,1,9.928733089688e-03,3.470920765874e-02,2.018923247054e-03,1.504702104537e-03,2.076051824017e-03,1.547279993573e-03,1.995808207537e-03,1.487474481516e-03,1.380584160345e-03,1.028948423172e-03,3.330669073875e-16,1.110223024625e-16,2.220446049250e-16,0.000000000000e+00,2.220446049250e-16,4.922495560089e-01,8.776077885953e-01,4.986638282124e-01,8.718662952646e-01
logreg,iid,fullbatch,fedavg,1,9.887600000000e-01,1,16,1.614079704904e-03,4.086134767223e-02,4.909004701730e-02,5.453177057978e-02,2.808131442180e-02,5.747878039680e-02,2.959888680935e-02,1.847800104786e-02,4,4,1,3.728222779413e-02,1.181483926532e-02,8.954016352421e-03,8.344337038511e-02,8.487272859260e-03,7.909374127548e-02,2.160565871768e-03,2.013452859404e-02,1.647123700965e-03,1.534970985535e-02,2.775557561563e-17,1.387778780781e-17,2.775557561563e-17,0.000000000000e+00,2.775557561563e-17,2.059284709446e+00,3.831710709318e-01,2.051267120560e+00,3.899721448468e-01
logreg,iid,fullbatch,fedavg,1,9.887600000000e-01,2,16,1.544123293744e-03,3.878101124520e-02,5.100213979824e-02,2.920513758849e-02,2.453195907746e-02,6.294333399418e-02,5.287163222790e-02,1.620997143446e-02,4,4,1,3.049877882174e-02,1.206339564775e-02,7.641093057676e-03,4.154674802942e-02,4.721902769783e-03,2.567429857415e-02,1.912851884414e-03,1.040070768141e-02,1.600303257667e-03,8.701293874464e-03,5.551115123126e-17,2.775557561563e-17,2.775557561563e-17,0.000000000000e+00,2.775557561563e-17,1.839735107971e+00,5.646731571627e-01,1.828176954997e+00,5.376044568245e-01
logreg,iid,fullbatch,fedavg,1,9.887600000000e-01,3,16,1.475273107526e-03,3.678131001029e-02,5.106701582415e-02,1.979871518197e-02,2.219766988842e-02,6.646071929807e-02,7.451357797546e-02,1.443126056378e-02,4,4,1,2.578315608817e-02,1.746970790921e-02,6.672942265994e-03,2.625676624028e-02,4.285143408855e-03,1.686122917109e-02,1.745441731984e-03,6.867983224774e-03,1.593864521377e-03,6.271555557997e-03,8.326672684689e-17,2.775557561563e-17,5.551115123126e-17,0.000000000000e+00,5.551115123126e-17,1.655081912999e+00,6.974965229485e-01,1.641725447649e+00,6.796657381616e-01
logreg,iid,fullbatch,fedavg,1,9.887600000000e-01,4,16,1.415053220301e-03,3.500512271922e-02,5.073029256025e-02,1.501048192993e-02,2.010156339333e-02,7.039518233544e-02,9.427100521529e-02,1.282401035645e-02,4,4,1,2.217694564614e-02,2.422828877756e-02,5.842503710074e-03,1.838669377566e-02,3.749840162981e-03,1.180096174616e-02,1.623674190121e-03,5.109795664095e-03,1.574691035626e-03,4.955642871634e-03,5.551115123126e-17,2.775557561563e-17,5.551115123126e-17,0.000000000000e+00,5.551115123126e-17,1.501966812422e+00,7.454798331015e-01,1.488029880498e+00,7.270194986072e-01
logreg,iid,fullbatch,fedavg,1,9.887600000000e-01,5,16,1.364614359364e-03,3.348131518332e-02,5.029493354501e-02,1.215726333872e-02,1.823623915222e-02,7.482981265897e-02,1.122468372482e-01,1.142356046224e-02,4,4,1,1.944299883250e-02,3.100763389458e-02,5.158195991706e-03,1.375286894793e-02,3.485382255663e-03,9.292784817145e-03,1.603557530497e-03,4.275432070215e-03,1.551990802658e-03,4.137943992759e-03,1.665334536938e-16,5.551115123126e-17,5.551115123126e-17,0.000000000000e+00,5.551115123126e-17,1.375243302313e+00,7.753824756606e-01,1.361530441311e+00,7.520891364903e-01
logreg,iid,fullbatch,fedavg,1,9.887600000000e-01,6,16,1.323244441930e-03,3.219379936753e-02,4.986757434290e-02,1.028824645152e-02,1.659359791068e-02,7.974427541588e-02,1.286171018711e-01,1.023255423637e-02,4,4,1,1.737113624376e-02,3.700813547281e-02,4.597417993512e-03,1.077608897209e-02,3.265491954162e-03,7.654129314622e-03,1.582264033596e-03,3.708737823587e-03,1.527080964495e-03,3.579391816062e-03,1.110223024625e-16,5.551115123126e-17,5.551115123126e-17,0.000000000000e+00,5.551115123126e-17,1.270079032696e+00,8.059805285118e-01,1.257079598848e+00,7.660167130919e-01
logreg,iid,fullbatch,fedavg,1,9.887600000000e-01,7,16,1.289707638453e-03,3.111261153945e-02,4.949681262396e-02,8.983316758997e-03,1.515630275993e-02,8.509381601045e-02,1.435669778827e-01,9.232009990694e-03,4,4,1,1.579124766708e-02,4.185642160578e-02,4.128045553677e-03,8.725029734155e-03,3.083557333008e-03,6.517401290182e-03,1.553617008932e-03,3.283722144574e-03,1.504273560091e-03,3.179429918938e-03,1.110223024625e-16,5.551115123126e-17,1.110223024625e-16,0.000000000000e+00,1.110223024625e-16,1.182351766504e+00,8.164116828929e-01,1.170329441540e+00,7.855153203343e-01
logreg,iid,fullbatch,fedavg,1,9.887600000000e-01,8,16,1.262720568662e-03,3.020599785550e-02,4.920470124328e-02,8.028990057382e-03,1.390229507542e-02,9.082820942954e-02,1.572701622044e-01,8.395315824583e-03,4,4,1,1.457377162694e-02,4.487382048788e-02,3.734944927897e-03,7.249392402449e-03,2.933029331432e-03,5.692903365891e-03,1.527352762425e-03,2.964536218214e-03,1.484690957308e-03,2.881731204523e-03,1.110223024625e-16,5.551115123126e-17,1.665334536938e-16,0.000000000000e+00,1.110223024625e-16,1.108685091326e+00,8.254520166898e-01,1.097752148413e+00,7.938718662953e-01
logreg,iid,fullbatch,fedavg,1,9.887600000000e-01,9,16,1.241121849063e-03,2.944495985411e-02,4.899701134684e-02,7.305788944849e-03,1.280841275017e-02,9.689895799516e-02,1.698819742033e-01,7.695201433112e-03,4,4,1,1.354675446180e-02,4.723752784834e-02,3.404786182329e-03,6.151644720702e-03,2.808172039125e-03,5.073703831672e-03,1.505863436428e-03,2.720739677247e-03,1.468667297884e-03,2.653535037351e-03,1.665334536938e-16,5.551115123126e-17,1.110223024625e-16,0.000000000000e+00,2.220446049250e-16,1.046369464598e+00,8.289290681502e-01,1.036543284595e+00,7.994428969359e-01
logreg,iid,fullbatch,fedavg,1,9.887600000000e-01,10,16,1.223917844690e-03,2.880459915771e-02,4.887450730350e-02,6.741936474175e-03,1.185257789511e-02,1.032617423417e-01,1.815380268531e-01,7.106848426865e-03,4,4,1,1.272901906501e-02,4.859572998054e-02,3.126329281702e-03,5.312780686811e-03,2.704206194176e-03,4.595438658896e-03,1.491789775700e-03,2.535098255806e-03,1.456105955069e-03,2.474458350028e-03,1.110223024625e-16,5.551115123126e-17,1.110223024625e-16,0.000000000000e+00,1.110223024625e-16,9.932521338027e-01,8.358831710709e-01,9.844948095522e-01,7.994428969359e-01
logreg,iid,fullbatch,fedavg,1,9.887600000000e-01,11,16,1.210281410441e-03,2.826415467180e-02,4.938810115303e-02,6.291906550070e-03,1.101486729865e-02,1.098770759217e-01,1.923552743210e-01,6.609025741989e-03,4,4,1,1.207096952550e-02,4.690498879756e-02,2.890304100642e-03,4.657342606893e-03,2.617238706751e-03,4.217333857242e-03,1.480901812935e-03,2.386277315414e-03,1.446662609787e-03,2.331105370147e-03,1.110223024625e-16,5.551115123126e-17,1.665334536938e-16,0.000000000000e+00,2.220446049250e-16,9.476292450775e-01,8.386648122392e-01,9.398735252082e-01,8.022284122563e-01
logreg,iid,fullbatch,fedavg,1,9.887600000000e-01,12,16,1.199534530574e-03,2.780655984509e-02,4.990572144471e-02,5.925559269167e-03,1.027787835005e-02,1.167103257811e-01,2.024339772982e-01,6.184225096695e-03,4,4,1,1.153607948916e-02,4.259667942031e-02,2.721961268236e-03,4.173090710537e-03,2.544130700287e-03,3.900455276736e-03,1.472645464806e-03,2.257740835923e-03,1.439887971989e-03,2.207519699211e-03,2.220446049250e-16,5.551115123126e-17,2.220446049250e-16,0.000000000000e+00,1.110223024625e-16,9.081520516708e-01,8.421418636996e-01,9.013174640965e-01,8.022284122563e-01
logreg,iid,fullbatch,fedavg,1,9.887600000000e-01,13,16,1.191126549382e-03,2.741787054904e-02,5.042359693118e-02,5.622236926380e-03,9.626707954221e-03,1.237314516079e-01,2.118598993565e-01,5.818328732177e-03,4,4,1,1.109720385190e-02,3.862034518512e-02,2.632018483318e-03,3.840540097441e-03,2.482361140060e-03,3.622165860594e-03,1.466545422379e-03,2.139926651376e-03,1.435320001524e-03,2.094363718739e-03,2.220446049250e-16,5.551115123126e-17,1.110223024625e-16,0.000000000000e+00,1.110223024625e-16,8.737499064303e-01,8.428372739917e-01,8.677523396279e-01,8.077994428969e-01
logreg,iid,fullbatch,fedavg,1,9.887600000000e-01,14,16,1.184612589781e-03,2.708670781765e-02,5.093860989147e-02,5.367368038494e-03,9.048744221000e-03,1.309145844825e-01,2.207064209655e-01,5.500103324523e-03,4,4,1,1.073396321119e-02,3.496815872338e-02,2.555699826826e-03,3.566216469898e-03,2.429905749258e-03,3.390683761976e-03,1.462181887155e-03,2.040324561290e-03,1.432533187022e-03,1.998952847125e-03,1.665334536938e-16,5.551115123126e-17,1.110223024625e-16,0.000000000000e+00,2.220446049250e-16,8.435689982450e-01,8.470097357441e-01,8.383261320240e-01,8.077994428969e-01
logreg,iid,fullbatch,fedavg,1,9.887600000000e-01,15,16,1.179634077519e-03,2.680376944158e-02,5.144821524364e-02,5.150420910763e-03,8.533385335925e-03,1.382375260324e-01,2.290364414788e-01,5.220673124122e-03,4,4,1,1.043089612313e-02,3.162692298704e-02,2.490638364197e-03,3.336940446151e-03,2.385136117581e-03,3.195589249223e-03,1.459200504870e-03,1.955026973702e-03,1.431158849642e-03,1.917456953561e-03,3.330669073875e-16,5.551115123126e-17,1.110223024625e-16,0.000000000000e+00,2.220446049250e-16,8.169244979308e-01,8.490959666203e-01,8.123586853531e-01,8.077994428969e-01
logreg,iid,fullbatch,fedavg,1,9.887600000000e-01,16,16,1.175902068025e-03,2.656142376380e-02,5.195036878825e-02,4.963622062011e-03,8.071747060705e-03,1.456812334655e-01,2.369040296247e-01,4.973042804986e-03,4,4,1,1.017614953713e-02,2.857984296014e-02,2.434918775665e-03,3.143055454469e-03,2.346738220602e-03,3.029229737842e-03,1.457310005430e-03,1.881133041149e-03,1.430888884915e-03,1.847027982789e-03,2.220446049250e-16,5.551115123126e-17,1.110223024625e-16,0.000000000000e+00,1.110223024625e-16,7.932635557099e-01,8.511821974965e-01,7.893031777871e-01,8.105849582173e-01
logreg,iid,fullbatch,fedavg,1,9.887600000000e-01,17,16,1.173183436981e-03,2.635338125475e-02,5.244346112748e-02,4.801127336568e-03,7.656389250324e-03,1.532293354771e-01,2.443558261922e-01,4.751694953378e-03,4,4,1,9.960544384224e-03,2.580793150667e-02,2.386986166072e-03,2.977358681752e-03,2.313647661888e-03,2.885881389071e-03,1.455394765061e-03,1.815357081127e-03,1.431471410474e-03,1.785516770995e-03,2.220446049250e-16,1.110223024625e-16,2.220446049250e-16,0.000000000000e+00,2.220446049250e-16,7.721368209742e-01,8.525730180807e-01,7.687167477526e-01,8.105849582173e-01
logreg,iid,fullbatch,fedavg,1,9.887600000000e-01,18,16,1.171289680012e-03,2.617443285906e-02,5.292625647462e-02,4.658470869198e-03,7.281074180364e-03,1.608677031709e-01,2.514322216238e-01,4.552264160720e-03,4,4,1,9.776903173823e-03,2.329111978582e-02,2.345573530590e-03,2.834391907667e-03,2.284998604342e-03,2.761193144752e-03,1.453126856594e-03,1.755959022144e-03,1.432703270681e-03,1.731279153498e-03,2.220446049250e-16,1.110223024625e-16,1.110223024625e-16,0.000000000000e+00,2.220446049250e-16,7.531765377059e-01,8.532684283727e-01,7.502380821640e-01,8.105849582173e-01
logreg,iid,fullbatch,fedavg,1,9.887600000000e-01,19,16,1.170067943742e-03,2.602024286963e-02,5.339783653028e-02,4.532189940540e-03,6.940559951493e-03,1.685840842698e-01,2.581683378438e-01,4.371279609662e-03,4,4,1,9.619561616209e-03,2.100910500656e-02,2.309644294639e-03,2.709959965544e-03,2.260083614569e-03,2.651809254126e-03,1.451851358181e-03,1.703491340950e-03,1.434421968595e-03,1.683041028271e-03,2.220446049250e-16,1.110223024625e-16,1.110223024625e-16,0.000000000000e+00,2.220446049250e-16,7.360796645668e-01,8.539638386648e-01,7.335702623468e-01,8.105849582173e-01
logreg,iid,fullbatch,fedavg,1,9.887600000000e-01,20,16,1.169393894669e-03,2.588718514275e-02,5.385754977075e-02,4.419564178081e-03,6.630427441268e-03,1.763677990639e-01,2.645948440955e-01,4.205964784562e-03,4,4,1,9.484010486522e-03,1.894196840330e-02,2.278346851740e-03,2.600796988128e-03,2.238322087278e-03,2.555107594177e-03,1.451363401018e-03,1.656772128073e-03,1.436498198234e-03,1.639803081153e-03,2.220446049250e-16,1.110223024625e-16,1.110223024625e-16,0.000000000000e+00,1.110223024625e-16,7.205948180288e-01,8.560500695410e-01,7.184675720753e-01,8.133704735376e-01
logreg,iid,fullbatch,fedavg,1,9.887600000000e-01,21,16,1.169166067692e-03,2.577221328338e-02,5.430496634811e-02,4.318430841255e-03,6.346937163470e-03,1.842094915357e-01,2.707386341638e-01,4.054082962211e-03,4,4,1,9.366630463655e-03,1.707060101827e-02,2.250978572568e-03,2.504330828410e-03,2.219235370817e-03,2.469014864186e-03,1.451496647492e-03,1.614865572665e-03,1.438829405794e-03,1.600772606930e-03,2.220446049250e-16,1.110223024625e-16,2.220446049250e-16,0.000000000000e+00,2.220446049250e-16,7.065121225487e-01,8.567454798331e-01,7.047252945644e-01,8.161559888579e-01
logreg,iid,fullbatch,fedavg,1,9.887600000000e-01,22,16,1.169301390083e-03,2.567275729459e-02,5.473983857563e-02,4.227051786100e-03,6.086911743563e-03,1.921009272591e-01,2.766233888896e-01,3.913818520428e-03,4,4,1,9.264493945991e-03,1.537697593241e-02,2.226957260766e-03,2.418514040158e-03,2.202427114481e-03,2.391873877707e-03,1.452116079177e-03,1.577023137041e-03,1.441334445820e-03,1.565314097038e-03,2.220446049250e-16,1.110223024625e-16,1.110223024625e-16,0.000000000000e+00,2.220446049250e-16,6.936552755238e-01,8.567454798331e-01,6.921717714664e-01,8.189415041783e-01
logreg,iid,fullbatch,fedavg,1,9.887600000000e-01,23,16,1.169731632437e-03,2.558664082473e-02,5.516206676763e-02,4.144016187118e-03,5.847639806329e-03,2.000348296369e-01,2.822700442322e-01,3.783685866172e-03,4,4,1,9.175215562197e-03,1.384430281785e-02,2.205798456226e-03,2.341700812970e-03,2.187567686392e-03,2.322346819671e-03,1.453112070383e-03,1.542640356352e-03,1.443949240983e-03,1.532912992097e-03,2.220446049250e-16,1.110223024625e-16,1.110223024625e-16,0.000000000000e+00,2.220446049250e-16,6.818753057356e-01,8.574408901252e-01,6.806621815851e-01,8.189415041783e-01
logreg,iid,fullbatch,fedavg,1,9.887600000000e-01,24,16,1.170400588194e-03,2.551201448546e-02,5.557167005446e-02,4.068168416261e-03,5.626797492281e-03,2.080047468919e-01,2.876971817380e-01,3.662459483822e-03,4,4,1,9.096838410799e-03,1.245709571891e-02,2.187097332166e-03,2.272556160400e-03,2.174381771024e-03,2.259343750334e-03,1.454395567967e-03,1.511224744793e-03,1.446623300202e-03,1.503148782773e-03,4.440892098501e-16,1.110223024625e-16,2.220446049250e-16,0.000000000000e+00,2.220446049250e-16,6.710456328252e-01,8.588317107093e-01,6.700736341851e-01,8.189415041783e-01
logreg,iid,fullbatch,fedavg,1,9.887600000000e-01,25,16,1.171261825392e-03,2.544730176817e-02,5.596876170540e-02,3.998553892514e-03,5.422384353434e-03,2.160049434065e-01,2.929213552892e-01,3.549120065702e-03,4,4,1,9.027746751059e-03,1.120117928488e-02,2.170514206999e-03,2.209988084070e-03,1.561520775829e-03,1.589919244243e-03,1.455925841770e-03,1.482403916650e-03,1.449316944189e-03,1.475674826900e-03,3.330669073875e-16,1.110223024625e-16,2.220446049250e-16,0.000000000000e+00,2.220446049250e-16,6.610581317284e-01,8.595271210014e-01,6.603012732527e-01,8.189415041783e-01
logreg,iid,fullbatch,fedavg,1,9.887600000000e-01,26,16,1.172276888335e-03,2.539115489778e-02,5.635352845350e-02,3.934377948530e-03,5.232670915033e-03,2.240303102125e-01,2.979573654770e-01,3.442812872541e-03,4,4,1,8.966598448180e-03,1.006365321212e-02,2.155762907350e-03,2.153096328637e-03,1.573625069706e-03,1.571678568494e-03,1.457802771580e-03,1.455999537178e-03,1.451999101989e-03,1.450203046456e-03,3.330669073875e-16,1.110223024625e-16,2.220446049250e-16,0.000000000000e+00,2.220446049250e-16,6.518199779224e-01,8.602225312935e-01,6.512551640907e-01,8.189415041783e-01
logreg,iid,fullbatch,fedavg,1,9.887600000000e-01,27,16,1.173413853775e-03,2.534241858050e-02,5.672621331576e-02,3.874974247804e-03,5.056155676871e-03,2.320762905191e-01,3.028184908429e-01,3.342815401044e-03,4,4,1,8.912272296312e-03,9.032829867882e-03,2.142601386334e-03,2.101133266707e-03,1.585286675269e-03,1.554604879806e-03,1.459757570733e-03,1.431505278004e-03,1.454690208619e-03,1.426535990118e-03,2.220446049250e-16,1.110223024625e-16,1.110223024625e-16,0.000000000000e+00,2.220446049250e-16,6.432511029960e-01,8.581363004172e-01,6.428577892111e-01,8.189415041783e-01
logreg,iid,fullbatch,fedavg,1,9.887600000000e-01,28,16,1.174646167280e-03,2.530010006870e-02,5.708710142564e-02,3.819780292481e-03,4.891529747459e-03,2.401388170828e-01,3.075166835099e-01,3.248512149836e-03,4,4,1,8.863826638004e-03,8.098156120056e-03,2.130824131409e-03,2.053473754290e-03,1.596514047316e-03,1.538559492636e-03,1.461756003028e-03,1.408693257762e-03,1.457480342481e-03,1.404572806626e-03,2.220446049250e-16,1.110223024625e-16,2.220446049250e-16,0.000000000000e+00,2.220446049250e-16,6.352821302067e-01,8.574408901252e-01,6.350420218025e-01,8.161559888579e-01
logreg,iid,fullbatch,fedavg,1,9.887600000000e-01,29,16,1.175951701780e-03,2.526334431868e-02,5.743650843347e-02,3.768318253541e-03,4.737647654591e-03,2.482142589563e-01,3.120627353264e-01,3.159374816650e-03,4,4,1,8.820466628016e-03,7.250127269706e-03,2.120255997010e-03,2.009591690777e-03,1.607317806962e-03,1.523425715509e-03,1.463770317663e-03,1.387370521167e-03,1.460180922945e-03,1.383968470750e-03,4.440892098501e-16,1.110223024625e-16,2.220446049250e-16,0.000000000000e+00,1.110223024625e-16,6.278526898115e-01,8.574408901252e-01,6.277494758907e-01,8.161559888579e-01
logreg,iid,fullbatch,fedavg,1,9.887600000000e-01,30,16,1.177311992975e-03,2.523141328296e-02,5.777477107618e-02,3.720179837049e-03,4.593503162527e-03,2.562993757312e-01,3.164664195129e-01,3.074946667713e-03,4,4,1,8.781518161723e-03,6.480198580144e-03,2.110747175527e-03,1.969041639296e-03,1.617710080983e-03,1.509104712632e-03,1.465778078788e-03,1.367372703166e-03,1.462783036173e-03,1.364578733481e-03,3.330669073875e-16,1.110223024625e-16,2.220446049250e-16,0.000000000000e+00,2.220446049250e-16,6.209100366815e-01,8.588317107093e-01,6.209291554630e-01,8.189415041783e-01
logreg,iid,fullbatch,fedavg,1,9.887600000000e-01,31,16,1.178711616040e-03,2.520366858125e-02,5.810223956592e-02,3.675014240252e-03,4.458209157731e-03,2.643912778286e-01,3.207366118829e-01,2.994830126510e-03,4,4,1,8.746406978692e-03,5.780698094754e-03,2.102169080948e-03,1.931444301540e-03,1.627703990525e-03,1.495512242847e-03,1.467761212806e-03,1.348558998507e-03,1.465280398619e-03,1.346279660243e-03,3.330669073875e-16,1.110223024625e-16,2.220446049250e-16,0.000000000000e+00,2.220446049250e-16,6.144079099228e-01,8.595271210014e-01,6.145363422935e-01,8.189415041783e-01
logreg,iid,fullbatch,fedavg,1,9.887600000000e-01,32,16,1.180137675687e-03,2.517955694822e-02,5.841927149377e-02,3.632518494262e-03,4.330980850880e-03,2.724873917296e-01,3.248813949747e-01,2.918676858757e-03,4,4,1,8.714641812495e-03,5.144743113214e-03,2.094410966898e-03,1.896474953794e-03,1.637313257208e-03,1.482576071691e-03,1.469705231422e-03,1.330808138853e-03,1.467668803770e-03,1.328964167399e-03,3.330669073875e-16,1.110223024625e-16,2.220446049250e-16,0.000000000000e+00,2.220446049250e-16,6.083055873424e-01,8.588317107093e-01,6.085316754649e-01,8.217270194986e-01
logreg,iid,fullbatch,fedavg,1,9.887600000000e-01,33,16,1.181579387499e-03,2.515859797546e-02,5.872622698865e-02,3.592429665518e-03,4.211121691205e-03,2.805854292851e-01,3.289081478310e-01,2.846179802687e-03,4,4,1,8.685800724873e-03,4.566161744549e-03,2.087377137717e-03,1.863854176197e-03,1.646551901428e-03,1.470233903759e-03,1.471598596701e-03,1.314015153556e-03,1.469945682978e-03,1.312539239075e-03,4.440892098501e-16,1.110223024625e-16,2.220446049250e-16,0.000000000000e+00,2.220446049250e-16,6.025670976456e-01,8.588317107093e-01,6.028803857063e-01,8.217270194986e-01
logreg,iid,fullbatch,fedavg,1,9.887600000000e-01,34,16,1.183027733036e-03,2.514037375724e-02,5.902346491067e-02,3.554518516298e-03,4.098011507301e-03,2.886833604367e-01,3.328236236811e-01,2.777066723329e-03,4,4,1,8.659519961682e-03,4.039420285069e-03,2.080984640170e-03,1.833340371450e-03,1.655434012991e-03,1.458431720111e-03,1.473432201062e-03,1.298088744461e-03,1.472109756180e-03,1.296923675030e-03,3.330669073875e-16,1.110223024625e-16,2.220446049250e-16,0.000000000000e+00,2.220446049250e-16,5.971605609934e-01,8.581363004172e-01,5.975516554391e-01,8.245125348189e-01
logreg,iid,fullbatch,fedavg,1,9.887600000000e-01,35,16,1.184475174812e-03,2.512452012217e-02,5.931133989336e-02,3.518584318952e-03,3.991096482555e-03,2.967793888193e-01,3.366340173893e-01,2.711094967037e-03,4,4,1,8.635484817853e-03,3.559556707968e-03,2.075161346078e-03,1.804723689826e-03,1.663973578466e-03,1.447122433143e-03,1.475198940480e-03,1.282949145194e-03,1.474160753573e-03,1.282046256120e-03,2.220446049250e-16,1.110223024625e-16,2.220446049250e-16,0.000000000000e+00,2.220446049250e-16,5.920576345458e-01,8.588317107093e-01,5.925180814282e-01,8.245125348189e-01
logreg,iid,fullbatch,fedavg,1,9.887600000000e-01,36,16,1.185915420002e-03,2.511071919066e-02,5.959020007922e-02,3.484450588763e-03,3.889880648179e-03,3.048719298256e-01,3.403450242131e-01,2.648047166473e-03,4,4,1,8.613422112004e-03,2.832511888711e-03,2.069844354034e-03,1.777821066876e-03,1.672184352941e-03,1.436264791874e-03,1.476893363436e-03,1.268526365245e-03,1.476099193486e-03,1.267844240493e-03,4.440892098501e-16,1.110223024625e-16,2.220446049250e-16,0.000000000000e+00,2.220446049250e-16,5.872330442916e-01,8.588317107093e-01,5.877552216012e-01,8.272980501393e-01
logreg,iid,fullbatch,fedavg,1,9.887600000000e-01,37,16,1.187343223988e-03,2.509869304365e-02,5.986038541942e-02,3.451961553025e-03,3.793918636537e-03,3.129595907918e-01,3.439618911594e-01,2.587727702278e-03,4,4,1,8.593093957767e-03,1.876022882752e-03,2.064978652482e-03,1.752472147170e-03,1.680079766494e-03,1.425822485993e-03,1.478511381570e-03,1.254758741628e-03,1.477926204861e-03,1.254262123475e-03,4.440892098501e-16,1.110223024625e-16,2.220446049250e-16,0.000000000000e+00,3.330669073875e-16,5.826641881246e-01,8.595271210014e-01,5.832412112432e-01,8.272980501393e-01
logreg,iid,fullbatch,fedavg,1,9.887600000000e-01,38,16,1.188754226556e-03,2.508819832558e-02,6.012222643020e-02,3.420979213821e-03,3.702809485150e-03,3.210411530282e-01,3.474894620095e-01,2.529959770486e-03,4,4,1,8.574292585146e-03,1.038441078076e-03,2.060515997634e-03,1.728535917902e-03,1.687672857743e-03,1.415763408596e-03,1.480050030716e-03,1.241591737857e-03,1.479643385248e-03,1.241250609082e-03,2.220446049250e-16,1.110223024625e-16,2.220446049250e-16,0.000000000000e+00,2.220446049250e-16,5.783307980137e-01,8.602225312935e-01,5.789564366381e-01,8.300835654596e-01
logreg,iid,fullbatch,fedavg,1,9.887600000000e-01,39,16,1.190144814956e-03,2.507902163429e-02,6.037604331751e-02,3.391380892359e-03,3.616191320008e-03,3.291155554661e-01,3.509322169143e-01,2.474582937469e-03,4,4,1,8.556836016374e-03,3.053585975060e-04,2.056413968592e-03,1.705887914506e-03,1.694976228465e-03,1.406059046318e-03,1.481251931670e-03,1.228765125684e-03,1.481252687145e-03,1.228765752384e-03,3.330669073875e-16,1.110223024625e-16,3.330669073875e-16,0.000000000000e+00,2.220446049250e-16,5.742146513943e-01,8.616133518776e-01,5.748832564884e-01,8.300835654596e-01
logreg,iid,fullbatch,fedavg,1,9.887600000000e-01,40,16,1.191512009125e-03,2.507097557545e-02,6.062214539697e-02,3.363057166097e-03,3.533736777542e-03,3.371818797306e-01,3.542943073155e-01,2.421451089409e-03,10,10,1,8.537697231189e-03,3.357165997391e-04,1.496804705584e-03,1.228296514423e-03,1.702002014539e-03,1.396683972331e-03,1.482083150470e-03,1.216215823625e-03,1.482756327010e-03,1.216768240647e-03,2.220446049250e-16,1.110223024625e-16,2.220446049250e-16,0.000000000000e+00,2.220446049250e-16,5.702993237287e-01,8.609179415855e-01,5.710057632417e-01,8.272980501393e-01
logreg,iid,fullbatch,fedavg,1,9.887600000000e-01,41,16,1.192853365255e-03,2.506389537922e-02,6.086083074912e-02,3.335910127944e-03,3.455149049389e-03,3.452393364813e-01,3.575795868309e-01,2.370430702761e-03,10,10,1,8.517703980238e-03,8.953524170780e-04,1.509897954815e-03,1.226126194860e-03,1.708761869488e-03,1.387615422801e-03,1.489551780883e-03,1.209603901585e-03,1.484156712460e-03,1.205222787818e-03,4.440892098501e-16,1.110223024625e-16,2.220446049250e-16,0.000000000000e+00,2.220446049250e-16,5.665699756338e-01,8.609179415855e-01,5.673095778841e-01,8.272980501393e-01
logreg,iid,fullbatch,fedavg,1,9.887600000000e-01,42,16,1.194166894590e-03,2.505763599339e-02,6.109238606115e-02,3.309851910859e-03,3.380158454173e-03,3.532872528848e-01,3.607916386448e-01,2.321399377273e-03,10,10,1,8.499256182095e-03,1.383362331166e-03,1.522408450214e-03,1.223801876469e-03,1.715266957669e-03,1.378832941414e-03,1.501737159245e-03,1.207185071253e-03,1.485456384067e-03,1.194097622080e-03,3.330669073875e-16,1.110223024625e-16,2.220446049250e-16,0.000000000000e+00,2.220446049250e-16,5.630131691462e-01,8.609179415855e-01,5.637816729096e-01,8.300835654596e-01
logreg,iid,fullbatch,fedavg,1,9.887600000000e-01,43,16,1.195450994888e-03,2.505206958129e-02,6.131708661490e-02,3.284803432227e-03,3.308519456768e-03,3.613250611063e-01,3.639337998614e-01,2.274244584921e-03,10,10,1,8.482166349817e-03,1.808390588489e-03,1.534370342215e-03,1.221342595707e-03,1.721527954800e-03,1.370318079704e-03,1.513431269237e-03,1.204675314648e-03,1.486657968924e-03,1.183364050216e-03,3.330669073875e-16,1.110223024625e-16,2.220446049250e-16,0.000000000000e+00,4.440892098501e-16,5.596167086326e-01,8.602225312935e-01,5.604102190996e-01,8.300835654596e-01
logreg,iid,fullbatch,fedavg,1,9.887600000000e-01,44,16,1.196704392462e-03,2.504708336397e-02,6.153519638860e-02,3.260693321037e-03,3.240008068839e-03,3.693522877216e-01,3.670091832131e-01,2.228862597329e-03,10,10,1,8.466269716718e-03,2.177989157746e-03,1.545815180015e-03,1.218765194113e-03,1.727555053987e-03,1.362054143298e-03,1.524659728504e-03,1.202085627046e-03,1.487764143681e-03,1.172996085696e-03,2.220446049250e-16,1.110223024625e-16,2.220446049250e-16,0.000000000000e+00,4.440892098501e-16,5.563695026222e-01,8.609179415855e-01,5.571844524954e-01,8.300835654596e-01
logreg,iid,fullbatch,fedavg,1,9.887600000000e-01,45,16,1.197926093071e-03,2.504257775594e-02,6.174696824584e-02,3.237456997783e-03,3.174419575301e-03,3.773685439666e-01,3.700206964574e-01,2.185157561512e-03,10,10,1,8.451421197297e-03,2.498763918555e-03,1.556772150027e-03,1.216084593888e-03,1.733357975850e-03,1.354025976176e-03,1.535446410650e-03,1.199425827794e-03,1.488777605239e-03,1.162970129846e-03,4.440892098501e-16,1.110223024625e-16,4.440892098501e-16,0.000000000000e+00,2.220446049250e-16,5.532614434583e-01,8.616133518776e-01,5.540945585554e-01,8.300835654596e-01
logreg,iid,fullbatch,fedavg,1,9.887600000000e-01,46,16,1.199115340221e-03,2.503846475150e-02,6.195264419032e-02,3.215035882486e-03,3.111566540243e-03,3.853735167520e-01,3.729710597488e-01,2.143040699501e-03,10,10,1,8.437492797266e-03,2.776500297444e-03,1.567268288941e-03,1.213314035033e-03,1.738945981579e-03,1.346219776475e-03,1.545813589123e-03,1.196704697251e-03,1.489701047629e-03,1.153264697465e-03,2.220446049250e-16,1.110223024625e-16,2.220446049250e-16,0.000000000000e+00,4.440892098501e-16,5.502833021747e-01,8.616133518776e-01,5.511315709855e-01,8.300835654596e-01
logreg,iid,fullbatch,fedavg,1,9.887600000000e-01,47,16,1.200271579719e-03,2.503466652535e-02,6.215245566897e-02,3.193376710643e-03,3.051277053258e-03,3.933669603805e-01,3.758628212321e-01,2.102429611960e-03,10,10,1,8.424371400426e-03,3.016271333775e-03,1.577328674476e-03,1.210465279981e-03,1.744327888075e-03,1.338622938633e-03,1.555782067084e-03,1.193930095798e-03,1.490537143887e-03,1.143860179805e-03,3.330669073875e-16,1.110223024625e-16,2.220446049250e-16,0.000000000000e+00,4.440892098501e-16,5.474266364225e-01,8.609179415855e-01,5.482872831366e-01,8.300835654596e-01
logreg,iid,fullbatch,fedavg,1,9.887600000000e-01,48,16,1.201394429464e-03,2.503111421700e-02,6.234662390966e-02,3.172430940408e-03,2.993393183170e-03,4.013486889121e-01,3.786983710698e-01,2.063247669537e-03,10,10,1,8.411956872608e-03,3.222530724278e-03,1.586976596451e-03,1.207548790655e-03,1.749512084474e-03,1.331223917584e-03,1.565371294856e-03,1.191109067554e-03,1.491288531986e-03,1.134738639085e-03,3.330669073875e-16,1.110223024625e-16,2.220446049250e-16,0.000000000000e+00,4.440892098501e-16,5.446837096140e-01,8.609179415855e-01,5.455541702020e-01,8.300835654596e-01
logreg,iid,fullbatch,fedavg,1,9.887600000000e-01,49,16,1.202483653686e-03,2.502774687276e-02,6.253536028219e-02,3.152154237219e-03,2.937769611189e-03,4.093185691303e-01,3.814799540860e-01,2.025423478590e-03,10,10,1,8.400160433148e-03,3.324013631744e-03,1.596233710510e-03,1.204573882090e-03,1.754506549524e-03,1.324012111508e-03,1.574599476349e-03,1.188247931035e-03,1.491843464063e-03,1.125797344803e-03,2.220446049250e-16,1.110223024625e-16,2.220446049250e-16,0.000000000000e+00,2.220446049250e-16,5.420474197399e-01,8.616133518776e-01,5.429253207194e-01,8.300835654596e-01
logreg,iid,fullbatch,fedavg,1,9.887600000000e-01,50,16,1.203539140938e-03,2.502451052339e-02,6.271886667374e-02,3.132506024359e-03,2.884272419767e-03,4.172765140664e-01,3.842096811880e-01,1.988890410252e-03,10,10,1,8.388903252641e-03,3.349806900714e-03,1.605120176477e-03,1.201548856019e-03,1.759318869401e-03,1.316977760220e-03,1.583483665651e-03,1.185352358577e-03,1.492268750099e-03,1.117071379347e-03,2.220446049250e-16,1.110223024625e-16,2.220446049250e-16,0.000000000000e+00,4.440892098501e-16,5.395112365459e-01,8.616133518776e-01,5.403943761139e-01,8.300835654596e-01
logreg,iid,fullbatch,fedavg,2,9.887600000000e-01,1,16,1.632678025046e-03,4.136310919866e-02,4.961802175625e-02,4.996581556647e-02,3.086466587260e-02,5.289796532337e-02,3.267590064400e-02,2.319210340602e-02,7,7,1,3.847582047525e-02,3.124336214479e-02,8.572415551314e-03,7.654643406099e-02,4.857165882321e-03,4.337152412979e-02,2.431990083655e-03,2.171618576597e-02,1.615171503903e-03,1.442249483598e-02,2.775557561563e-17,1.387778780781e-17,2.775557561563e-17,0.000000000000e+00,2.775557561563e-17,2.054635979748e+00,5.264255910987e-01,2.067988163234e+00,5.181058495822e-01
logreg,iid,fullbatch,fedavg,2,9.887600000000e-01,2,16,1.589226603629e-03,3.998402691989e-02,5.137253492299e-02,2.808683988939e-02,2.540960816898e-02,6.254431760851e-02,5.658260629845e-02,2.199410312845e-02,7,7,1,3.342065311052e-02,1.548252869872e-02,7.461608680316e-03,3.370662865160e-02,4.189834637468e-03,1.892691057483e-02,2.126636879216e-03,9.606743349273e-03,1.593630457657e-03,7.198971742623e-03,5.551115123126e-17,2.775557561563e-17,2.775557561563e-17,0.000000000000e+00,5.551115123126e-17,1.833694182625e+00,5.563282336579e-01,1.842485023814e+00,5.403899721448e-01
logreg,iid,fullbatch,fedavg,2,9.887600000000e-01,3,16,1.530758009290e-03,3.832276569080e-02,5.059731684428e-02,1.957441992752e-02,2.242465852581e-02,6.826226618023e-02,7.820196026026e-02,2.112025559415e-02,15,15,1,2.887954744974e-02,1.378188682339e-02,7.136525406525e-03,2.260470405591e-02,3.700721412381e-03,1.172191053138e-02,1.931898084480e-03,6.119222167402e-03,1.578246501907e-03,4.999042681226e-03,8.326672684689e-17,2.775557561563e-17,5.551115123126e-17,0.000000000000e+00,5.551115123126e-17,1.647376896597e+00,5.681502086231e-01,1.650300623848e+00,5.710306406685e-01
logreg,iid,fullbatch,fedavg,2,9.887600000000e-01,4,16,1.471702818568e-03,3.668390124602e-02,4.954839921328e-02,1.508499987387e-02,1.990516841019e-02,7.393571298872e-02,9.756067821504e-02,1.998107748699e-02,15,15,1,2.521268083041e-02,2.181472465279e-02,6.157649451621e-03,1.554776784905e-02,2.447217087270e-03,6.179105103016e-03,1.759285607248e-03,4.442111298567e-03,1.542195252914e-03,3.893968625301e-03,1.110223024625e-16,5.551115123126e-17,5.551115123126e-17,0.000000000000e+00,5.551115123126e-17,1.493993464551e+00,6.307371349096e-01,1.491426144589e+00,6.350974930362e-01
logreg,iid,fullbatch,fedavg,2,9.887600000000e-01,5,16,1.415494572983e-03,3.514355742702e-02,4.838739320548e-02,1.231636270993e-02,1.779928263413e-02,7.952537200958e-02,1.149279707264e-01,1.901025177349e-02,15,15,1,2.243443413522e-02,1.857943886515e-02,5.424879979019e-03,1.167010584293e-02,2.145800455718e-03,4.616087090018e-03,1.678592981654e-03,3.611021412246e-03,1.496210098488e-03,3.218675856453e-03,1.110223024625e-16,5.551115123126e-17,1.110223024625e-16,0.000000000000e+00,1.110223024625e-16,1.367561808646e+00,7.023643949930e-01,1.360228381296e+00,7.242339832869e-01
logreg,iid,fullbatch,fedavg,2,9.887600000000e-01,6,16,1.363091096981e-03,3.371846293852e-02,4.723705889369e-02,1.043733881970e-02,1.604454923633e-02,8.495664645378e-02,1.305975709449e-01,1.819463046244e-02,15,15,1,2.023960842603e-02,1.032519751807e-02,4.867318509819e-03,9.281368411792e-03,1.891220659257e-03,3.606321561069e-03,1.631483033091e-03,3.111034352315e-03,1.444814688226e-03,2.755081135772e-03,1.110223024625e-16,5.551115123126e-17,1.110223024625e-16,0.000000000000e+00,1.110223024625e-16,1.262530635707e+00,7.593880389430e-01,1.251183696232e+00,7.799442896936e-01
logreg,iid,fullbatch,fedavg,2,9.887600000000e-01,7,16,1.314749100458e-03,3.240809491547e-02,4.616307955688e-02,9.077966242858e-03,1.457473888693e-02,9.020738626315e-02,1.448285954458e-01,1.750826528515e-02,15,15,1,1.845140490054e-02,3.463710907015e-04,4.438366533073e-03,7.697728257751e-03,1.678469694636e-03,2.911071787763e-03,1.588801458850e-03,2.755554728212e-03,1.390890676027e-03,2.412306054606e-03,1.110223024625e-16,5.551115123126e-17,1.110223024625e-16,0.000000000000e+00,1.110223024625e-16,1.174445263077e+00,7.983310152990e-01,1.159761952968e+00,8.245125348189e-01
logreg,iid,fullbatch,fedavg,2,9.887600000000e-01,8,16,1.270443756049e-03,3.120611943763e-02,4.519111687818e-02,8.049117202022e-03,1.333293614551e-02,9.528612019016e-02,1.578364091568e-01,1.692310331014e-02,7,7,1,1.679955610894e-02,9.608560535253e-03,4.011718528820e-03,6.441854106840e-03,1.525944682328e-03,2.450299777526e-03,1.547883683040e-03,2.485528530695e-03,1.336168514267e-03,2.145564941615e-03,1.665334536938e-16,5.551115123126e-17,1.110223024625e-16,0.000000000000e+00,1.110223024625e-16,1.099856231222e+00,8.143254520167e-01,1.082409889300e+00,8.356545961003e-01
logreg,iid,fullbatch,fedavg,2,9.887600000000e-01,9,16,1.230004148273e-03,3.010418578046e-02,4.432404787148e-02,7.243961414441e-03,1.227388757684e-02,1.002130857540e-01,1.697971700706e-01,1.641439205086e-02,7,7,1,1.535175552510e-02,2.084953918113e-02,3.676421812492e-03,5.536490963262e-03,1.430086520218e-03,2.153632390322e-03,1.508934056144e-03,2.272372483922e-03,1.280416883133e-03,1.928238070666e-03,1.110223024625e-16,5.551115123126e-17,1.110223024625e-16,0.000000000000e+00,1.110223024625e-16,1.036109649087e+00,8.261474269819e-01,1.016372645660e+00,8.551532033426e-01
logreg,iid,fullbatch,fedavg,2,9.887600000000e-01,10,16,1.193179009484e-03,2.909345562303e-02,4.355344739675e-02,6.597437105424e-03,1.136251018667e-02,1.050101597166e-01,1.808549275146e-01,1.596230931250e-02,7,7,1,1.405218207841e-02,2.619185967564e-02,3.381768514031e-03,4.822500128229e-03,1.343898182235e-03,1.916437842882e-03,1.472025556956e-03,2.099151200837e-03,1.226789870291e-03,1.749437988510e-03,2.220446049250e-16,5.551115123126e-17,1.110223024625e-16,0.000000000000e+00,1.110223024625e-16,9.811558469427e-01,8.358831710709e-01,9.595138303951e-01,8.690807799443e-01
logreg,iid,fullbatch,fedavg,2,9.887600000000e-01,11,16,1.159677888536e-03,2.816530761024e-02,4.286672523529e-02,6.067541424359e-03,1.057166684346e-02,1.096967872434e-01,1.911281369881e-01,1.555183922353e-02,7,7,1,1.294195021802e-02,2.873159667776e-02,3.122059574605e-03,4.247395369255e-03,1.266362851297e-03,1.722819050010e-03,1.437135436654e-03,1.955146035100e-03,1.175601197485e-03,1.599342665625e-03,1.110223024625e-16,5.551115123126e-17,1.110223024625e-16,0.000000000000e+00,2.220446049250e-16,9.333996985794e-01,8.470097357441e-01,9.101678129049e-01,8.746518105850e-01
logreg,iid,fullbatch,fedavg,2,9.887600000000e-01,12,16,1.129198459353e-03,2.731167090323e-02,4.225094278848e-02,5.625881374010e-03,9.880204040302e-03,1.142889817606e-01,2.007149430078e-01,1.517201930376e-02,7,7,1,1.198911053931e-02,2.985541169570e-02,2.892397179362e-03,3.776139982704e-03,1.196505838004e-03,1.562086136256e-03,1.404181265857e-03,1.833214697761e-03,1.127412852630e-03,1.471882485644e-03,2.220446049250e-16,1.110223024625e-16,1.110223024625e-16,0.000000000000e+00,1.110223024625e-16,8.915888494298e-01,8.518776077886e-01,8.670261171971e-01,8.802228412256e-01
logreg,iid,fullbatch,fedavg,2,9.887600000000e-01,13,16,1.101443974068e-03,2.652516480506e-02,4.169449360057e-02,5.252542462190e-03,9.271446660787e-03,1.187995805150e-01,2.096973003068e-01,1.481506660143e-02,7,7,1,1.116761425912e-02,2.966832615226e-02,2.688602434512e-03,3.384424614448e-03,1.133433244996e-03,1.426770772784e-03,1.376433517113e-03,1.732660588145e-03,1.097388494823e-03,1.381397482133e-03,1.110223024625e-16,1.110223024625e-16,2.220446049250e-16,0.000000000000e+00,1.110223024625e-16,8.547312159544e-01,8.574408901252e-01,8.290521063797e-01,8.885793871866e-01
logreg,iid,fullbatch,fedavg,2,9.887600000000e-01,14,16,1.076133551869e-03,2.579913097418e-02,4.118761271596e-02,4.933130217167e-03,8.732096749571e-03,1.232388488964e-01,2.181441609070e-01,1.447558341561e-02,7,7,1,1.045612981553e-02,2.829063215790e-02,2.525231310386e-03,3.076911731310e-03,1.079096182679e-03,1.314843392778e-03,1.354086106613e-03,1.649909617984e-03,1.084949961616e-03,1.321976030889e-03,1.110223024625e-16,5.551115123126e-17,1.110223024625e-16,0.000000000000e+00,1.110223024625e-16,8.220339814797e-01,8.588317107093e-01,7.954173493232e-01,8.913649025070e-01
logreg,iid,fullbatch,fedavg,2,9.887600000000e-01,15,16,1.053007511972e-03,2.512760771190e-02,4.072233587465e-02,4.656977274403e-03,8.251435749161e-03,1.276150653030e-01,2.261139468642e-01,1.405636826081e-02,7,7,1,9.837120033178e-03,2.584622794758e-02,2.393756568281e-03,2.832383705938e-03,1.034841848537e-03,1.224464186901e-03,1.333486827197e-03,1.577832270618e-03,1.072966744907e-03,1.269575012580e-03,2.220446049250e-16,1.110223024625e-16,1.110223024625e-16,0.000000000000e+00,1.110223024625e-16,7.928581859071e-01,8.616133518776e-01,7.654541045981e-01,8.913649025070e-01
logreg,iid,fullbatch,fedavg,2,9.887600000000e-01,16,16,1.031829493033e-03,2.450527632994e-02,4.029224995724e-02,4.416010531182e-03,7.820742267958e-03,1.319349823431e-01,2.336564837759e-01,1.327342606820e-02,7,7,1,9.296115428043e-03,2.245663934279e-02,2.273929750611e-03,2.619918095939e-03,1.004521481041e-03,1.157363812682e-03,1.314392762007e-03,1.514383362736e-03,1.061379204892e-03,1.222872687603e-03,2.220446049250e-16,1.110223024625e-16,2.220446049250e-16,0.000000000000e+00,1.110223024625e-16,7.666846517360e-01,8.623087621697e-01,7.386196630430e-01,8.913649025070e-01
logreg,iid,fullbatch,fedavg,2,9.887600000000e-01,17,16,1.012386619322e-03,2.392739738673e-02,3.989219972872e-02,4.204009762063e-03,7.432860926852e-03,1.362041654331e-01,2.408145262787e-01,1.256510616960e-02,7,7,1,8.821137330042e-03,1.823787936489e-02,2.164461108455e-03,2.432292483873e-03,9.768413270224e-04,1.097716105118e-03,1.296608189844e-03,1.457051061054e-03,1.050145017321e-03,1.180090426494e-03,2.220446049250e-16,1.110223024625e-16,2.220446049250e-16,0.000000000000e+00,2.220446049250e-16,7.430882093654e-01,8.664812239221e-01,7.144694088646e-01,8.913649025070e-01
logreg,iid,fullbatch,fedavg,2,9.887600000000e-01,18,16,9.944885565787e-04,2.338974657291e-02,3.951801969951e-02,4.016107694804e-03,7.081877880911e-03,1.404272388344e-01,2.476249722749e-01,1.192181974987e-02,7,7,1,8.402237196746e-03,1.310021140065e-02,2.064218904067e-03,2.266771651250e-03,9.514349526934e-04,1.044795091511e-03,1.279973564667e-03,1.405571756474e-03,1.039233460037e-03,1.141208881287e-03,1.665334536938e-16,1.110223024625e-16,2.220446049250e-16,0.000000000000e+00,2.220446049250e-16,7.217180475215e-01,8.685674547983e-01,6.926363146523e-01,8.941504178273e-01
logreg,iid,fullbatch,fedavg,2,9.887600000000e-01,19,16,9.779659885583e-04,2.288855498618e-02,3.916631277016e-02,3.848444099876e-03,6.762872906282e-03,1.446080685103e-01,2.541198373103e-01,1.133551844965e-02,7,7,1,8.031126966475e-03,6.023140274482e-03,1.972209823285e-03,2.120124376061e-03,9.280019174207e-04,9.976015041229e-04,1.264357167066e-03,1.359183195569e-03,1.028621587606e-03,1.105767589168e-03,3.330669073875e-16,1.110223024625e-16,2.220446049250e-16,0.000000000000e+00,2.220446049250e-16,7.022826198779e-01,8.699582753825e-01,6.728152122093e-01,8.941504178273e-01
logreg,iid,fullbatch,fedavg,2,9.887600000000e-01,20,16,9.626688350633e-04,2.242045560047e-02,3.883427664209e-02,3.697920993850e-03,6.471727491461e-03,1.487499027630e-01,2.603270423204e-01,1.079939579120e-02,10,10,1,7.690778480751e-03,1.311892817525e-03,2.044889207595e-03,2.155294543207e-03,9.062937475537e-04,9.552253302476e-04,1.249648842667e-03,1.317118463690e-03,1.018291666197e-03,1.073270113312e-03,2.220446049250e-16,1.110223024625e-16,2.220446049250e-16,0.000000000000e+00,2.220446049250e-16,6.845379660216e-01,8.713490959666e-01,6.547506325988e-01,8.941504178273e-01
logreg,iid,fullbatch,fedavg,2,9.887600000000e-01,21,16,9.484643996781e-04,2.198243618570e-02,3.851957134245e-02,3.562025922226e-03,6.204974637981e-03,1.528554837070e-01,2.662710548399e-01,1.030765678777e-02,10,10,1,7.340572855295e-03,3.962330594548e-03,1.937034385538e-03,2.004444762452e-03,8.861032480556e-04,9.169403640004e-04,1.235755329468e-03,1.278760623104e-03,1.008162459726e-03,1.043247335817e-03,2.220446049250e-16,1.110223024625e-16,2.220446049250e-16,0.000000000000e+00,2.220446049250e-16,6.682786091960e-01,8.720445062587e-01,6.382273329048e-01,8.969359331476e-01
logreg,iid,fullbatch,fedavg,2,9.887600000000e-01,22,16,9.352355549466e-04,2.157179822225e-02,3.822021948213e-02,3.438702115804e-03,5.959680213526e-03,1.569271372689e-01,2.719734142275e-01,9.855337705120e-03,10,10,1,7.024003701116e-03,4.763791314325e-03,1.839041316859e-03,1.870645518504e-03,8.672562893769e-04,8.821602191559e-04,1.219408884280e-03,1.240364609371e-03,9.977907845338e-04,1.014937969246e-03,3.330669073875e-16,1.110223024625e-16,2.220446049250e-16,0.000000000000e+00,2.220446049250e-16,6.533304120460e-01,8.727399165508e-01,6.230628602678e-01,8.969359331476e-01
logreg,iid,fullbatch,fedavg,2,9.887600000000e-01,23,16,9.228790246207e-04,2.118612110116e-02,3.793453151081e-02,3.326251573166e-03,5.733348485662e-03,1.609668463252e-01,2.774531644166e-01,9.438163374140e-03,10,10,1,6.736706582227e-03,5.403362299919e-03,1.755135729127e-03,1.756790183408e-03,8.496054441021e-04,8.504063128558e-04,1.199488152618e-03,1.200618833440e-03,9.877209709349e-04,9.886520323687e-04,2.220446049250e-16,1.110223024625e-16,1.110223024625e-16,0.000000000000e+00,1.110223024625e-16,6.395449301934e-01,8.734353268428e-01,6.091016720791e-01,8.969359331476e-01
logreg,iid,fullbatch,fedavg,2,9.887600000000e-01,24,16,9.113037937820e-04,2.082323087503e-02,3.766104961830e-02,3.223261694116e-03,5.523846385174e-03,1.649763100270e-01,2.827272124524e-01,9.052433062020e-03,10,10,1,6.474984378269e-03,5.909759192262e-03,1.679775295049e-03,1.656100233268e-03,8.330250171476e-04,8.212842094311e-04,1.180453646982e-03,1.163816116293e-03,9.779389527558e-04,9.641557013931e-04,2.220446049250e-16,1.110223024625e-16,2.220446049250e-16,0.000000000000e+00,2.220446049250e-16,6.267949192407e-01,8.727399165508e-01,5.962104534694e-01,8.969359331476e-01
logreg,iid,fullbatch,fedavg,2,9.887600000000e-01,25,16,9.004296601654e-04,2.048117289468e-02,3.739850536790e-02,3.128549036656e-03,5.329342405549e-03,1.689569916221e-01,2.878106271039e-01,8.694928359195e-03,10,10,1,6.235693514291e-03,6.306686135164e-03,1.610103950756e-03,1.564914998995e-03,8.174071342195e-04,7.944659001834e-04,1.162238847696e-03,1.129619615132e-03,9.684316776122e-04,9.412518099135e-04,2.220446049250e-16,1.110223024625e-16,2.220446049250e-16,0.000000000000e+00,1.665334536938e-16,6.149707358379e-01,8.741307371349e-01,5.842743625665e-01,8.969359331476e-01
logreg,iid,fullbatch,fedavg,2,9.887600000000e-01,26,16,8.901859293031e-04,2.015818776479e-02,3.720593695481e-02,3.041115710495e-03,5.148257026127e-03,1.729101567357e-01,2.927168888152e-01,8.362838237714e-03,10,10,1,6.016151307745e-03,6.613693424165e-03,1.545537979843e-03,1.482029831955e-03,8.026586401364e-04,7.696763619356e-04,1.144784648394e-03,1.097743971492e-03,9.591869310213e-04,9.197727035732e-04,2.220446049250e-16,1.110223024625e-16,2.220446049250e-16,0.000000000000e+00,2.220446049250e-16,6.039774362817e-01,8.734353268428e-01,5.731939996967e-01,8.969359331476e-01
logreg,iid,fullbatch,fedavg,2,9.887600000000e-01,27,16,8.805102495516e-04,1.985269014843e-02,3.716831615747e-02,2.960115222191e-03,4.979222268450e-03,1.768369038536e-01,2.974580999248e-01,8.053697639168e-03,10,10,1,5.814060192754e-03,6.846891786975e-03,1.485566667110e-03,1.406427887538e-03,7.886986215232e-04,7.466832426514e-04,1.128038177477e-03,1.067945576685e-03,9.501932173274e-04,8.995747339956e-04,3.330669073875e-16,1.110223024625e-16,2.220446049250e-16,0.000000000000e+00,2.220446049250e-16,5.937324228058e-01,8.741307371349e-01,5.628829453377e-01,8.969359331476e-01
logreg,iid,fullbatch,fedavg,2,9.887600000000e-01,28,16,8.713475791529e-04,1.956325003284e-02,3.712548335748e-02,2.884825476337e-03,4.821048534701e-03,1.807381885665e-01,3.020451622811e-01,7.765336817771e-03,10,10,1,5.627445507919e-03,7.019546715282e-03,1.429741820956e-03,1.337245780081e-03,7.754564142979e-04,7.252888615675e-04,1.111951866818e-03,1.040015001143e-03,9.414396772518e-04,8.805339657506e-04,2.220446049250e-16,1.110223024625e-16,2.220446049250e-16,0.000000000000e+00,2.220446049250e-16,5.841635226206e-01,8.748261474270e-01,5.532657478616e-01,8.969359331476e-01
logreg,iid,fullbatch,fedavg,2,9.887600000000e-01,29,16,8.626492753113e-04,1.928857613610e-02,3.707780573456e-02,2.814627254762e-03,4.672697284811e-03,1.846148429335e-01,3.064879279670e-01,7.495839300644e-03,10,10,1,5.454604237288e-03,7.142572526974e-03,1.377668954176e-03,1.273746393052e-03,7.628699901551e-04,7.053239425788e-04,1.096482706772e-03,1.013771043153e-03,9.329160288642e-04,8.625427924352e-04,3.330669073875e-16,1.110223024625e-16,2.220446049250e-16,0.000000000000e+00,2.220446049250e-16,5.752074109885e-01,8.741307371349e-01,5.442762692745e-01,8.969359331476e-01
logreg,iid,fullbatch,fedavg,2,9.887600000000e-01,30,16,8.543722942688e-04,1.902750118658e-02,3.702562949597e-02,2.748986931287e-03,4.533258419727e-03,1.884675911152e-01,3.107953277423e-01,7.243506801410e-03,10,10,1,5.294062634213e-03,7.224942670735e-03,1.328999842431e-03,1.215297179371e-03,7.508846413035e-04,6.866426597465e-04,1.081591642557e-03,9.890560032169e-04,9.244413956773e-04,8.453507553514e-04,3.330669073875e-16,1.110223024625e-16,2.220446049250e-16,0.000000000000e+00,2.220446049250e-16,5.668083094519e-01,8.762169680111e-01,5.358563176657e-01,8.969359331476e-01
logreg,iid,fullbatch,fedavg,2,9.887600000000e-01,31,16,8.464784911413e-04,1.877896884895e-02,3.696927970598e-02,2.687442491143e-03,4.401931477321e-03,1.922970622106e-01,3.149754809381e-01,7.006829780857e-03,10,10,1,5.144541076515e-03,7.274030118020e-03,1.283426229141e-03,1.161352713567e-03,7.394519014271e-04,6.691186861981e-04,1.067243078863e-03,9.657318960224e-04,9.146779600761e-04,8.276780595996e-04,2.220446049250e-16,1.110223024625e-16,2.220446049250e-16,0.000000000000e+00,2.220446049250e-16,5.589169054082e-01,8.769123783032e-01,5.279545106487e-01,8.997214484680e-01
logreg,iid,fullbatch,fedavg,2,9.887600000000e-01,32,16,8.389340085722e-04,1.854202210242e-02,3.690906064121e-02,2.629592150112e-03,4.278009932177e-03,1.961038010366e-01,3.190357898416e-01,6.784462621325e-03,10,10,1,5.004924828907e-03,7.295889446200e-03,1.240674486214e-03,1.111440565036e-03,7.285286549209e-04,6.526420176023e-04,1.053404468244e-03,9.436773871034e-04,9.051978990741e-04,8.109086433192e-04,2.220446049250e-16,1.110223024625e-16,2.220446049250e-16,0.000000000000e+00,2.220446049250e-16,5.514894507571e-01,8.762169680111e-01,5.205253259803e-01,8.997214484680e-01
logreg,iid,fullbatch,fedavg,2,9.887600000000e-01,33,16,8.317087438735e-04,1.831579290349e-02,3.684525649119e-02,2.575085034321e-03,4.160868034216e-03,1.998882774061e-01,3.229830210608e-01,6.575202591758e-03,10,10,1,4.874239646537e-03,7.295490334656e-03,1.200501073313e-03,1.065149785989e-03,7.180763971023e-04,6.371163988940e-04,1.040045965143e-03,9.227852950889e-04,8.959876799831e-04,7.949689565452e-04,2.220446049250e-16,1.110223024625e-16,2.220446049250e-16,0.000000000000e+00,2.220446049250e-16,5.444870062125e-01,8.776077885953e-01,5.135283046951e-01,8.997214484680e-01
logreg,iid,fullbatch,fedavg,2,9.887600000000e-01,34,16,8.247758851208e-04,1.809949298638e-02,3.677813227470e-02,2.523613504762e-03,4.049949733354e-03,2.036508943131e-01,3.268233759110e-01,6.377971943750e-03,10,10,1,4.751631357938e-03,7.276910614815e-03,1.162688665753e-03,1.022121473134e-03,7.080606162231e-04,6.224572247408e-04,1.027140132018e-03,9.029605394612e-04,8.870346105850e-04,7.797935505847e-04,4.440892098501e-16,1.110223024625e-16,2.220446049250e-16,0.000000000000e+00,2.220446049250e-16,5.378748047351e-01,8.769123783032e-01,5.069273791750e-01,8.997214484680e-01
logreg,iid,fullbatch,fedavg,2,9.887600000000e-01,35,16,8.181115075489e-04,1.789240567246e-02,3.670793487987e-02,2.474906802990e-03,3.944759325622e-03,2.073919953076e-01,3.305625515112e-01,6.191802606843e-03,10,10,1,4.636348728560e-03,7.243495687380e-03,1.127042843553e-03,9.820409853695e-04,6.984502743218e-04,6.085898149750e-04,1.014661687336e-03,8.841184423010e-04,8.783267774446e-04,7.653239616687e-04,2.220446049250e-16,1.110223024625e-16,2.220446049250e-16,0.000000000000e+00,2.220446049250e-16,5.316217128725e-01,8.769123783032e-01,5.006903040824e-01,8.997214484680e-01
logreg,iid,fullbatch,fedavg,2,9.887600000000e-01,36,16,8.116942224959e-04,1.769387857478e-02,3.663489416315e-02,2.428725764472e-03,3.844853525742e-03,2.111118712486e-01,3.342057939885e-01,6.015823052158e-03,10,10,1,4.527729036355e-03,7.197990004638e-03,1.093389252567e-03,9.446314924289e-04,6.892173687499e-04,5.954479890137e-04,1.002587287682e-03,8.661833136097e-04,8.698529899226e-04,7.515077783463e-04,2.220446049250e-16,1.110223024625e-16,2.220446049250e-16,0.000000000000e+00,2.220446049250e-16,5.256997729722e-01,8.769123783032e-01,4.947881723999e-01,8.997214484680e-01
logreg,iid,fullbatch,fedavg,2,9.887600000000e-01,37,16,8.055048720185e-04,1.750331709717e-02,3.655922406206e-02,2.384858399487e-03,3.749834726324e-03,2.148107665556e-01,3.377579449547e-01,5.849246973370e-03,10,10,1,4.425185895581e-03,7.142645378537e-03,1.061571163787e-03,9.096485997161e-04,6.803365599188e-04,5.829728803652e-04,9.908953379762e-04,8.490872655577e-04,8.616027290320e-04,7.382978576577e-04,2.220446049250e-16,1.110223024625e-16,2.220446049250e-16,0.000000000000e+00,2.220446049250e-16,5.200838125123e-01,8.783031988873e-01,4.891950022156e-01,8.997214484680e-01
logreg,iid,fullbatch,fedavg,2,9.887600000000e-01,38,16,7.995262631265e-04,1.732017863859e-02,3.648112369098e-02,2.343116182708e-03,3.659345247850e-03,2.184888850256e-01,3.412234822272e-01,5.691363497741e-03,10,10,1,4.328198949356e-03,7.079310088469e-03,1.031447369305e-03,8.768758482912e-04,6.717848537017e-04,5.711119452035e-04,9.795658251229e-04,8.327692128784e-04,8.535661004934e-04,7.256516626214e-04,4.440892098501e-16,1.110223024625e-16,2.220446049250e-16,0.000000000000e+00,2.220446049250e-16,5.147511093876e-01,8.783031988873e-01,4.838873825769e-01,8.997214484680e-01
logreg,iid,fullbatch,fedavg,2,9.887600000000e-01,39,16,7.937429363404e-04,1.714396742359e-02,3.640077839961e-02,2.303330924539e-03,3.573062418779e-03,2.221463952515e-01,3.446065556122e-01,5.541528690977e-03,10,10,1,4.236305119697e-03,7.009502102092e-03,1.002890363677e-03,8.461209303706e-04,6.635413291914e-04,5.598181288094e-04,9.685801714065e-04,8.171740256472e-04,8.457337915000e-04,7.135306992940e-04,3.330669073875e-16,1.110223024625e-16,2.220446049250e-16,0.000000000000e+00,2.220446049250e-16,5.096811040537e-01,8.776077885953e-01,4.788441688788e-01,8.997214484680e-01
logreg,iid,fullbatch,fedavg,2,9.887600000000e-01,40,16,7.881409639615e-04,1.697422988875e-02,3.631836078121e-02,2.265352122245e-03,3.490694353481e-03,2.257834356582e-01,3.479110184339e-01,5.399158160726e-03,10,10,1,4.149091159051e-03,6.934469168529e-03,9.757847678728e-04,8.166979718957e-04,6.555869042924e-04,5.487034772065e-04,9.579211046650e-04,8.017467060092e-04,8.380970308057e-04,7.014581164276e-04,4.440892098501e-16,1.110223024625e-16,2.220446049250e-16,0.000000000000e+00,2.220446049250e-16,5.048551510739e-01,8.776077885953e-01,4.740462199577e-01,8.997214484680e-01
logreg,iid,fullbatch,fedavg,2,9.887600000000e-01,41,16,7.827077740556e-04,1.681055056252e-02,3.623403162307e-02,2.229044708556e-03,3.411976318579e-03,2.294001191608e-01,3.511404553938e-01,5.263720596782e-03,10,10,1,4.066187292289e-03,6.855238078818e-03,9.500259599269e-04,7.852107661155e-04,6.479041330337e-04,5.355025253288e-04,9.475725428509e-04,7.831829799463e-04,8.306475518195e-04,6.865427136184e-04,2.220446049250e-16,1.110223024625e-16,4.440892098501e-16,0.000000000000e+00,2.220446049250e-16,5.002563039347e-01,8.776077885953e-01,4.694761704388e-01,8.969359331476e-01
logreg,iid,fullbatch,fedavg,2,9.887600000000e-01,42,16,7.774319966865e-04,1.665254838349e-02,3.614794079571e-02,2.194287130952e-03,3.336667596904e-03,2.329965374459e-01,3.542982072493e-01,5.134732112982e-03,10,10,1,3.987261774711e-03,6.772654999850e-03,9.255188822037e-04,7.557265479243e-04,6.404770296087e-04,5.229774388379e-04,9.375194910112e-04,7.655255686050e-04,8.233775584439e-04,6.723237006246e-04,2.220446049250e-16,1.110223024625e-16,2.220446049250e-16,0.000000000000e+00,2.220446049250e-16,4.958691280634e-01,8.776077885953e-01,4.651182329946e-01,8.969359331476e-01
logreg,iid,fullbatch,fedavg,2,9.887600000000e-01,43,16,7.723033294129e-04,1.649987340786e-02,3.606022807959e-02,2.160969707160e-03,3.264548773467e-03,2.365727648764e-01,3.573873927311e-01,5.011751277805e-03,10,10,1,3.912016221538e-03,6.687418462772e-03,9.021769999278e-04,7.280729883392e-04,6.332909150376e-04,5.110771046440e-04,9.277479490581e-04,7.487092020195e-04,8.162796934290e-04,6.587523243921e-04,4.440892098501e-16,1.110223024625e-16,2.220446049250e-16,0.000000000000e+00,2.220446049250e-16,4.916795378382e-01,8.783031988873e-01,4.609580260717e-01,8.969359331476e-01
logreg,iid,fullbatch,fedavg,2,9.887600000000e-01,44,16,7.673124194680e-04,1.635220386271e-02,3.597102393050e-02,2.128993212286e-03,3.195419380260e-03,2.401288620230e-01,3.604109280574e-01,4.894374738671e-03,10,10,1,3.840181588833e-03,6.600106315196e-03,8.799213896155e-04,7.020961193561e-04,6.263322830685e-04,4.997553992431e-04,9.182448289649e-04,7.326746896297e-04,8.093470090435e-04,6.457842722862e-04,4.440892098501e-16,1.110223024625e-16,2.220446049250e-16,0.000000000000e+00,2.220446049250e-16,4.876746540858e-01,8.789986091794e-01,4.569824233780e-01,8.969359331476e-01
logreg,iid,fullbatch,fedavg,2,9.887600000000e-01,45,16,7.624507604021e-04,1.620924350670e-02,3.588045018540e-02,2.098267660919e-03,3.129095846987e-03,2.436648788296e-01,3.633715443473e-01,4.782233359748e-03,10,10,1,3.771514705890e-03,6.511197720209e-03,8.586799393303e-04,6.776580282366e-04,6.195886825074e-04,4.889705997244e-04,9.085449153253e-04,7.170107599857e-04,8.025729398825e-04,6.333791801180e-04,3.330669073875e-16,1.110223024625e-16,2.220446049250e-16,0.000000000000e+00,4.440892098501e-16,4.838426791342e-01,8.789986091794e-01,4.531794220229e-01,8.969359331476e-01
logreg,iid,fullbatch,fedavg,2,9.887600000000e-01,46,16,7.577106012735e-04,1.607071926394e-02,3.578862071196e-02,2.068711253925e-03,3.065409713234e-03,2.471808574241e-01,3.662718031991e-01,4.674988805298e-03,10,10,1,3.705795275657e-03,6.421091096235e-03,8.460856745511e-04,6.606464919045e-04,6.130486136364e-04,4.786848757139e-04,8.990067838740e-04,7.019687199879e-04,7.959512776518e-04,6.215002039676e-04,3.330669073875e-16,1.110223024625e-16,4.440892098501e-16,0.000000000000e+00,2.220446049250e-16,4.801727869555e-01,8.796940194715e-01,4.495380266960e-01,8.997214484680e-01
logreg,iid,fullbatch,fedavg,2,9.887600000000e-01,47,16,7.530848667391e-04,1.593637910096e-02,3.569564200484e-02,2.040249464867e-03,3.004206064649e-03,2.506768345889e-01,3.691141106552e-01,4.572330510741e-03,10,10,1,3.642823273366e-03,6.330118735071e-03,8.383805391090e-04,6.479073613562e-04,6.067014367611e-04,4.688638496316e-04,8.897508676928e-04,6.876067728909e-04,7.894761477796e-04,6.101136463702e-04,4.440892098501e-16,1.110223024625e-16,4.440892098501e-16,0.000000000000e+00,2.220446049250e-16,4.766550263233e-01,8.796940194715e-01,4.460481476794e-01,8.997214484680e-01
logreg,iid,fullbatch,fedavg,2,9.887600000000e-01,48,16,7.485670866243e-04,1.580599011997e-02,3.560161373260e-02,2.012814245150e-03,2.945342161474e-03,2.541528439092e-01,3.719007297509e-01,4.473972992046e-03,10,10,1,3.582416684839e-03,6.238558704948e-03,8.308665976805e-04,6.357031360116e-04,6.012397412961e-04,4.600136653750e-04,8.807629109152e-04,6.738792317738e-04,7.831419877198e-04,5.991886289877e-04,3.330669073875e-16,1.110223024625e-16,2.220446049250e-16,0.000000000000e+00,4.440892098501e-16,4.732802352280e-01,8.796940194715e-01,4.427005108242e-01,8.997214484680e-01
logreg,iid,fullbatch,fedavg,2,9.887600000000e-01,49,16,7.441513337474e-04,1.567933684473e-02,3.550662923870e-02,1.986343330500e-03,2.888686232685e-03,2.576089176206e-01,3.746337918129e-01,4.379653451128e-03,10,10,1,3.524409535206e-03,6.146644537566e-03,8.235356976633e-04,6.240000945013e-04,1.006250923830e-03,7.624449958191e-04,8.720296377313e-04,6.607443707616e-04,7.769435268202e-04,5.886968051702e-04,4.440892098501e-16,1.110223024625e-16,2.220446049250e-16,0.000000000000e+00,2.220446049250e-16,4.700399650590e-01,8.796940194715e-01,4.394865779048e-01,8.997214484680e-01
logreg,iid,fullbatch,fedavg,2,9.887600000000e-01,50,16,7.398321689427e-04,1.555621967814e-02,3.541077600033e-02,1.960779634155e-03,2.834116413015e-03,2.610450881782e-01,3.773153066542e-01,4.289129640848e-03,10,10,1,3.468650166579e-03,6.054573108499e-03,8.163801739892e-04,6.127672866341e-04,9.958811771019e-04,7.474990527034e-04,8.635386698667e-04,6.481640104661e-04,7.708757676396e-04,5.786121068574e-04,4.440892098501e-16,1.110223024625e-16,2.220446049250e-16,0.000000000000e+00,3.330669073875e-16,4.669264132829e-01,8.796940194715e-01,4.363984759962e-01,8.997214484680e-01
logreg,iid,fullbatch,fedavg,0,1.000000000000e+00,1,16,7.760830688689e-18,1.978631356166e-16,1.978631356166e-16,2.327471362408e-16,3.187887344338e-02,2.282523853498e-16,3.334447338016e-02,0.000000000000e+00,0,0,1,0.000000000000e+00,0.000000000000e+00,4.163336342344e-17,3.848303453471e-16,4.163336342344e-17,3.848303453471e-16,4.163336342344e-17,3.848303453471e-16,2.775557561563e-17,2.565535635647e-16,4.163336342344e-17,1.387778780781e-17,2.775557561563e-17,0.000000000000e+00,0.000000000000e+00,2.095649922024e+00,4.930458970793e-01,2.096893463477e+00,5.069637883008e-01
logreg,iid,fullbatch,fedavg,0,1.000000000000e+00,2,16,1.217880845326e-17,3.104999097773e-16,3.104999097773e-16,2.134240454770e-16,2.544274969277e-02,2.305750831874e-16,5.706390030251e-02,0.000000000000e+00,0,0,1,0.000000000000e+00,0.000000000000e+00,5.551115123126e-17,2.589808548877e-16,5.551115123126e-17,2.589808548877e-16,5.551115123126e-17,2.589808548877e-16,5.551115123126e-17,2.589808548877e-16,8.326672684689e-17,2.775557561563e-17,5.551115123126e-17,0.000000000000e+00,0.000000000000e+00,1.891964174737e+00,5.667593880389e-01,1.896641039981e+00,5.654596100279e-01
logreg,iid,fullbatch,fedavg,0,1.000000000000e+00,3,16,1.629822524202e-17,4.155248427299e-16,4.155248427299e-16,2.079064416464e-16,2.233013988975e-02,2.626341708099e-16,7.839211287996e-02,0.000000000000e+00,0,0,1,0.000000000000e+00,0.000000000000e+00,5.551115123126e-17,1.798299542422e-16,8.326672684689e-17,2.697449313633e-16,5.551115123126e-17,1.798299542422e-16,5.551115123126e-17,1.798299542422e-16,6.938893903907e-17,2.775557561563e-17,1.110223024625e-16,0.000000000000e+00,0.000000000000e+00,1.715119380416e+00,6.154381084840e-01,1.722729059100e+00,6.183844011142e-01
logreg,iid,fullbatch,fedavg,0,1.000000000000e+00,4,16,2.074532460416e-17,5.289040748621e-16,5.289040748621e-16,2.129784663058e-16,1.971643372567e-02,2.950060958760e-16,9.740573760340e-02,0.000000000000e+00,0,0,1,0.000000000000e+00,0.000000000000e+00,1.110223024625e-16,2.839659532933e-16,1.110223024625e-16,2.839659532933e-16,1.110223024625e-16,2.839659532933e-16,1.110223024625e-16,2.839659532933e-16,1.110223024625e-16,5.551115123126e-17,5.551115123126e-17,0.000000000000e+00,0.000000000000e+00,1.567672884204e+00,6.439499304590e-01,1.577523204832e+00,6.350974930362e-01
logreg,iid,fullbatch,fedavg,0,1.000000000000e+00,5,16,2.505181670692e-17,6.386985111976e-16,6.386985111976e-16,2.190261590281e-16,1.753115745971e-02,2.821871264883e-16,1.143781949064e-01,0.000000000000e+00,0,0,1,0.000000000000e+00,0.000000000000e+00,1.665334536938e-16,3.599485809732e-16,1.665334536938e-16,3.599485809732e-16,1.665334536938e-16,3.599485809732e-16,1.110223024625e-16,2.399657206488e-16,1.665334536938e-16,5.551115123126e-17,1.110223024625e-16,0.000000000000e+00,0.000000000000e+00,1.445155703431e+00,6.543810848401e-01,1.456574227659e+00,6.518105849582e-01
logreg,iid,fullbatch,fedavg,0,1.000000000000e+00,6,16,2.639209698376e-17,6.728690876242e-16,6.728690876242e-16,2.036114355184e-16,1.572297142069e-02,2.385259472953e-16,1.296199150925e-01,0.000000000000e+00,0,0,1,0.000000000000e+00,0.000000000000e+00,1.110223024625e-16,2.112902658225e-16,1.665334536938e-16,3.169353987337e-16,1.110223024625e-16,2.112902658225e-16,1.110223024625e-16,2.112902658225e-16,1.110223024625e-16,5.551115123126e-17,1.110223024625e-16,0.000000000000e+00,0.000000000000e+00,1.342662418062e+00,6.599443671766e-01,1.355079845553e+00,6.601671309192e-01
logreg,iid,fullbatch,fedavg,0,1.000000000000e+00,7,16,3.433607052880e-17,8.754014682323e-16,8.754014682323e-16,2.394229866614e-16,1.422768683973e-02,1.845033823992e-16,1.434117542663e-01,0.000000000000e+00,0,0,1,0.000000000000e+00,0.000000000000e+00,2.220446049250e-16,3.822576236620e-16,2.220446049250e-16,3.822576236620e-16,2.220446049250e-16,3.822576236620e-16,1.110223024625e-16,1.911288118310e-16,3.330669073875e-16,5.551115123126e-17,1.110223024625e-16,0.000000000000e+00,0.000000000000e+00,1.256077425153e+00,6.696801112656e-01,1.269054377518e+00,6.657381615599e-01
logreg,iid,fullbatch,fedavg,0,1.000000000000e+00,8,16,3.399779996559e-17,8.667772272187e-16,8.667772272187e-16,2.179510159855e-16,1.298357334022e-02,1.386049237229e-16,1.559882609946e-01,0.000000000000e+00,0,0,1,0.000000000000e+00,0.000000000000e+00,2.220446049250e-16,3.523281731623e-16,2.220446049250e-16,3.523281731623e-16,2.220446049250e-16,3.523281731623e-16,1.110223024625e-16,1.761640865811e-16,2.220446049250e-16,5.551115123126e-17,1.110223024625e-16,0.000000000000e+00,0.000000000000e+00,1.182177692978e+00,6.815020862309e-01,1.195394006818e+00,6.685236768802e-01
logreg,iid,fullbatch,fedavg,0,1.000000000000e+00,9,16,3.479928723470e-17,8.872112233444e-16,8.872112233444e-16,2.077081414591e-16,1.193851273014e-02,8.707458270991e-17,1.675393510829e-01,0.000000000000e+00,0,0,1,0.000000000000e+00,0.000000000000e+00,1.665334536938e-16,2.468944602879e-16,1.665334536938e-16,2.468944602879e-16,1.665334536938e-16,2.468944602879e-16,1.110223024625e-16,1.645963068586e-16,2.220446049250e-16,5.551115123126e-17,1.110223024625e-16,0.000000000000e+00,0.000000000000e+00,1.118485200692e+00,6.898470097357e-01,1.131715446499e+00,6.740947075209e-01
logreg,iid,fullbatch,fedavg,0,1.000000000000e+00,10,16,3.982513778760e-17,1.015345773552e-15,1.015345773552e-15,2.234637682655e-16,1.105112196599e-02,8.305184711082e-17,1.782174269087e-01,0.000000000000e+00,0,0,1,0.000000000000e+00,0.000000000000e+00,2.220446049250e-16,3.107367110645e-16,2.220446049250e-16,3.107367110645e-16,2.220446049250e-16,3.107367110645e-16,1.110223024625e-16,1.553683555323e-16,3.330669073875e-16,5.551115123126e-17,1.110223024625e-16,0.000000000000e+00,0.000000000000e+00,1.063094351249e+00,7.030598052851e-01,1.076183253127e+00,6.852367688022e-01
logreg,iid,fullbatch,fedavg,0,1.000000000000e+00,11,16,4.064895013593e-17,1.036348949751e-15,1.036348949751e-15,2.160511678564e-16,1.028941426958e-02,6.449595660717e-17,1.881450146242e-01,0.000000000000e+00,0,0,1,0.000000000000e+00,0.000000000000e+00,2.220446049250e-16,2.956402533740e-16,2.220446049250e-16,2.956402533740e-16,2.220446049250e-16,2.956402533740e-16,1.110223024625e-16,1.478201266870e-16,2.220446049250e-16,1.110223024625e-16,1.110223024625e-16,0.000000000000e+00,0.000000000000e+00,1.014528743995e+00,7.155771905424e-01,1.027371300773e+00,7.019498607242e-01
logreg,iid,fullbatch,fedavg,0,1.000000000000e+00,12,16,4.673472183789e-17,1.191506293069e-15,1.191506293069e-15,2.367257997666e-16,9.628873788912e-03,5.018462172460e-17,1.974213283215e-01,0.000000000000e+00,0,0,1,0.000000000000e+00,0.000000000000e+00,2.220446049250e-16,2.830375845066e-16,2.220446049250e-16,2.830375845066e-16,2.220446049250e-16,2.830375845066e-16,2.220446049250e-16,2.830375845066e-16,2.220446049250e-16,5.551115123126e-17,1.110223024625e-16,0.000000000000e+00,0.000000000000e+00,9.716328458294e-01,7.315716272601e-01,9.841596604226e-01,7.298050139276e-01
logreg,iid,fullbatch,fedavg,0,1.000000000000e+00,13,16,4.629206930416e-17,1.180220823532e-15,1.180220823532e-15,2.245798147871e-16,9.050679241771e-03,3.729450524760e-17,2.061274711979e-01,0.000000000000e+00,0,0,1,0.000000000000e+00,0.000000000000e+00,2.220446049250e-16,2.723379694669e-16,2.220446049250e-16,2.723379694669e-16,2.220446049250e-16,2.723379694669e-16,2.220446049250e-16,2.723379694669e-16,2.220446049250e-16,5.551115123126e-17,1.110223024625e-16,0.000000000000e+00,0.000000000000e+00,9.334923580963e-01,7.406119610570e-01,9.456592389630e-01,7.381615598886e-01
logreg,iid,fullbatch,fedavg,0,1.000000000000e+00,14,16,5.027621165059e-17,1.281796921379e-15,1.281796921379e-15,2.345733799807e-16,8.540277302407e-03,3.274534520209e-17,2.143304225515e-01,0.000000000000e+00,0,0,1,0.000000000000e+00,0.000000000000e+00,3.330669073875e-16,3.946869584040e-16,3.330669073875e-16,3.946869584040e-16,3.330669073875e-16,3.946869584040e-16,2.220446049250e-16,2.631246389360e-16,3.330669073875e-16,1.110223024625e-16,1.110223024625e-16,0.000000000000e+00,0.000000000000e+00,8.993759916358e-01,7.531293463143e-01,9.111566797222e-01,7.520891364903e-01
logreg,iid,fullbatch,fedavg,0,1.000000000000e+00,15,16,4.839958656007e-17,1.233952181598e-15,1.233952181598e-15,2.179316730093e-16,8.086302095938e-03,3.536265795499e-17,2.220860597808e-01,0.000000000000e+00,0,0,1,0.000000000000e+00,0.000000000000e+00,3.330669073875e-16,3.826427397343e-16,2.220446049250e-16,2.550951598228e-16,3.330669073875e-16,3.826427397343e-16,2.220446049250e-16,2.550951598228e-16,3.330669073875e-16,1.110223024625e-16,2.220446049250e-16,0.000000000000e+00,0.000000000000e+00,8.686927314996e-01,7.635605006954e-01,8.800738000117e-01,7.632311977716e-01
logreg,iid,fullbatch,fedavg,0,1.000000000000e+00,16,16,5.202370410529e-17,1.326349412011e-15,1.326349412011e-15,2.267406541769e-16,7.679777421204e-03,2.729692228745e-17,2.294414483990e-01,0.000000000000e+00,0,0,1,0.000000000000e+00,0.000000000000e+00,3.330669073875e-16,3.720370645863e-16,3.330669073875e-16,3.720370645863e-16,3.330669073875e-16,3.720370645863e-16,2.220446049250e-16,2.480247097242e-16,4.440892098501e-16,1.110223024625e-16,2.220446049250e-16,0.000000000000e+00,0.000000000000e+00,8.409602287313e-01,7.753824756606e-01,8.519374648819e-01,7.827298050139e-01
logreg,iid,fullbatch,fedavg,0,1.000000000000e+00,17,16,5.541862103701e-17,1.412903150421e-15,1.412903150421e-15,2.343910548848e-16,7.313532958979e-03,2.137836861342e-17,2.364365869861e-01,0.000000000000e+00,0,0,1,0.000000000000e+00,0.000000000000e+00,3.330669073875e-16,3.626139508703e-16,3.330669073875e-16,3.626139508703e-16,3.330669073875e-16,3.626139508703e-16,2.220446049250e-16,2.417426339135e-16,3.330669073875e-16,1.110223024625e-16,1.110223024625e-16,0.000000000000e+00,0.000000000000e+00,8.157812030816e-01,7.809457579972e-01,8.263570010833e-01,7.883008356546e-01
logreg,iid,fullbatch,fedavg,0,1.000000000000e+00,18,16,5.532344902479e-17,1.410476730683e-15,1.410476730683e-15,2.275694813813e-16,6.981776982404e-03,2.425054598948e-17,2.431057481390e-01,0.000000000000e+00,0,0,1,0.000000000000e+00,0.000000000000e+00,3.330669073875e-16,3.541755155348e-16,3.330669073875e-16,3.541755155348e-16,3.330669073875e-16,3.541755155348e-16,2.220446049250e-16,2.361170103565e-16,3.330669073875e-16,1.110223024625e-16,2.220446049250e-16,0.000000000000e+00,0.000000000000e+00,7.928256498015e-01,7.927677329624e-01,8.030071029675e-01,7.938718662953e-01
logreg,iid,fullbatch,fedavg,0,1.000000000000e+00,19,16,5.268732053232e-17,1.343268377566e-15,1.343268377566e-15,2.111898078953e-16,6.679781894365e-03,2.310658258516e-17,2.494785191454e-01,0.000000000000e+00,0,0,1,0.000000000000e+00,0.000000000000e+00,3.330669073875e-16,3.465663125204e-16,3.330669073875e-16,3.465663125204e-16,3.330669073875e-16,3.465663125204e-16,2.220446049250e-16,2.310442083469e-16,3.330669073875e-16,1.110223024625e-16,2.220446049250e-16,0.000000000000e+00,0.000000000000e+00,7.718172863113e-01,7.976356050070e-01,7.816147723796e-01,8.077994428969e-01
logreg,iid,fullbatch,fedavg,0,1.000000000000e+00,20,16,5.914704789937e-17,1.507959757051e-15,1.507959757051e-15,2.314222743969e-16,6.403650814610e-03,2.000342672754e-17,2.555806179570e-01,0.000000000000e+00,0,0,1,0.000000000000e+00,0.000000000000e+00,4.440892098501e-16,4.528833090288e-16,4.440892098501e-16,4.528833090288e-16,4.440892098501e-16,4.528833090288e-16,2.220446049250e-16,2.264416545144e-16,4.440892098501e-16,1.110223024625e-16,2.220446049250e-16,0.000000000000e+00,0.000000000000e+00,7.525231243988e-01,8.038942976356e-01,7.619492468952e-01,8.105849582173e-01
logreg,iid,fullbatch,fedavg,0,1.000000000000e+00,21,16,5.376768167059e-17,1.370812290195e-15,1.370812290195e-15,2.056640326456e-16,6.150142550952e-03,1.888669723062e-17,2.614345395203e-01,0.000000000000e+00,0,0,1,0.000000000000e+00,0.000000000000e+00,2.220446049250e-16,2.222427135085e-16,2.220446049250e-16,2.222427135085e-16,2.220446049250e-16,2.222427135085e-16,2.220446049250e-16,2.222427135085e-16,3.330669073875e-16,1.110223024625e-16,2.220446049250e-16,0.000000000000e+00,0.000000000000e+00,7.347453683805e-01,8.108484005563e-01,7.438141606708e-01,8.161559888579e-01
logreg,iid,fullbatch,fedavg,0,1.000000000000e+00,22,16,6.378295041601e-17,1.626152544029e-15,1.626152544029e-15,2.388337191512e-16,5.916538907176e-03,1.468305977630e-17,2.670600727681e-01,0.000000000000e+00,0,0,1,0.000000000000e+00,0.000000000000e+00,4.440892098501e-16,4.367859916250e-16,4.440892098501e-16,4.367859916250e-16,4.440892098501e-16,4.367859916250e-16,2.220446049250e-16,2.183929958125e-16,4.440892098501e-16,1.110223024625e-16,2.220446049250e-16,0.000000000000e+00,0.000000000000e+00,7.183150608090e-01,8.178025034771e-01,7.270413875607e-01,8.217270194986e-01
logreg,iid,fullbatch,fedavg,0,1.000000000000e+00,23,16,6.659749751237e-17,1.697909696860e-15,1.697909696860e-15,2.444171628178e-16,5.700542966682e-03,1.330859590310e-17,2.724747179968e-01,0.000000000000e+00,0,0,1,0.000000000000e+00,0.000000000000e+00,4.440892098501e-16,4.296952980593e-16,4.440892098501e-16,4.296952980593e-16,4.440892098501e-16,4.296952980593e-16,2.220446049250e-16,2.148476490297e-16,4.440892098501e-16,1.110223024625e-16,2.220446049250e-16,0.000000000000e+00,0.000000000000e+00,7.030870536438e-01,8.212795549374e-01,7.114861626972e-01,8.245125348189e-01
logreg,iid,fullbatch,fedavg,0,1.000000000000e+00,24,16,6.181450482161e-17,1.575966831542e-15,1.575966831542e-15,2.225993318739e-16,5.500200272250e-03,1.209005843373e-17,2.776940267575e-01,0.000000000000e+00,0,0,1,0.000000000000e+00,0.000000000000e+00,3.330669073875e-16,3.173540097122e-16,4.440892098501e-16,4.231386796163e-16,3.330669073875e-16,3.173540097122e-16,2.220446049250e-16,2.115693398081e-16,3.330669073875e-16,1.110223024625e-16,2.220446049250e-16,0.000000000000e+00,0.000000000000e+00,6.889359941382e-01,8.233657858136e-01,6.970231840194e-01,8.272980501393e-01
logreg,iid,fullbatch,fedavg,0,1.000000000000e+00,25,16,6.647081025961e-17,1.694679792990e-15,1.694679792990e-15,2.351019278416e-16,5.313837113017e-03,1.889696834262e-17,2.827318808904e-01,0.000000000000e+00,0,0,1,0.000000000000e+00,0.000000000000e+00,3.330669073875e-16,3.127900936803e-16,4.440892098501e-16,4.170534582404e-16,3.330669073875e-16,3.127900936803e-16,2.220446049250e-16,2.085267291202e-16,3.330669073875e-16,1.110223024625e-16,2.220446049250e-16,0.000000000000e+00,0.000000000000e+00,6.757530946019e-01,8.282336578581e-01,6.835434713742e-01,8.272980501393e-01
logreg,iid,fullbatch,fedavg,0,1.000000000000e+00,26,16,6.279777488109e-17,1.601035397645e-15,1.601035397645e-15,2.183505456965e-16,5.140011732650e-03,1.968464880370e-17,2.876007233267e-01,0.000000000000e+00,0,0,1,0.000000000000e+00,0.000000000000e+00,4.440892098501e-16,4.113866109892e-16,4.440892098501e-16,4.113866109892e-16,4.440892098501e-16,4.113866109892e-16,2.220446049250e-16,2.056933054946e-16,4.440892098501e-16,1.110223024625e-16,2.220446049250e-16,0.000000000000e+00,0.000000000000e+00,6.634435130367e-01,8.303198887344e-01,6.709518162470e-01,8.272980501393e-01
logreg,iid,fullbatch,fedavg,0,1.000000000000e+00,27,16,6.441137164488e-17,1.642174204573e-15,1.642174204573e-15,2.203516333886e-16,4.977475400744e-03,1.870483364338e-17,2.923117503344e-01,0.000000000000e+00,0,0,1,0.000000000000e+00,0.000000000000e+00,4.440892098501e-16,4.060929633584e-16,4.440892098501e-16,4.060929633584e-16,4.440892098501e-16,4.060929633584e-16,2.220446049250e-16,2.030464816792e-16,5.551115123126e-16,1.110223024625e-16,2.220446049250e-16,0.000000000000e+00,0.000000000000e+00,6.519242138388e-01,8.317107093185e-01,6.591646958010e-01,8.272980501393e-01
logreg,iid,fullbatch,fedavg,0,1.000000000000e+00,28,16,6.593707538057e-17,1.681072170174e-15,1.681072170174e-15,2.221037784758e-16,4.825141089710e-03,9.048503514549e-18,2.968750726938e-01,0.000000000000e+00,0,0,1,0.000000000000e+00,0.000000000000e+00,4.440892098501e-16,4.011337754366e-16,4.440892098501e-16,4.011337754366e-16,4.440892098501e-16,4.011337754366e-16,2.220446049250e-16,2.005668877183e-16,4.440892098501e-16,1.110223024625e-16,4.440892098501e-16,0.000000000000e+00,0.000000000000e+00,6.411222088182e-01,8.337969401947e-01,6.481085548801e-01,8.300835654596e-01
logreg,iid,fullbatch,fedavg,0,1.000000000000e+00,29,16,6.675645158922e-17,1.701962246558e-15,1.701962246558e-15,2.215615149651e-16,4.682058072550e-03,1.242460828550e-17,3.012998516450e-01,0.000000000000e+00,0,0,1,0.000000000000e+00,0.000000000000e+00,4.440892098501e-16,3.964756244897e-16,4.440892098501e-16,3.964756244897e-16,4.440892098501e-16,3.964756244897e-16,2.220446049250e-16,1.982378122449e-16,6.661338147751e-16,1.110223024625e-16,2.220446049250e-16,0.000000000000e+00,0.000000000000e+00,6.309731018226e-01,8.372739916551e-01,6.377183819006e-01,8.356545961003e-01
logreg,iid,fullbatch,fedavg,0,1.000000000000e+00,30,16,7.011947518264e-17,1.787702861196e-15,1.787702861196e-15,2.294527384089e-16,4.547391171474e-03,1.609609253365e-17,3.055944142087e-01,0.000000000000e+00,0,0,1,0.000000000000e+00,0.000000000000e+00,4.440892098501e-16,3.920895137287e-16,4.440892098501e-16,3.920895137287e-16,4.440892098501e-16,3.920895137287e-16,2.220446049250e-16,1.960447568643e-16,5.551115123126e-16,1.110223024625e-16,2.220446049250e-16,0.000000000000e+00,0.000000000000e+00,6.214198774904e-01,8.407510431154e-01,6.279365212286e-01,8.384401114206e-01
logreg,iid,fullbatch,fedavg,0,1.000000000000e+00,31,16,6.683113086482e-17,1.703866201976e-15,1.703866201976e-15,2.157469025778e-16,4.420403690453e-03,1.093986382314e-17,3.097663515272e-01,0.000000000000e+00,0,0,1,0.000000000000e+00,0.000000000000e+00,4.440892098501e-16,3.879501554399e-16,4.440892098501e-16,3.879501554399e-16,4.440892098501e-16,3.879501554399e-16,2.220446049250e-16,1.939750777200e-16,4.440892098501e-16,1.110223024625e-16,2.220446049250e-16,0.000000000000e+00,0.000000000000e+00,6.124118876580e-01,8.421418636996e-01,6.187116772078e-01,8.412256267409e-01
logreg,iid,fullbatch,fedavg,0,1.000000000000e+00,32,16,6.935287003857e-17,1.768158188252e-15,1.768158188252e-15,2.209938651444e-16,4.300443288659e-03,9.950339203315e-18,3.138226031445e-01,0.000000000000e+00,0,0,1,0.000000000000e+00,0.000000000000e+00,3.330669073875e-16,2.880265423631e-16,4.440892098501e-16,3.840353898174e-16,3.330669073875e-16,2.880265423631e-16,2.220446049250e-16,1.920176949087e-16,4.440892098501e-16,1.110223024625e-16,2.220446049250e-16,0.000000000000e+00,0.000000000000e+00,6.039039988261e-01,8.428372739917e-01,6.099980745468e-01,8.467966573816e-01
logreg,iid,fullbatch,fedavg,0,1.000000000000e+00,33,16,6.412102542981e-17,1.634771799491e-15,1.634771799491e-15,2.017846881563e-16,4.186930218763e-03,6.813403808359e-18,3.177695295698e-01,0.000000000000e+00,0,0,1,0.000000000000e+00,0.000000000000e+00,4.440892098501e-16,3.803257103496e-16,4.440892098501e-16,3.803257103496e-16,4.440892098501e-16,3.803257103496e-16,2.220446049250e-16,1.901628551748e-16,4.440892098501e-16,1.110223024625e-16,2.220446049250e-16,0.000000000000e+00,0.000000000000e+00,5.958558716667e-01,8.449235048679e-01,6.017547470862e-01,8.467966573816e-01
logreg,iid,fullbatch,fedavg,0,1.000000000000e+00,34,16,7.464398416066e-17,1.903055659038e-15,1.903055659038e-15,2.320925769665e-16,4.079347479921e-03,1.127903104396e-17,3.216129750304e-01,0.000000000000e+00,0,0,1,0.000000000000e+00,0.000000000000e+00,4.440892098501e-16,3.768038735690e-16,4.440892098501e-16,3.768038735690e-16,4.440892098501e-16,3.768038735690e-16,2.220446049250e-16,1.884019367845e-16,3.330669073875e-16,1.110223024625e-16,2.220446049250e-16,0.000000000000e+00,0.000000000000e+00,5.882313493930e-01,8.477051460362e-01,5.939449325947e-01,8.495821727019e-01
logreg,iid,fullbatch,fedavg,0,1.000000000000e+00,35,16,7.140539691572e-17,1.820487561246e-15,1.820487561246e-15,2.194669448919e-16,3.977232530885e-03,9.623102713387e-18,3.253583219601e-01,0.000000000000e+00,0,0,1,0.000000000000e+00,0.000000000000e+00,4.440892098501e-16,3.733473481514e-16,4.440892098501e-16,3.733473481514e-16,4.440892098501e-16,3.733473481514e-16,2.220446049250e-16,1.866736740757e-16,4.440892098501e-16,1.110223024625e-16,2.220446049250e-16,0.000000000000e+00,0.000000000000e+00,5.809979363666e-01,8.497913769124e-01,5.865355556248e-01,8.495821727019e-01
logreg,iid,fullbatch,fedavg,0,1.000000000000e+00,36,16,7.170846576995e-17,1.828214331254e-15,1.828214331254e-15,2.179518811073e-16,3.880170281977e-03,7.637537010958e-18,3.290105384988e-01,0.000000000000e+00,0,0,1,0.000000000000e+00,0.000000000000e+00,4.440892098501e-16,3.699189944312e-16,4.440892098501e-16,3.699189944312e-16,4.440892098501e-16,3.699189944312e-16,2.220446049250e-16,1.849594972156e-16,4.440892098501e-16,1.110223024625e-16,2.220446049250e-16,0.000000000000e+00,0.000000000000e+00,5.741263518752e-01,8.518776077886e-01,5.794967838810e-01,8.495821727019e-01
logreg,iid,fullbatch,fedavg,0,1.000000000000e+00,37,16,7.220257675426e-17,1.840811739008e-15,1.840811739008e-15,2.171021456311e-16,3.787787141336e-03,1.188165781535e-17,3.325742200491e-01,0.000000000000e+00,0,0,1,0.000000000000e+00,0.000000000000e+00,4.440892098501e-16,3.666505961038e-16,4.440892098501e-16,3.666505961038e-16,4.440892098501e-16,3.666505961038e-16,2.220446049250e-16,1.833252980519e-16,4.440892098501e-16,1.110223024625e-16,2.220446049250e-16,0.000000000000e+00,0.000000000000e+00,5.675901468242e-01,8.532684283727e-01,5.728016462534e-01,8.495821727019e-01
logreg,iid,fullbatch,fedavg,0,1.000000000000e+00,38,16,7.476891014387e-17,1.906240659168e-15,1.906240659168e-15,2.224910086146e-16,3.699745934901e-03,9.199911181010e-18,3.360536257597e-01,0.000000000000e+00,0,0,1,0.000000000000e+00,0.000000000000e+00,4.440892098501e-16,3.635301348499e-16,4.440892098501e-16,3.635301348499e-16,4.440892098501e-16,3.635301348499e-16,2.220446049250e-16,1.817650674250e-16,4.440892098501e-16,1.110223024625e-16,2.220446049250e-16,0.000000000000e+00,0.000000000000e+00,5.613653733170e-01,8.539638386648e-01,5.664257028143e-01,8.523676880223e-01
logreg,iid,fullbatch,fedavg,0,1.000000000000e+00,39,16,7.479465613192e-17,1.906897055645e-15,1.906897055645e-15,2.203389567465e-16,3.615741554178e-03,1.054017415869e-17,3.394527106614e-01,0.000000000000e+00,0,0,1,0.000000000000e+00,0.000000000000e+00,4.440892098501e-16,3.605467956169e-16,4.440892098501e-16,3.605467956169e-16,4.440892098501e-16,3.605467956169e-16,2.220446049250e-16,1.802733978085e-16,4.440892098501e-16,1.110223024625e-16,2.220446049250e-16,0.000000000000e+00,0.000000000000e+00,5.554302988777e-01,8.553546592490e-01,5.603467587815e-01,8.523676880223e-01
logreg,iid,fullbatch,fedavg,0,1.000000000000e+00,40,16,7.955557190737e-17,2.028277067854e-15,2.028277067854e-15,2.320925859565e-16,3.535497213092e-03,6.810857389793e-18,3.427751540597e-01,0.000000000000e+00,0,0,1,0.000000000000e+00,0.000000000000e+00,3.330669073875e-16,2.682681138426e-16,4.440892098501e-16,3.576908184568e-16,3.330669073875e-16,2.682681138426e-16,2.220446049250e-16,1.788454092284e-16,3.330669073875e-16,1.110223024625e-16,2.220446049250e-16,0.000000000000e+00,0.000000000000e+00,5.497651585054e-01,8.588317107093e-01,5.545446158330e-01,8.495821727019e-01
logreg,iid,fullbatch,fedavg,0,1.000000000000e+00,41,16,7.551560688964e-17,1.925277765555e-15,1.925277765555e-15,2.182378185746e-16,3.458761216895e-03,1.205063567480e-17,3.460243846958e-01,0.000000000000e+00,0,0,1,0.000000000000e+00,0.000000000000e+00,4.440892098501e-16,3.549533718753e-16,4.440892098501e-16,3.549533718753e-16,4.440892098501e-16,3.549533718753e-16,4.440892098501e-16,3.549533718753e-16,4.440892098501e-16,1.110223024625e-16,2.220446049250e-16,0.000000000000e+00,0.000000000000e+00,5.443519389043e-01,8.609179415855e-01,5.490008552685e-01,8.495821727019e-01
logreg,iid,fullbatch,fedavg,0,1.000000000000e+00,42,16,7.904650842441e-17,2.015298444687e-15,2.015298444687e-15,2.263622360178e-16,3.385304163366e-03,1.152174974788e-17,3.492036031054e-01,0.000000000000e+00,0,0,1,0.000000000000e+00,0.000000000000e+00,4.440892098501e-16,3.523264441111e-16,4.440892098501e-16,3.523264441111e-16,4.440892098501e-16,3.523264441111e-16,2.220446049250e-16,1.761632220555e-16,4.440892098501e-16,1.110223024625e-16,4.440892098501e-16,0.000000000000e+00,0.000000000000e+00,5.391741901750e-01,8.609179415855e-01,5.436986484151e-01,8.495821727019e-01
logreg,iid,fullbatch,fedavg,0,1.000000000000e+00,43,16,7.684178690749e-17,1.959088854503e-15,1.959088854503e-15,2.181048552785e-16,3.314916510472e-03,1.149332786983e-17,3.523158015413e-01,0.000000000000e+00,0,0,1,0.000000000000e+00,0.000000000000e+00,3.330669073875e-16,2.623520620755e-16,3.330669073875e-16,2.623520620755e-16,3.330669073875e-16,2.623520620755e-16,2.220446049250e-16,1.749013747170e-16,4.440892098501e-16,1.110223024625e-16,2.220446049250e-16,0.000000000000e+00,0.000000000000e+00,5.342168610194e-01,8.616133518776e-01,5.386225904202e-01,8.551532033426e-01
logreg,iid,fullbatch,fedavg,0,1.000000000000e+00,44,16,8.858233363405e-17,2.258415238798e-15,2.258415238798e-15,2.492722617731e-16,3.247406455828e-03,1.572890089084e-17,3.553637817700e-01,0.000000000000e+00,0,0,1,0.000000000000e+00,0.000000000000e+00,4.440892098501e-16,3.473756470817e-16,4.440892098501e-16,3.473756470817e-16,4.440892098501e-16,3.473756470817e-16,2.220446049250e-16,1.736878235409e-16,6.661338147751e-16,1.110223024625e-16,2.220446049250e-16,0.000000000000e+00,0.000000000000e+00,5.294661541440e-01,8.616133518776e-01,5.337585541782e-01,8.579387186630e-01
logreg,iid,fullbatch,fedavg,0,1.000000000000e+00,45,16,8.216284577217e-17,2.094749769423e-15,2.094749769423e-15,2.292808889723e-16,3.182598082453e-03,2.739873995387e-17,3.583501710083e-01,0.000000000000e+00,0,0,1,0.000000000000e+00,0.000000000000e+00,4.440892098501e-16,3.448470867138e-16,4.440892098501e-16,3.448470867138e-16,4.440892098501e-16,3.448470867138e-16,4.440892098501e-16,3.448470867138e-16,6.661338147751e-16,1.110223024625e-16,2.220446049250e-16,0.000000000000e+00,0.000000000000e+00,5.249093990630e-01,8.630041724618e-01,5.290935616422e-01,8.579387186630e-01
logreg,iid,fullbatch,fedavg,0,1.000000000000e+00,46,16,8.051488967769e-17,2.052734968007e-15,2.052734968007e-15,2.228616614378e-16,3.120329732709e-03,2.832919574861e-17,3.612774362277e-01,0.000000000000e+00,0,0,1,0.000000000000e+00,0.000000000000e+00,4.440892098501e-16,3.419787240438e-16,4.440892098501e-16,3.419787240438e-16,4.440892098501e-16,3.419787240438e-16,2.220446049250e-16,1.709893620219e-16,4.440892098501e-16,1.110223024625e-16,2.220446049250e-16,0.000000000000e+00,0.000000000000e+00,5.205349399349e-01,8.643949930459e-01,5.246156701877e-01,8.579387186630e-01
logreg,iid,fullbatch,fedavg,0,1.000000000000e+00,47,16,8.018431986409e-17,2.044307058356e-15,2.044307058356e-15,2.201971246294e-16,3.060452578422e-03,2.666712333655e-17,3.641478970220e-01,0.000000000000e+00,0,0,1,0.000000000000e+00,0.000000000000e+00,4.440892098501e-16,3.392168367363e-16,4.440892098501e-16,3.392168367363e-16,4.440892098501e-16,3.392168367363e-16,2.220446049250e-16,1.696084183681e-16,4.440892098501e-16,1.110223024625e-16,2.220446049250e-16,0.000000000000e+00,0.000000000000e+00,5.163320364223e-01,8.650904033380e-01,5.203138720433e-01,8.635097493036e-01
logreg,iid,fullbatch,fedavg,0,1.000000000000e+00,48,16,8.336242981916e-17,2.125333281742e-15,2.125333281742e-15,2.271680315153e-16,3.002829360194e-03,2.716963018603e-17,3.669637372086e-01,0.000000000000e+00,0,0,1,0.000000000000e+00,0.000000000000e+00,4.440892098501e-16,3.365551562251e-16,4.440892098501e-16,3.365551562251e-16,4.440892098501e-16,3.365551562251e-16,2.220446049250e-16,1.682775781125e-16,4.440892098501e-16,1.110223024625e-16,2.220446049250e-16,0.000000000000e+00,0.000000000000e+00,5.122907758632e-01,8.664812239221e-01,5.161780050918e-01,8.635097493036e-01
logreg,iid,fullbatch,fedavg,0,1.000000000000e+00,49,16,8.155737752771e-17,2.079313297456e-15,2.079313297456e-15,2.205880937855e-16,2.947333273065e-03,1.416122755132e-17,3.697270153077e-01,0.000000000000e+00,0,0,1,0.000000000000e+00,0.000000000000e+00,4.440892098501e-16,3.339879066702e-16,4.440892098501e-16,3.339879066702e-16,4.440892098501e-16,3.339879066702e-16,2.220446049250e-16,1.669939533351e-16,4.440892098501e-16,1.110223024625e-16,2.220446049250e-16,0.000000000000e+00,0.000000000000e+00,5.084019952925e-01,8.671766342142e-01,5.121986735922e-01,8.662952646240e-01
logreg,iid,fullbatch,fedavg,0,1.000000000000e+00,50,16,8.721962893066e-17,2.223672949429e-15,2.223672949429e-15,2.341845807864e-16,2.893846979117e-03,1.973375652650e-17,3.724396740288e-01,0.000000000000e+00,0,0,1,0.000000000000e+00,0.000000000000e+00,4.440892098501e-16,3.315097570233e-16,4.440892098501e-16,3.315097570233e-16,4.440892098501e-16,3.315097570233e-16,4.440892098501e-16,3.315097570233e-16,4.440892098501e-16,1.110223024625e-16,4.440892098501e-16,0.000000000000e+00,0.000000000000e+00,5.046572120603e-01,8.678720445063e-01,5.083671775736e-01,8.662952646240e-01
logreg,iid,fullbatch,fedavg,1,1.000000000000e+00,1,16,6.846145055174e-18,1.745431361461e-16,1.745431361461e-16,2.292444574837e-16,2.833355540535e-02,2.311664028861e-16,2.986395017058e-02,0.000000000000e+00,0,0,1,0.000000000000e+00,0.000000000000e+00,4.163336342344e-17,3.893734660371e-16,4.163336342344e-17,3.893734660371e-16,4.163336342344e-17,3.893734660371e-16,2.775557561563e-17,2.595823106914e-16,4.163336342344e-17,1.387778780781e-17,1.387778780781e-17,0.000000000000e+00,0.000000000000e+00,2.059617343285e+00,3.664812239221e-01,2.050197974795e+00,3.816155988858e-01
logreg,iid,fullbatch,fedavg,1,1.000000000000e+00,2,16,1.158658417379e-17,2.954010939903e-16,2.954010939903e-16,2.176051328131e-16,2.465242438554e-02,2.307620677873e-16,5.324591393598e-02,0.000000000000e+00,0,0,1,0.000000000000e+00,0.000000000000e+00,5.551115123126e-17,3.042583654942e-16,5.551115123126e-17,3.042583654942e-16,5.551115123126e-17,3.042583654942e-16,2.775557561563e-17,1.521291827471e-16,5.551115123126e-17,2.775557561563e-17,4.163336342344e-17,0.000000000000e+00,0.000000000000e+00,1.840533631774e+00,5.563282336579e-01,1.827470951993e+00,5.348189415042e-01
logreg,iid,fullbatch,fedavg,1,1.000000000000e+00,3,16,1.648263298641e-17,4.202263361655e-16,4.202263361655e-16,2.200053527833e-16,2.224703699677e-02,2.360788385295e-16,7.491923618170e-02,0.000000000000e+00,0,0,1,0.000000000000e+00,0.000000000000e+00,1.110223024625e-16,4.411796007255e-16,1.110223024625e-16,4.411796007255e-16,1.110223024625e-16,4.411796007255e-16,5.551115123126e-17,2.205898003627e-16,1.387778780781e-16,2.775557561563e-17,5.551115123126e-17,0.000000000000e+00,0.000000000000e+00,1.656446565086e+00,6.884561891516e-01,1.641702866531e+00,6.768802228412e-01
logreg,iid,fullbatch,fedavg,1,1.000000000000e+00,4,16,2.169254307567e-17,5.530535022115e-16,5.530535022115e-16,2.291438710811e-16,2.010991031083e-02,2.850461557730e-16,9.466778654529e-02,0.000000000000e+00,0,0,1,0.000000000000e+00,0.000000000000e+00,1.110223024625e-16,3.531422207815e-16,1.387778780781e-16,4.414277759768e-16,1.110223024625e-16,3.531422207815e-16,5.551115123126e-17,1.765711103907e-16,1.387778780781e-16,2.775557561563e-17,1.110223024625e-16,0.000000000000e+00,0.000000000000e+00,1.504003600090e+00,7.413073713491e-01,1.488864889966e+00,7.242339832869e-01
logreg,iid,fullbatch,fedavg,1,1.000000000000e+00,5,16,2.449483226381e-17,6.244981384768e-16,6.244981384768e-16,2.175097144539e-16,1.822339467689e-02,2.703906382006e-16,1.126148886054e-01,0.000000000000e+00,0,0,1,0.000000000000e+00,0.000000000000e+00,1.110223024625e-16,2.992900337541e-16,1.110223024625e-16,2.992900337541e-16,1.110223024625e-16,2.992900337541e-16,1.110223024625e-16,2.992900337541e-16,1.665334536938e-16,2.775557561563e-17,5.551115123126e-17,0.000000000000e+00,0.000000000000e+00,1.377965017359e+00,7.726008344924e-01,1.363247533314e+00,7.381615598886e-01
logreg,iid,fullbatch,fedavg,1,1.000000000000e+00,6,16,2.738673028662e-17,6.982273607249e-16,6.982273607249e-16,2.123851159373e-16,1.657130831672e-02,2.346576618675e-16,1.289484442719e-01,0.000000000000e+00,0,0,1,0.000000000000e+00,0.000000000000e+00,1.110223024625e-16,2.631437168842e-16,1.110223024625e-16,2.631437168842e-16,1.110223024625e-16,2.631437168842e-16,1.110223024625e-16,2.631437168842e-16,1.665334536938e-16,5.551115123126e-17,1.110223024625e-16,0.000000000000e+00,0.000000000000e+00,1.273445776537e+00,7.969401947149e-01,1.259625960582e+00,7.604456824513e-01
logreg,iid,fullbatch,fedavg,1,1.000000000000e+00,7,16,3.203530657048e-17,8.167432666340e-16,8.167432666340e-16,2.226838596513e-16,1.513096215251e-02,2.082885805919e-16,1.438600292838e-01,0.000000000000e+00,0,0,1,0.000000000000e+00,0.000000000000e+00,1.665334536938e-16,3.559208378238e-16,1.665334536938e-16,3.559208378238e-16,1.665334536938e-16,3.559208378238e-16,1.110223024625e-16,2.372805585492e-16,1.665334536938e-16,5.551115123126e-17,1.110223024625e-16,0.000000000000e+00,0.000000000000e+00,1.186305485305e+00,8.136300417246e-01,1.173625211992e+00,7.771587743733e-01
logreg,iid,fullbatch,fedavg,1,1.000000000000e+00,8,16,3.324924004806e-17,8.476926190860e-16,8.476926190860e-16,2.110707427124e-16,1.387715507476e-02,1.620712514161e-16,1.575265222493e-01,0.000000000000e+00,0,0,1,0.000000000000e+00,0.000000000000e+00,1.665334536938e-16,3.268229699623e-16,2.220446049250e-16,4.357639599497e-16,1.665334536938e-16,3.268229699623e-16,1.110223024625e-16,2.178819799749e-16,2.220446049250e-16,5.551115123126e-17,1.110223024625e-16,0.000000000000e+00,0.000000000000e+00,1.113168014782e+00,8.219749652295e-01,1.101716251424e+00,7.883008356546e-01
logreg,iid,fullbatch,fedavg,1,1.000000000000e+00,9,16,3.614580675134e-17,9.215408697982e-16,9.215408697982e-16,2.124915849569e-16,1.278498924576e-02,1.150646154919e-16,1.701046503026e-01,0.000000000000e+00,0,0,1,0.000000000000e+00,0.000000000000e+00,1.665334536938e-16,3.041902595326e-16,1.665334536938e-16,3.041902595326e-16,1.665334536938e-16,3.041902595326e-16,1.110223024625e-16,2.027935063551e-16,2.220446049250e-16,5.551115123126e-17,1.110223024625e-16,0.000000000000e+00,0.000000000000e+00,1.051331628104e+00,8.296244784423e-01,1.041104137147e+00,7.938718662953e-01
logreg,iid,fullbatch,fedavg,1,1.000000000000e+00,10,16,3.754931097679e-17,9.573233469631e-16,9.573233469631e-16,2.066208545851e-16,1.183146551515e-02,5.064433330282e-17,1.817304988511e-01,0.000000000000e+00,0,0,1,0.000000000000e+00,0.000000000000e+00,2.220446049250e-16,3.814268470026e-16,2.220446049250e-16,3.814268470026e-16,2.220446049250e-16,3.814268470026e-16,1.110223024625e-16,1.907134235013e-16,2.220446049250e-16,5.551115123126e-17,1.110223024625e-16,0.000000000000e+00,0.000000000000e+00,9.986531679397e-01,8.317107093185e-01,9.895932433822e-01,7.966573816156e-01
logreg,iid,fullbatch,fedavg,1,1.000000000000e+00,11,16,4.386437576105e-17,1.118326539786e-15,1.118326539786e-15,2.278420014603e-16,1.099619056597e-02,2.509168450278e-17,1.925210254471e-01,0.000000000000e+00,0,0,1,0.000000000000e+00,0.000000000000e+00,2.220446049250e-16,3.615708396347e-16,2.220446049250e-16,3.615708396347e-16,2.220446049250e-16,3.615708396347e-16,1.110223024625e-16,1.807854198173e-16,2.220446049250e-16,5.551115123126e-17,1.110223024625e-16,0.000000000000e+00,0.000000000000e+00,9.534376866996e-01,8.358831710709e-01,9.454622706532e-01,7.994428969359e-01
logreg,iid,fullbatch,fedavg,1,1.000000000000e+00,12,16,4.630296809918e-17,1.180498689375e-15,1.180498689375e-15,2.285705358929e-16,1.026153506133e-02,1.977420053384e-17,2.025762765892e-01,0.000000000000e+00,0,0,1,0.000000000000e+00,0.000000000000e+00,2.220446049250e-16,3.422647448612e-16,2.220446049250e-16,3.422647448612e-16,2.220446049250e-16,3.422647448612e-16,1.110223024625e-16,1.711323724306e-16,2.775557561563e-16,5.551115123126e-17,1.110223024625e-16,0.000000000000e+00,0.000000000000e+00,9.143438543906e-01,8.393602225313e-01,9.073594237543e-01,7.994428969359e-01
logreg,iid,fullbatch,fedavg,1,1.000000000000e+00,13,16,5.010232525106e-17,1.277363670658e-15,1.277363670658e-15,2.363521073614e-16,9.612497641112e-03,2.950781906394e-17,2.119817157985e-01,0.000000000000e+00,0,0,1,0.000000000000e+00,0.000000000000e+00,2.220446049250e-16,3.258363582385e-16,3.330669073875e-16,4.887545373577e-16,2.220446049250e-16,3.258363582385e-16,2.220446049250e-16,3.258363582385e-16,3.330669073875e-16,5.551115123126e-17,2.220446049250e-16,0.000000000000e+00,0.000000000000e+00,8.803068886830e-01,8.393602225313e-01,8.742186589769e-01,8.022284122563e-01
logreg,iid,fullbatch,fedavg,1,1.000000000000e+00,14,16,4.808860236509e-17,1.226023609205e-15,1.226023609205e-15,2.177823211964e-16,9.036434266736e-03,1.307623540762e-17,2.208104041729e-01,0.000000000000e+00,0,0,1,0.000000000000e+00,0.000000000000e+00,2.220446049250e-16,3.116709467582e-16,2.220446049250e-16,3.116709467582e-16,2.220446049250e-16,3.116709467582e-16,1.110223024625e-16,1.558354733791e-16,2.220446049250e-16,5.551115123126e-17,2.220446049250e-16,0.000000000000e+00,0.000000000000e+00,8.504774948834e-01,8.442280945758e-01,8.451944575325e-01,8.022284122563e-01
logreg,iid,fullbatch,fedavg,1,1.000000000000e+00,15,16,5.312203480900e-17,1.354351460464e-15,1.354351460464e-15,2.318474635080e-16,8.522743715503e-03,2.642214128165e-17,2.291249341495e-01,0.000000000000e+00,0,0,1,0.000000000000e+00,0.000000000000e+00,2.220446049250e-16,2.993176419686e-16,2.220446049250e-16,2.993176419686e-16,2.220446049250e-16,2.993176419686e-16,1.110223024625e-16,1.496588209843e-16,2.775557561563e-16,5.551115123126e-17,2.220446049250e-16,0.000000000000e+00,0.000000000000e+00,8.241742739511e-01,8.490959666203e-01,8.196117205325e-01,8.022284122563e-01
logreg,iid,fullbatch,fedavg,1,1.000000000000e+00,16,16,5.077014758305e-17,1.294389866170e-15,1.294389866170e-15,2.142389305775e-16,8.062557427955e-03,2.428165440641e-17,2.369790936045e-01,0.000000000000e+00,0,0,1,0.000000000000e+00,0.000000000000e+00,2.220446049250e-16,2.884383697205e-16,2.220446049250e-16,2.884383697205e-16,2.220446049250e-16,2.884383697205e-16,2.220446049250e-16,2.884383697205e-16,2.220446049250e-16,1.110223024625e-16,1.110223024625e-16,0.000000000000e+00,0.000000000000e+00,8.008469623058e-01,8.490959666203e-01,7.969275340333e-01,8.077994428969e-01
logreg,iid,fullbatch,fedavg,1,1.000000000000e+00,17,16,5.375361886806e-17,1.370453757672e-15,1.370453757672e-15,2.199238146410e-16,7.648456835255e-03,1.818797493814e-17,2.444192729006e-01,0.000000000000e+00,0,0,1,0.000000000000e+00,0.000000000000e+00,2.220446049250e-16,2.787747108446e-16,3.330669073875e-16,4.181620662668e-16,2.220446049250e-16,2.787747108446e-16,2.220446049250e-16,2.787747108446e-16,3.330669073875e-16,1.110223024625e-16,1.110223024625e-16,0.000000000000e+00,0.000000000000e+00,7.800481516826e-01,8.504867872045e-01,7.767020484415e-01,8.077994428969e-01
logreg,iid,fullbatch,fedavg,1,1.000000000000e+00,18,16,5.487011737011e-17,1.398918995917e-15,1.398918995917e-15,2.181838965601e-16,7.274227028635e-03,1.661518674777e-17,2.514856423192e-01,0.000000000000e+00,0,0,1,0.000000000000e+00,0.000000000000e+00,2.220446049250e-16,2.701257668560e-16,2.775557561563e-16,3.376572085699e-16,2.220446049250e-16,2.701257668560e-16,2.220446049250e-16,2.701257668560e-16,2.220446049250e-16,1.110223024625e-16,2.220446049250e-16,0.000000000000e+00,0.000000000000e+00,7.614115416327e-01,8.484005563282e-01,7.585762713345e-01,8.050139275766e-01
logreg,iid,fullbatch,fedavg,1,1.000000000000e+00,19,16,5.623969831900e-17,1.433836595836e-15,1.433836595836e-15,2.178034012143e-16,6.934647919570e-03,2.018569172124e-17,2.582131316841e-01,0.000000000000e+00,0,0,1,0.000000000000e+00,0.000000000000e+00,3.330669073875e-16,3.934994994135e-16,4.440892098501e-16,5.246659992181e-16,3.330669073875e-16,3.934994994135e-16,2.220446049250e-16,2.623329996090e-16,3.330669073875e-16,1.110223024625e-16,2.220446049250e-16,0.000000000000e+00,0.000000000000e+00,7.446351799123e-01,8.511821974965e-01,7.422550736941e-01,8.105849582173e-01
logreg,iid,fullbatch,fedavg,1,1.000000000000e+00,20,16,5.621272444689e-17,1.433148894334e-15,1.433148894334e-15,2.124182743658e-16,6.625320220611e-03,1.895027221052e-17,2.646322432226e-01,0.000000000000e+00,0,0,1,0.000000000000e+00,0.000000000000e+00,3.330669073875e-16,3.829044228281e-16,3.330669073875e-16,3.829044228281e-16,3.330669073875e-16,3.829044228281e-16,2.220446049250e-16,2.552696152187e-16,3.330669073875e-16,1.110223024625e-16,2.220446049250e-16,0.000000000000e+00,0.000000000000e+00,7.294684966111e-01,8.511821974965e-01,7.274941216150e-01,8.133704735376e-01
logreg,iid,fullbatch,fedavg,1,1.000000000000e+00,21,16,6.202467264265e-17,1.581325080645e-15,1.581325080645e-15,2.290679745944e-16,6.342521993242e-03,1.351004261774e-17,2.707697256785e-01,0.000000000000e+00,0,0,1,0.000000000000e+00,0.000000000000e+00,3.330669073875e-16,3.732494737754e-16,2.220446049250e-16,2.488329825169e-16,3.330669073875e-16,3.732494737754e-16,2.220446049250e-16,2.488329825169e-16,3.330669073875e-16,1.110223024625e-16,1.110223024625e-16,0.000000000000e+00,0.000000000000e+00,7.157022227534e-01,8.518776077886e-01,7.140897679603e-01,8.161559888579e-01
logreg,iid,fullbatch,fedavg,1,1.000000000000e+00,22,16,5.636816755501e-17,1.437111931542e-15,1.437111931542e-15,2.037532768096e-16,6.083091141057e-03,1.571098858010e-17,2.766491338821e-01,0.000000000000e+00,0,0,1,0.000000000000e+00,0.000000000000e+00,2.220446049250e-16,2.429391224760e-16,3.330669073875e-16,3.644086837140e-16,2.220446049250e-16,2.429391224760e-16,2.220446049250e-16,2.429391224760e-16,3.330669073875e-16,1.110223024625e-16,1.110223024625e-16,0.000000000000e+00,0.000000000000e+00,7.031605065914e-01,8.525730180807e-01,7.018711835875e-01,8.189415041783e-01
logreg,iid,fullbatch,fedavg,1,1.000000000000e+00,23,16,6.311775212989e-17,1.609193248822e-15,1.609193248822e-15,2.235908560972e-16,5.844329467557e-03,1.652995604183e-17,2.822912941594e-01,0.000000000000e+00,0,0,1,0.000000000000e+00,0.000000000000e+00,3.330669073875e-16,3.562779582199e-16,2.220446049250e-16,2.375186388133e-16,3.330669073875e-16,3.562779582199e-16,2.220446049250e-16,2.375186388133e-16,3.330669073875e-16,1.110223024625e-16,2.220446049250e-16,0.000000000000e+00,0.000000000000e+00,6.916947105539e-01,8.532684283727e-01,6.906941911433e-01,8.189415041783e-01
logreg,iid,fullbatch,fedavg,1,1.000000000000e+00,24,16,6.365875776273e-17,1.622986240216e-15,1.622986240216e-15,2.212565413866e-16,5.623924421743e-03,1.942709814442e-17,2.877146924732e-01,0.000000000000e+00,0,0,1,0.000000000000e+00,0.000000000000e+00,3.330669073875e-16,3.487705039341e-16,3.330669073875e-16,3.487705039341e-16,3.330669073875e-16,3.487705039341e-16,2.220446049250e-16,2.325136692894e-16,4.440892098501e-16,1.110223024625e-16,2.220446049250e-16,0.000000000000e+00,0.000000000000e+00,6.811784996299e-01,8.546592489569e-01,6.804364004264e-01,8.189415041783e-01
logreg,iid,fullbatch,fedavg,1,1.000000000000e+00,25,16,6.487019440219e-17,1.653871935537e-15,1.653871935537e-15,2.214485036912e-16,5.419885234081e-03,2.496134650871e-17,2.929357991628e-01,0.000000000000e+00,0,0,1,0.000000000000e+00,0.000000000000e+00,3.330669073875e-16,3.418133572732e-16,2.775557561563e-16,2.848444643943e-16,3.330669073875e-16,3.418133572732e-16,2.220446049250e-16,2.278755715154e-16,4.440892098501e-16,1.110223024625e-16,1.110223024625e-16,0.000000000000e+00,0.000000000000e+00,6.715039275421e-01,8.560500695410e-01,6.709933448231e-01,8.189415041783e-01
logreg,iid,fullbatch,fedavg,1,1.000000000000e+00,26,16,6.726907624232e-17,1.715031662105e-15,1.715031662105e-15,2.257583813206e-16,5.230490706051e-03,2.289746095663e-17,2.979693415979e-01,0.000000000000e+00,0,0,1,0.000000000000e+00,0.000000000000e+00,3.330669073875e-16,3.353447175997e-16,4.440892098501e-16,4.471262901330e-16,3.330669073875e-16,3.353447175997e-16,2.220446049250e-16,2.235631450665e-16,4.440892098501e-16,1.110223024625e-16,2.220446049250e-16,0.000000000000e+00,0.000000000000e+00,6.625782983692e-01,8.560500695410e-01,6.622753925910e-01,8.161559888579e-01
logreg,iid,fullbatch,fedavg,1,1.000000000000e+00,27,16,7.087752577656e-17,1.807029435049e-15,1.807029435049e-15,2.340516755482e-16,5.054246416859e-03,2.451613629966e-17,3.028285339575e-01,0.000000000000e+00,0,0,1,0.000000000000e+00,0.000000000000e+00,4.440892098501e-16,4.390825008745e-16,4.440892098501e-16,4.390825008745e-16,4.440892098501e-16,4.390825008745e-16,2.220446049250e-16,2.195412504372e-16,4.440892098501e-16,1.110223024625e-16,2.220446049250e-16,0.000000000000e+00,0.000000000000e+00,6.543216344791e-01,8.567454798331e-01,6.542052617548e-01,8.161559888579e-01
logreg,iid,fullbatch,fedavg,1,1.000000000000e+00,28,16,6.286998677020e-17,1.602876446803e-15,1.602876446803e-15,2.044384399345e-16,4.889849537458e-03,1.835101385010e-17,3.075252716189e-01,0.000000000000e+00,0,0,1,0.000000000000e+00,0.000000000000e+00,3.330669073875e-16,3.236695878959e-16,3.330669073875e-16,3.236695878959e-16,3.330669073875e-16,3.236695878959e-16,2.220446049250e-16,2.157797252639e-16,3.330669073875e-16,1.110223024625e-16,2.220446049250e-16,0.000000000000e+00,0.000000000000e+00,6.466646214347e-01,8.567454798331e-01,6.467160082499e-01,8.161559888579e-01
logreg,iid,fullbatch,fedavg,1,1.000000000000e+00,29,16,7.470498472144e-17,1.904610874286e-15,1.904610874286e-15,2.393851180941e-16,4.736159795875e-03,2.243062068551e-17,3.120702962499e-01,0.000000000000e+00,0,0,1,0.000000000000e+00,0.000000000000e+00,4.440892098501e-16,4.245050515194e-16,5.551115123126e-16,5.306313143992e-16,4.440892098501e-16,4.245050515194e-16,2.220446049250e-16,2.122525257597e-16,4.440892098501e-16,1.110223024625e-16,2.220446049250e-16,0.000000000000e+00,0.000000000000e+00,6.395469304080e-01,8.560500695410e-01,6.397493874574e-01,8.161559888579e-01
logreg,iid,fullbatch,fedavg,1,1.000000000000e+00,30,16,6.798637354592e-17,1.733319226845e-15,1.733319226845e-15,2.148249653027e-16,4.592175426153e-03,2.344691137229e-17,3.164733365609e-01,0.000000000000e+00,0,0,1,0.000000000000e+00,0.000000000000e+00,3.330669073875e-16,3.134055608635e-16,4.440892098501e-16,4.178740811513e-16,3.330669073875e-16,3.134055608635e-16,2.220446049250e-16,2.089370405756e-16,3.330669073875e-16,1.110223024625e-16,2.220446049250e-16,0.000000000000e+00,0.000000000000e+00,6.329158411681e-01,8.574408901252e-01,6.332545121732e-01,8.161559888579e-01
logreg,iid,fullbatch,fedavg,1,1.000000000000e+00,31,16,7.302348355338e-17,1.861740837946e-15,1.861740837946e-15,2.276696029839e-16,4.457013165538e-03,1.259497437535e-17,3.207432287680e-01,0.000000000000e+00,0,0,1,0.000000000000e+00,0.000000000000e+00,4.440892098501e-16,4.116270759324e-16,5.551115123126e-16,5.145338449155e-16,4.440892098501e-16,4.116270759324e-16,2.220446049250e-16,2.058135379662e-16,5.551115123126e-16,1.110223024625e-16,2.220446049250e-16,0.000000000000e+00,0.000000000000e+00,6.267251057832e-01,8.574408901252e-01,6.271867473336e-01,8.189415041783e-01
logreg,iid,fullbatch,fedavg,1,1.000000000000e+00,32,16,7.143652156770e-17,1.821281087285e-15,1.821281087285e-15,2.198804423450e-16,4.329891550433e-03,1.296707606263e-17,3.248880200797e-01,0.000000000000e+00,0,0,1,0.000000000000e+00,0.000000000000e+00,4.440892098501e-16,4.057294339134e-16,4.440892098501e-16,4.057294339134e-16,4.440892098501e-16,4.057294339134e-16,2.220446049250e-16,2.028647169567e-16,4.440892098501e-16,1.110223024625e-16,2.220446049250e-16,0.000000000000e+00,0.000000000000e+00,6.209340061875e-01,8.567454798331e-01,6.215067949395e-01,8.189415041783e-01
logreg,iid,fullbatch,fedavg,1,1.000000000000e+00,33,16,8.002132236868e-17,2.040151421307e-15,2.040151421307e-15,2.432887167681e-16,4.210116909782e-03,1.306299676256e-17,3.289150579267e-01,0.000000000000e+00,0,0,1,0.000000000000e+00,0.000000000000e+00,4.440892098501e-16,4.001506806875e-16,4.440892098501e-16,4.001506806875e-16,4.440892098501e-16,4.001506806875e-16,2.220446049250e-16,2.000753403438e-16,6.661338147751e-16,1.110223024625e-16,2.220446049250e-16,0.000000000000e+00,0.000000000000e+00,6.155065687368e-01,8.567454798331e-01,6.161799326359e-01,8.189415041783e-01
logreg,iid,fullbatch,fedavg,1,1.000000000000e+00,34,16,7.699726308831e-17,1.963052734903e-15,1.963052734903e-15,2.313403725864e-16,4.097071572370e-03,1.069908183264e-17,3.328310671738e-01,0.000000000000e+00,0,0,1,0.000000000000e+00,0.000000000000e+00,3.330669073875e-16,2.961478988989e-16,3.330669073875e-16,2.961478988989e-16,3.330669073875e-16,2.961478988989e-16,2.220446049250e-16,1.974319325993e-16,4.440892098501e-16,1.110223024625e-16,2.220446049250e-16,0.000000000000e+00,0.000000000000e+00,6.104109065567e-01,8.567454798331e-01,6.111753770984e-01,8.189415041783e-01
logreg,iid,fullbatch,fedavg,1,1.000000000000e+00,35,16,7.741885634121e-17,1.973801296019e-15,1.973801296019e-15,2.299737002474e-16,3.990203898203e-03,1.051002759753e-17,3.366422171663e-01,0.000000000000e+00,0,0,1,0.000000000000e+00,0.000000000000e+00,4.440892098501e-16,3.898450592766e-16,4.440892098501e-16,3.898450592766e-16,4.440892098501e-16,3.898450592766e-16,2.220446049250e-16,1.949225296383e-16,4.440892098501e-16,1.110223024625e-16,2.220446049250e-16,0.000000000000e+00,0.000000000000e+00,6.056186664465e-01,8.560500695410e-01,6.064657493239e-01,8.217270194986e-01
logreg,iid,fullbatch,fedavg,1,1.000000000000e+00,36,16,7.829845805695e-17,1.996226827583e-15,1.996226827583e-15,2.300499380496e-16,3.889019818689e-03,1.293840866486e-17,3.403541801435e-01,0.000000000000e+00,0,0,1,0.000000000000e+00,0.000000000000e+00,4.440892098501e-16,3.850729406443e-16,4.440892098501e-16,3.850729406443e-16,4.440892098501e-16,3.850729406443e-16,2.220446049250e-16,1.925364703221e-16,4.440892098501e-16,1.110223024625e-16,2.220446049250e-16,0.000000000000e+00,0.000000000000e+00,6.011045617386e-01,8.560500695410e-01,6.020266235397e-01,8.245125348189e-01
logreg,iid,fullbatch,fedavg,1,1.000000000000e+00,37,16,8.217141970899e-17,2.094968362779e-15,2.094968362779e-15,2.388897240477e-16,3.793075629746e-03,1.573607012310e-17,3.439721822969e-01,0.000000000000e+00,0,0,1,0.000000000000e+00,0.000000000000e+00,4.440892098501e-16,3.805284435388e-16,4.440892098501e-16,3.805284435388e-16,4.440892098501e-16,3.805284435388e-16,2.220446049250e-16,1.902642217694e-16,5.551115123126e-16,1.110223024625e-16,4.440892098501e-16,0.000000000000e+00,0.000000000000e+00,5.968459761553e-01,8.574408901252e-01,5.978361450586e-01,8.245125348189e-01
logreg,iid,fullbatch,fedavg,1,1.000000000000e+00,38,16,7.382077298278e-17,1.882067809739e-15,1.882067809739e-15,2.124332380955e-16,3.701971829434e-03,1.743095676371e-17,3.475010485392e-01,0.000000000000e+00,0,0,1,0.000000000000e+00,0.000000000000e+00,4.440892098501e-16,3.761944644509e-16,4.440892098501e-16,3.761944644509e-16,4.440892098501e-16,3.761944644509e-16,2.220446049250e-16,1.880972322254e-16,4.440892098501e-16,1.110223024625e-16,2.220446049250e-16,0.000000000000e+00,0.000000000000e+00,5.928226265647e-01,8.560500695410e-01,5.938747052419e-01,8.245125348189e-01
logreg,iid,fullbatch,fedavg,1,1.000000000000e+00,39,16,7.703107951445e-17,1.963914887986e-15,1.963914887986e-15,2.194960077028e-16,3.615347829743e-03,9.770753422596e-18,3.509452418777e-01,0.000000000000e+00,0,0,1,0.000000000000e+00,0.000000000000e+00,4.440892098501e-16,3.720556130571e-16,4.440892098501e-16,3.720556130571e-16,4.440892098501e-16,3.720556130571e-16,2.220446049250e-16,1.860278065285e-16,4.440892098501e-16,1.110223024625e-16,2.220446049250e-16,0.000000000000e+00,0.000000000000e+00,5.890162748127e-01,8.560500695410e-01,5.901246639736e-01,8.245125348189e-01
logreg,iid,fullbatch,fedavg,1,1.000000000000e+00,40,16,8.100100793159e-17,2.065128600319e-15,2.065128600319e-15,2.286169169224e-16,3.532877402733e-03,1.382972677300e-17,3.543088981429e-01,0.000000000000e+00,0,0,1,0.000000000000e+00,0.000000000000e+00,4.440892098501e-16,3.680980004168e-16,4.440892098501e-16,3.680980004168e-16,4.440892098501e-16,3.680980004168e-16,2.220446049250e-16,1.840490002084e-16,5.551115123126e-16,1.110223024625e-16,2.220446049250e-16,0.000000000000e+00,0.000000000000e+00,5.854104806107e-01,8.560500695410e-01,5.865701118305e-01,8.245125348189e-01
logreg,iid,fullbatch,fedavg,1,1.000000000000e+00,41,16,7.759724705540e-17,1.978349384683e-15,1.978349384683e-15,2.169970529579e-16,3.454264745841e-03,1.015201921254e-17,3.575958567071e-01,0.000000000000e+00,0,0,1,0.000000000000e+00,0.000000000000e+00,3.330669073875e-16,2.732317935449e-16,3.330669073875e-16,2.732317935449e-16,3.330669073875e-16,2.732317935449e-16,2.220446049250e-16,1.821545290299e-16,4.440892098501e-16,1.110223024625e-16,2.220446049250e-16,0.000000000000e+00,0.000000000000e+00,5.819903889056e-01,8.560500695410e-01,5.831966655515e-01,8.245125348189e-01
logreg,iid,fullbatch,fedavg,1,1.000000000000e+00,42,16,7.651540603508e-17,1.950767742317e-15,1.950767742317e-15,2.120658303737e-16,3.379241071147e-03,1.467587060828e-17,3.608096877288e-01,0.000000000000e+00,0,0,1,0.000000000000e+00,0.000000000000e+00,3.330669073875e-16,2.705080371065e-16,4.440892098501e-16,3.606773828087e-16,3.330669073875e-16,2.705080371065e-16,2.220446049250e-16,1.803386914043e-16,4.440892098501e-16,1.110223024625e-16,2.220446049250e-16,0.000000000000e+00,0.000000000000e+00,5.787425463202e-01,8.560500695410e-01,5.799912915495e-01,8.217270194986e-01
logreg,iid,fullbatch,fedavg,1,1.000000000000e+00,43,16,8.531281762228e-17,2.175058609078e-15,2.175058609078e-15,2.344056779283e-16,3.307561639569e-03,1.060237652183e-17,3.639537163788e-01,0.000000000000e+00,0,0,1,0.000000000000e+00,0.000000000000e+00,4.440892098501e-16,3.571926031431e-16,4.440892098501e-16,3.571926031431e-16,4.440892098501e-16,3.571926031431e-16,2.220446049250e-16,1.785963015716e-16,6.661338147751e-16,1.110223024625e-16,2.220446049250e-16,0.000000000000e+00,0.000000000000e+00,5.756547421902e-01,8.553546592490e-01,5.769421531266e-01,8.217270194986e-01
logreg,iid,fullbatch,fedavg,1,1.000000000000e+00,44,16,8.150474526591e-17,2.077971432807e-15,2.077971432807e-15,2.220649901451e-16,3.239003174147e-03,0.000000000000e+00,3.670310444373e-01,0.000000000000e+00,0,0,1,0.000000000000e+00,0.000000000000e+00,3.330669073875e-16,2.653839477610e-16,4.440892098501e-16,3.538452636813e-16,3.330669073875e-16,2.653839477610e-16,2.220446049250e-16,1.769226318406e-16,4.440892098501e-16,1.110223024625e-16,2.220446049250e-16,0.000000000000e+00,0.000000000000e+00,5.727158704847e-01,8.553546592490e-01,5.740384777976e-01,8.217270194986e-01
logreg,iid,fullbatch,fedavg,1,1.000000000000e+00,45,16,8.406361744705e-17,2.143210128729e-15,2.143210128729e-15,2.271716013547e-16,3.173361597403e-03,1.072072164485e-17,3.700445695929e-01,0.000000000000e+00,0,0,1,0.000000000000e+00,0.000000000000e+00,4.440892098501e-16,3.506267249589e-16,4.440892098501e-16,3.506267249589e-16,4.440892098501e-16,3.506267249589e-16,4.440892098501e-16,3.506267249589e-16,6.661338147751e-16,1.110223024625e-16,2.220446049250e-16,0.000000000000e+00,0.000000000000e+00,5.699158095169e-01,8.560500695410e-01,5.712704417299e-01,8.217270194986e-01
logreg,iid,fullbatch,fedavg,1,1.000000000000e+00,46,16,8.440470651196e-17,2.151906227718e-15,2.151906227718e-15,2.262878947941e-16,3.110450046618e-03,2.734389385323e-18,3.729970027285e-01,0.000000000000e+00,0,0,1,0.000000000000e+00,0.000000000000e+00,4.440892098501e-16,3.475290761834e-16,4.440892098501e-16,3.475290761834e-16,4.440892098501e-16,3.475290761834e-16,2.220446049250e-16,1.737645380917e-16,4.440892098501e-16,1.110223024625e-16,2.220446049250e-16,0.000000000000e+00,0.000000000000e+00,5.672453168574e-01,8.560500695410e-01,5.686290688007e-01,8.217270194986e-01
logreg,iid,fullbatch,fedavg,1,1.000000000000e+00,47,16,8.680990235268e-17,2.213226930347e-15,2.213226930347e-15,2.309444207810e-16,3.050097128175e-03,8.480877447726e-18,3.758908834390e-01,0.000000000000e+00,0,0,1,0.000000000000e+00,0.000000000000e+00,4.440892098501e-16,3.445450590338e-16,4.440892098501e-16,3.445450590338e-16,4.440892098501e-16,3.445450590338e-16,2.220446049250e-16,1.722725295169e-16,5.551115123126e-16,1.110223024625e-16,2.220446049250e-16,0.000000000000e+00,0.000000000000e+00,5.646959372820e-01,8.553546592490e-01,5.661061421783e-01,8.217270194986e-01
logreg,iid,fullbatch,fedavg,1,1.000000000000e+00,48,16,8.303793845179e-17,2.117060342671e-15,2.117060342671e-15,2.192544734388e-16,2.992145378160e-03,4.019905999323e-18,3.787285939913e-01,0.000000000000e+00,0,0,1,0.000000000000e+00,0.000000000000e+00,4.440892098501e-16,3.416680009001e-16,4.440892098501e-16,3.416680009001e-16,4.440892098501e-16,3.416680009001e-16,2.220446049250e-16,1.708340004500e-16,4.440892098501e-16,1.110223024625e-16,2.220446049250e-16,0.000000000000e+00,0.000000000000e+00,5.622599219240e-01,8.553546592490e-01,5.636941266663e-01,8.217270194986e-01
logreg,iid,fullbatch,fedavg,1,1.000000000000e+00,49,16,9.105523340224e-17,2.321462059664e-15,2.321462059664e-15,2.386691496961e-16,2.936449901441e-03,4.344624568707e-18,3.815123719098e-01,0.000000000000e+00,0,0,1,0.000000000000e+00,0.000000000000e+00,4.440892098501e-16,3.388917562174e-16,4.440892098501e-16,3.388917562174e-16,4.440892098501e-16,3.388917562174e-16,2.220446049250e-16,1.694458781087e-16,4.440892098501e-16,1.110223024625e-16,2.220446049250e-16,0.000000000000e+00,0.000000000000e+00,5.599301570899e-01,8.567454798331e-01,5.613861003230e-01,8.245125348189e-01
logreg,iid,fullbatch,fedavg,1,1.000000000000e+00,50,16,8.361718943274e-17,2.131828402947e-15,2.131828402947e-15,2.176146394050e-16,2.882877165612e-03,1.475120357624e-18,3.842443213442e-01,0.000000000000e+00,0,0,1,0.000000000000e+00,0.000000000000e+00,4.440892098501e-16,3.362106547680e-16,4.440892098501e-16,3.362106547680e-16,4.440892098501e-16,3.362106547680e-16,2.220446049250e-16,1.681053273840e-16,4.440892098501e-16,1.110223024625e-16,2.220446049250e-16,0.000000000000e+00,0.000000000000e+00,5.577001014291e-01,8.567454798331e-01,5.591756940998e-01,8.272980501393e-01
logreg,iid,fullbatch,fedavg,2,1.000000000000e+00,1,16,7.712074726727e-18,1.966200976093e-16,1.966200976093e-16,2.350152697581e-16,3.100278146701e-02,2.139804518278e-16,3.281520700619e-02,0.000000000000e+00,0,0,1,0.000000000000e+00,0.000000000000e+00,5.551115123126e-17,4.975506572875e-16,5.551115123126e-17,4.975506572875e-16,5.551115123126e-17,4.975506572875e-16,2.775557561563e-17,2.487753286438e-16,5.551115123126e-17,1.387778780781e-17,2.775557561563e-17,0.000000000000e+00,0.000000000000e+00,2.059479517493e+00,5.299026425591e-01,2.075317412095e+00,5.236768802228e-01
logreg,iid,fullbatch,fedavg,2,1.000000000000e+00,2,16,1.354385063617e-17,3.453017934152e-16,3.453017934152e-16,2.390132545214e-16,2.540835262143e-02,2.240875471927e-16,5.666568853385e-02,0.000000000000e+00,0,0,1,0.000000000000e+00,0.000000000000e+00,8.326672684689e-17,3.779349085726e-16,8.326672684689e-17,3.779349085726e-16,8.326672684689e-17,3.779349085726e-16,5.551115123126e-17,2.519566057150e-16,1.110223024625e-16,2.775557561563e-17,5.551115123126e-17,0.000000000000e+00,0.000000000000e+00,1.840201301753e+00,5.584144645341e-01,1.851770561752e+00,5.487465181058e-01
logreg,iid,fullbatch,fedavg,2,1.000000000000e+00,3,16,1.883429315226e-17,4.801821415406e-16,4.801821415406e-16,2.406470288061e-16,2.243410928349e-02,2.514552215321e-16,7.826522207941e-02,0.000000000000e+00,0,0,1,0.000000000000e+00,0.000000000000e+00,1.110223024625e-16,3.532551348470e-16,1.110223024625e-16,3.532551348470e-16,1.110223024625e-16,3.532551348470e-16,5.551115123126e-17,1.766275674235e-16,1.110223024625e-16,2.775557561563e-17,1.110223024625e-16,0.000000000000e+00,0.000000000000e+00,1.654600802783e+00,5.660639777469e-01,1.660427280907e+00,5.654596100279e-01
logreg,iid,fullbatch,fedavg,2,1.000000000000e+00,4,16,2.172697465934e-17,5.539313387964e-16,5.539313387964e-16,2.225689801860e-16,1.991842726804e-02,3.042343932134e-16,9.761906012771e-02,0.000000000000e+00,0,0,1,0.000000000000e+00,0.000000000000e+00,1.110223024625e-16,2.815279399831e-16,1.110223024625e-16,2.815279399831e-16,1.110223024625e-16,2.815279399831e-16,5.551115123126e-17,1.407639699916e-16,1.110223024625e-16,2.775557561563e-17,5.551115123126e-17,0.000000000000e+00,0.000000000000e+00,1.501441604174e+00,6.015299026426e-01,1.501765549083e+00,6.100278551532e-01
logreg,iid,fullbatch,fedavg,2,1.000000000000e+00,5,16,2.577986168439e-17,6.572600889321e-16,6.572600889321e-16,2.241997612631e-16,1.781146767112e-02,2.669729738288e-16,1.149861246022e-01,0.000000000000e+00,0,0,1,0.000000000000e+00,0.000000000000e+00,1.665334536938e-16,3.597274482773e-16,1.110223024625e-16,2.398182988516e-16,1.665334536938e-16,3.597274482773e-16,1.110223024625e-16,2.398182988516e-16,1.665334536938e-16,5.551115123126e-17,5.551115123126e-17,0.000000000000e+00,0.000000000000e+00,1.374957256585e+00,6.759388038943e-01,1.370415349057e+00,6.796657381616e-01
logreg,iid,fullbatch,fedavg,2,1.000000000000e+00,6,16,3.013445160947e-17,7.682807839406e-16,7.682807839406e-16,2.306400538915e-16,1.605353613444e-02,2.346401522786e-16,1.306557603548e-01,0.000000000000e+00,0,0,1,0.000000000000e+00,0.000000000000e+00,1.665334536938e-16,3.188419074884e-16,1.665334536938e-16,3.188419074884e-16,1.665334536938e-16,3.188419074884e-16,1.110223024625e-16,2.125612716590e-16,1.665334536938e-16,5.551115123126e-17,1.110223024625e-16,0.000000000000e+00,0.000000000000e+00,1.269728586672e+00,7.420027816412e-01,1.261026407611e+00,7.576601671309e-01
logreg,iid,fullbatch,fedavg,2,1.000000000000e+00,7,16,3.150814648773e-17,8.033032688903e-16,8.033032688903e-16,2.174696111949e-16,1.457981088223e-02,1.872159876076e-16,1.448852844984e-01,0.000000000000e+00,0,0,1,0.000000000000e+00,0.000000000000e+00,1.665334536938e-16,2.899895799069e-16,2.220446049250e-16,3.866527732092e-16,1.665334536938e-16,2.899895799069e-16,1.110223024625e-16,1.933263866046e-16,1.665334536938e-16,5.551115123126e-17,1.110223024625e-16,0.000000000000e+00,0.000000000000e+00,1.181383451641e+00,7.795549374131e-01,1.169180206391e+00,7.883008356546e-01
logreg,iid,fullbatch,fedavg,2,1.000000000000e+00,8,16,3.237239318961e-17,8.253373228775e-16,8.253373228775e-16,2.050321181014e-16,1.333402127564e-02,1.519092072419e-16,1.578893760128e-01,0.000000000000e+00,0,0,1,0.000000000000e+00,0.000000000000e+00,2.220446049250e-16,3.579885603008e-16,2.220446049250e-16,3.579885603008e-16,2.220446049250e-16,3.579885603008e-16,1.110223024625e-16,1.789942801504e-16,2.220446049250e-16,5.551115123126e-17,1.110223024625e-16,0.000000000000e+00,0.000000000000e+00,1.106521039816e+00,8.059805285118e-01,1.091389762549e+00,8.272980501393e-01
logreg,iid,fullbatch,fedavg,2,1.000000000000e+00,9,16,3.907222405636e-17,9.961501645141e-16,9.961501645141e-16,2.300476949608e-16,1.227121896083e-02,1.075369241427e-16,1.698440145771e-01,0.000000000000e+00,0,0,1,0.000000000000e+00,0.000000000000e+00,2.220446049250e-16,3.357498915975e-16,2.220446049250e-16,3.357498915975e-16,2.220446049250e-16,3.357498915975e-16,1.110223024625e-16,1.678749457987e-16,2.775557561563e-16,5.551115123126e-17,1.110223024625e-16,0.000000000000e+00,0.000000000000e+00,1.042513682016e+00,8.191933240612e-01,1.024935695915e+00,8.440111420613e-01
logreg,iid,fullbatch,fedavg,2,1.000000000000e+00,10,16,4.013349077505e-17,1.023207263053e-15,1.023207263053e-15,2.218627526523e-16,1.135647167479e-02,7.711801265117e-17,1.808933238918e-01,0.000000000000e+00,0,0,1,0.000000000000e+00,0.000000000000e+00,2.220446049250e-16,3.177961476599e-16,2.220446049250e-16,3.177961476599e-16,2.220446049250e-16,3.177961476599e-16,2.220446049250e-16,3.177961476599e-16,2.220446049250e-16,5.551115123126e-17,1.110223024625e-16,0.000000000000e+00,0.000000000000e+00,9.873239910497e-01,8.268428372740e-01,9.676979121840e-01,8.607242339833e-01
logreg,iid,fullbatch,fedavg,2,1.000000000000e+00,11,16,4.474678731395e-17,1.140823708422e-15,1.140823708422e-15,2.340852258231e-16,1.056271109545e-02,3.597749735979e-17,1.911559653396e-01,0.000000000000e+00,0,0,1,0.000000000000e+00,0.000000000000e+00,2.220446049250e-16,3.027016373417e-16,2.220446049250e-16,3.027016373417e-16,2.220446049250e-16,3.027016373417e-16,1.110223024625e-16,1.513508186708e-16,3.330669073875e-16,1.110223024625e-16,1.110223024625e-16,0.000000000000e+00,0.000000000000e+00,9.393609900147e-01,8.393602225313e-01,9.180160153069e-01,8.690807799443e-01
logreg,iid,fullbatch,fedavg,2,1.000000000000e+00,12,16,3.957066448432e-17,1.008857951857e-15,1.008857951857e-15,1.971334368863e-16,9.868801757752e-03,2.588974258211e-17,2.007303535581e-01,0.000000000000e+00,0,0,1,0.000000000000e+00,0.000000000000e+00,2.220446049250e-16,2.900917223974e-16,2.220446049250e-16,2.900917223974e-16,2.220446049250e-16,2.900917223974e-16,1.110223024625e-16,1.450458611987e-16,2.220446049250e-16,5.551115123126e-17,1.110223024625e-16,0.000000000000e+00,0.000000000000e+00,8.973720646760e-01,8.470097357441e-01,8.745808733184e-01,8.690807799443e-01
logreg,iid,fullbatch,fedavg,2,1.000000000000e+00,13,16,4.523464922436e-17,1.153261795428e-15,1.153261795428e-15,2.157125504416e-16,9.258053439904e-03,2.735120623496e-17,2.096987362662e-01,0.000000000000e+00,0,0,1,0.000000000000e+00,0.000000000000e+00,2.220446049250e-16,2.793771223263e-16,3.330669073875e-16,4.190656834895e-16,2.220446049250e-16,2.793771223263e-16,2.220446049250e-16,2.793771223263e-16,3.330669073875e-16,1.110223024625e-16,1.110223024625e-16,0.000000000000e+00,0.000000000000e+00,8.603627315836e-01,8.546592489569e-01,8.363523902328e-01,8.802228412256e-01
logreg,iid,fullbatch,fedavg,2,1.000000000000e+00,14,16,4.891728111928e-17,1.247150854896e-15,1.247150854896e-15,2.242571009807e-16,8.717132468301e-03,1.859290983206e-17,2.181303553170e-01,0.000000000000e+00,0,0,1,0.000000000000e+00,0.000000000000e+00,2.220446049250e-16,2.701422002779e-16,2.775557561563e-16,3.376777503473e-16,2.220446049250e-16,2.701422002779e-16,2.220446049250e-16,2.701422002779e-16,2.220446049250e-16,1.110223024625e-16,1.665334536938e-16,0.000000000000e+00,0.000000000000e+00,8.275369464230e-01,8.581363004172e-01,8.024976167860e-01,8.802228412256e-01
logreg,iid,fullbatch,fedavg,2,1.000000000000e+00,15,16,4.974970584131e-17,1.268373604402e-15,1.268373604402e-15,2.200497470599e-16,8.235273434602e-03,2.695991891429e-17,2.260839037810e-01,0.000000000000e+00,0,0,1,0.000000000000e+00,0.000000000000e+00,2.220446049250e-16,2.620854799712e-16,2.220446049250e-16,2.620854799712e-16,2.220446049250e-16,2.620854799712e-16,2.220446049250e-16,2.620854799712e-16,3.330669073875e-16,1.110223024625e-16,1.110223024625e-16,0.000000000000e+00,0.000000000000e+00,7.982524060743e-01,8.588317107093e-01,7.723441610684e-01,8.857938718663e-01
logreg,iid,fullbatch,fedavg,2,1.000000000000e+00,16,16,5.043053472489e-17,1.285731403216e-15,1.285731403216e-15,2.158754044687e-16,7.803703871540e-03,2.030789223045e-17,2.336094510118e-01,0.000000000000e+00,0,0,1,0.000000000000e+00,0.000000000000e+00,2.220446049250e-16,2.549829839979e-16,2.220446049250e-16,2.549829839979e-16,2.220446049250e-16,2.549829839979e-16,2.220446049250e-16,2.549829839979e-16,3.330669073875e-16,1.110223024625e-16,2.220446049250e-16,0.000000000000e+00,0.000000000000e+00,7.719868261809e-01,8.602225312935e-01,7.453449813365e-01,8.857938718663e-01
logreg,iid,fullbatch,fedavg,2,1.000000000000e+00,17,16,5.539557610345e-17,1.412315617591e-15,1.412315617591e-15,2.300958847032e-16,7.415217774817e-03,2.142802357138e-17,2.407499646285e-01,0.000000000000e+00,0,0,1,0.000000000000e+00,0.000000000000e+00,4.440892098501e-16,4.973296350203e-16,4.440892098501e-16,4.973296350203e-16,4.440892098501e-16,4.973296350203e-16,2.220446049250e-16,2.486648175101e-16,5.551115123126e-16,1.110223024625e-16,1.110223024625e-16,0.000000000000e+00,0.000000000000e+00,7.483123111041e-01,8.623087621697e-01,7.210516308939e-01,8.885793871866e-01
logreg,iid,fullbatch,fedavg,2,1.000000000000e+00,18,16,5.640202400709e-17,1.437975105092e-15,1.437975105092e-15,2.278478178188e-16,7.063853998633e-03,2.351979927457e-17,2.475425244228e-01,0.000000000000e+00,0,0,1,0.000000000000e+00,0.000000000000e+00,2.220446049250e-16,2.429997442189e-16,3.330669073875e-16,3.644996163284e-16,2.220446049250e-16,2.429997442189e-16,2.220446049250e-16,2.429997442189e-16,2.775557561563e-16,1.110223024625e-16,2.220446049250e-16,0.000000000000e+00,0.000000000000e+00,7.268757371044e-01,8.630041724618e-01,6.990937952084e-01,8.941504178273e-01
logreg,iid,fullbatch,fedavg,2,1.000000000000e+00,19,16,5.763029967962e-17,1.469290113203e-15,1.469290113203e-15,2.268737062655e-16,6.744649876526e-03,2.511241953900e-17,2.540192983500e-01,0.000000000000e+00,0,0,1,0.000000000000e+00,0.000000000000e+00,4.440892098501e-16,4.757695001885e-16,4.440892098501e-16,4.757695001885e-16,4.440892098501e-16,4.757695001885e-16,2.220446049250e-16,2.378847500942e-16,4.440892098501e-16,1.110223024625e-16,2.220446049250e-16,0.000000000000e+00,0.000000000000e+00,7.073836361160e-01,8.650904033380e-01,6.791635350096e-01,8.941504178273e-01
logreg,iid,fullbatch,fedavg,2,1.000000000000e+00,20,16,6.103510524669e-17,1.556095963335e-15,1.556095963335e-15,2.345624544718e-16,6.453449921919e-03,2.175516833248e-17,2.602083329326e-01,0.000000000000e+00,0,0,1,0.000000000000e+00,0.000000000000e+00,3.330669073875e-16,3.498567191300e-16,4.440892098501e-16,4.664756255067e-16,3.330669073875e-16,3.498567191300e-16,2.220446049250e-16,2.332378127533e-16,3.330669073875e-16,1.110223024625e-16,2.220446049250e-16,0.000000000000e+00,0.000000000000e+00,6.895904702016e-01,8.671766342142e-01,6.610030687484e-01,8.941504178273e-01
logreg,iid,fullbatch,fedavg,2,1.000000000000e+00,21,16,5.759838007406e-17,1.468476319745e-15,1.468476319745e-15,2.164260760067e-16,6.186755645348e-03,1.930534306313e-17,2.661341975830e-01,0.000000000000e+00,0,0,1,0.000000000000e+00,0.000000000000e+00,3.330669073875e-16,3.434891782262e-16,4.440892098501e-16,4.579855709682e-16,3.330669073875e-16,3.434891782262e-16,2.220446049250e-16,2.289927854841e-16,3.330669073875e-16,1.110223024625e-16,2.220446049250e-16,0.000000000000e+00,0.000000000000e+00,6.732894762927e-01,8.692628650904e-01,6.443952332111e-01,8.941504178273e-01
logreg,iid,fullbatch,fedavg,2,1.000000000000e+00,22,16,6.175399398844e-17,1.574424101947e-15,1.574424101947e-15,2.271883298244e-16,5.941606575427e-03,1.245993578355e-17,2.718185130203e-01,0.000000000000e+00,0,0,1,0.000000000000e+00,0.000000000000e+00,3.330669073875e-16,3.376435632548e-16,3.330669073875e-16,3.376435632548e-16,3.330669073875e-16,3.376435632548e-16,2.220446049250e-16,2.250957088366e-16,3.330669073875e-16,1.110223024625e-16,2.220446049250e-16,0.000000000000e+00,0.000000000000e+00,6.583054710032e-01,8.706536856745e-01,6.291559834563e-01,8.941504178273e-01
logreg,iid,fullbatch,fedavg,2,1.000000000000e+00,23,16,6.529262433345e-17,1.664641827850e-15,1.664641827850e-15,2.354750908362e-16,5.715485280107e-03,1.470081738865e-17,2.772803870745e-01,0.000000000000e+00,0,0,1,0.000000000000e+00,0.000000000000e+00,4.440892098501e-16,4.430042122621e-16,4.440892098501e-16,4.430042122621e-16,4.440892098501e-16,4.430042122621e-16,2.220446049250e-16,2.215021061311e-16,4.440892098501e-16,1.110223024625e-16,2.220446049250e-16,0.000000000000e+00,0.000000000000e+00,6.444891590687e-01,8.699582753825e-01,6.151284556396e-01,8.941504178273e-01
logreg,iid,fullbatch,fedavg,2,1.000000000000e+00,24,16,6.302267279576e-17,1.606769191922e-15,1.606769191922e-15,2.230600691500e-16,5.506241046915e-03,1.824917046519e-17,2.825367760169e-01,0.000000000000e+00,0,0,1,0.000000000000e+00,0.000000000000e+00,3.330669073875e-16,3.272624548349e-16,4.440892098501e-16,4.363499397798e-16,3.330669073875e-16,3.272624548349e-16,2.220446049250e-16,2.181749698899e-16,3.330669073875e-16,1.110223024625e-16,1.110223024625e-16,0.000000000000e+00,0.000000000000e+00,6.317126021424e-01,8.713490959666e-01,6.021782353804e-01,8.941504178273e-01
logreg,iid,fullbatch,fedavg,2,1.000000000000e+00,25,16,6.156612315451e-17,1.569634316705e-15,1.569634316705e-15,2.140665050023e-16,5.312028196137e-03,1.576568603405e-17,2.876027856569e-01,0.000000000000e+00,0,0,1,0.000000000000e+00,0.000000000000e+00,3.330669073875e-16,3.226248625870e-16,3.330669073875e-16,3.226248625870e-16,3.330669073875e-16,3.226248625870e-16,2.220446049250e-16,2.150832417246e-16,3.330669073875e-16,1.110223024625e-16,2.220446049250e-16,0.000000000000e+00,0.000000000000e+00,6.198655884261e-01,8.713490959666e-01,5.901895620680e-01,8.941504178273e-01
logreg,iid,fullbatch,fedavg,2,1.000000000000e+00,26,16,6.892409241170e-17,1.757226460820e-15,1.757226460820e-15,2.356444294187e-16,5.131255952843e-03,1.971857810276e-17,2.924919234532e-01,0.000000000000e+00,0,0,1,0.000000000000e+00,0.000000000000e+00,4.440892098501e-16,4.244013002354e-16,4.440892098501e-16,4.244013002354e-16,4.440892098501e-16,4.244013002354e-16,2.220446049250e-16,2.122006501177e-16,4.440892098501e-16,1.110223024625e-16,2.220446049250e-16,0.000000000000e+00,0.000000000000e+00,6.088527058734e-01,8.727399165508e-01,5.790622644915e-01,8.941504178273e-01
logreg,iid,fullbatch,fedavg,2,1.000000000000e+00,27,16,6.481153088082e-17,1.652376303336e-15,1.652376303336e-15,2.180618242411e-16,4.962547506625e-03,1.408916061461e-17,2.972163105870e-01,0.000000000000e+00,0,0,1,0.000000000000e+00,0.000000000000e+00,3.330669073875e-16,3.142572171875e-16,4.440892098501e-16,4.190096229167e-16,3.330669073875e-16,3.142572171875e-16,2.220446049250e-16,2.095048114583e-16,4.440892098501e-16,1.110223024625e-16,2.220446049250e-16,0.000000000000e+00,0.000000000000e+00,5.985909682078e-01,8.720445062587e-01,5.687092715558e-01,8.941504178273e-01
logreg,iid,fullbatch,fedavg,2,1.000000000000e+00,28,16,6.246650096204e-17,1.592589536756e-15,1.592589536756e-15,2.069888023785e-16,4.804706415311e-03,1.795110770073e-17,3.017868611453e-01,0.000000000000e+00,0,0,1,0.000000000000e+00,0.000000000000e+00,3.330669073875e-16,3.104647908561e-16,3.330669073875e-16,3.104647908561e-16,3.330669073875e-16,3.104647908561e-16,2.220446049250e-16,2.069765272374e-16,4.440892098501e-16,1.110223024625e-16,2.220446049250e-16,0.000000000000e+00,0.000000000000e+00,5.890078779017e-01,8.734353268428e-01,5.590545780613e-01,8.941504178273e-01
logreg,iid,fullbatch,fedavg,2,1.000000000000e+00,29,16,7.376872614832e-17,1.880740870616e-15,1.880740870616e-15,2.409062370190e-16,4.656688909385e-03,8.447303572144e-18,3.062134341607e-01,0.000000000000e+00,0,0,1,0.000000000000e+00,0.000000000000e+00,4.440892098501e-16,4.091984583104e-16,5.551115123126e-16,5.114980728880e-16,4.440892098501e-16,4.091984583104e-16,2.220446049250e-16,2.045992291552e-16,4.440892098501e-16,1.110223024625e-16,2.220446049250e-16,0.000000000000e+00,0.000000000000e+00,5.800398365861e-01,8.748261474270e-01,5.500315727895e-01,8.941504178273e-01
logreg,iid,fullbatch,fedavg,2,1.000000000000e+00,30,16,6.869960403566e-17,1.751503107770e-15,1.751503107770e-15,2.212512268373e-16,4.517580960792e-03,1.657613270947e-17,3.105049631484e-01,0.000000000000e+00,0,0,1,0.000000000000e+00,0.000000000000e+00,3.330669073875e-16,3.035378054957e-16,3.330669073875e-16,3.035378054957e-16,3.330669073875e-16,3.035378054957e-16,2.220446049250e-16,2.023585369971e-16,4.440892098501e-16,1.110223024625e-16,2.220446049250e-16,0.000000000000e+00,0.000000000000e+00,5.716308333108e-01,8.755215577191e-01,5.415816567722e-01,8.941504178273e-01
logreg,iid,fullbatch,fedavg,2,1.000000000000e+00,31,16,7.084594407962e-17,1.806224256605e-15,1.806224256605e-15,2.251439336089e-16,4.386579216813e-03,8.339566537526e-18,3.146695669033e-01,0.000000000000e+00,0,0,1,0.000000000000e+00,0.000000000000e+00,3.330669073875e-16,3.003628550442e-16,4.440892098501e-16,4.004838067256e-16,3.330669073875e-16,3.003628550442e-16,2.220446049250e-16,2.002419033628e-16,4.440892098501e-16,1.110223024625e-16,2.220446049250e-16,0.000000000000e+00,0.000000000000e+00,5.637313562779e-01,8.762169680111e-01,5.336530953346e-01,8.969359331476e-01
logreg,iid,fullbatch,fedavg,2,1.000000000000e+00,32,16,7.075777062692e-17,1.803976265825e-15,1.803976265825e-15,2.220097878132e-16,4.262975083727e-03,1.931331775277e-17,3.187146446285e-01,0.000000000000e+00,0,0,1,0.000000000000e+00,0.000000000000e+00,4.440892098501e-16,3.964766518521e-16,4.440892098501e-16,3.964766518521e-16,4.440892098501e-16,3.964766518521e-16,2.220446049250e-16,1.982383259260e-16,4.440892098501e-16,1.110223024625e-16,2.220446049250e-16,0.000000000000e+00,0.000000000000e+00,5.562974853131e-01,8.762169680111e-01,5.262000595322e-01,8.941504178273e-01
logreg,iid,fullbatch,fedavg,2,1.000000000000e+00,33,16,7.164836660110e-17,1.826682097080e-15,1.826682097080e-15,2.220642868181e-16,4.146141388694e-03,1.792822546647e-17,3.226469579045e-01,0.000000000000e+00,0,0,1,0.000000000000e+00,0.000000000000e+00,4.440892098501e-16,3.926762253365e-16,4.440892098501e-16,3.926762253365e-16,4.440892098501e-16,3.926762253365e-16,2.220446049250e-16,1.963381126682e-16,6.661338147751e-16,1.110223024625e-16,2.220446049250e-16,0.000000000000e+00,0.000000000000e+00,5.492901313024e-01,8.769123783032e-01,5.191818218653e-01,8.941504178273e-01
logreg,iid,fullbatch,fedavg,2,1.000000000000e+00,34,16,7.469363327863e-17,1.904321468144e-15,1.904321468144e-15,2.287898281228e-16,4.035521160994e-03,2.175795124871e-17,3.264727015684e-01,0.000000000000e+00,0,0,1,0.000000000000e+00,0.000000000000e+00,3.330669073875e-16,2.917990335129e-16,4.440892098501e-16,3.890653780172e-16,3.330669073875e-16,2.917990335129e-16,2.220446049250e-16,1.945326890086e-16,4.440892098501e-16,1.110223024625e-16,2.220446049250e-16,0.000000000000e+00,0.000000000000e+00,5.426743957620e-01,8.762169680111e-01,5.125620783284e-01,8.941504178273e-01
logreg,iid,fullbatch,fedavg,2,1.000000000000e+00,35,16,7.255274693782e-17,1.849739362004e-15,1.849739362004e-15,2.197252632444e-16,3.930618162548e-03,1.537748170416e-17,3.301975652073e-01,0.000000000000e+00,0,0,1,0.000000000000e+00,0.000000000000e+00,3.330669073875e-16,2.892216574940e-16,4.440892098501e-16,3.856288766586e-16,3.330669073875e-16,2.892216574940e-16,2.220446049250e-16,1.928144383293e-16,4.440892098501e-16,1.110223024625e-16,2.220446049250e-16,0.000000000000e+00,0.000000000000e+00,5.364190291069e-01,8.755215577191e-01,5.063083744365e-01,8.941504178273e-01
logreg,iid,fullbatch,fedavg,2,1.000000000000e+00,36,16,7.922408901360e-17,2.019825879135e-15,2.019825879135e-15,2.373209465943e-16,3.830988867933e-03,2.098112753037e-17,3.338267866807e-01,0.000000000000e+00,0,0,1,0.000000000000e+00,0.000000000000e+00,4.440892098501e-16,3.823531386212e-16,4.440892098501e-16,3.823531386212e-16,4.440892098501e-16,3.823531386212e-16,2.220446049250e-16,1.911765693106e-16,4.440892098501e-16,1.110223024625e-16,2.220446049250e-16,0.000000000000e+00,0.000000000000e+00,5.304959704073e-01,8.755215577191e-01,5.003916172463e-01,8.941504178273e-01
logreg,iid,fullbatch,fedavg,2,1.000000000000e+00,37,16,7.607437234150e-17,1.939523545268e-15,1.939523545268e-15,2.254956130640e-16,3.736235649931e-03,1.529707038173e-17,3.373651988516e-01,0.000000000000e+00,0,0,1,0.000000000000e+00,0.000000000000e+00,4.440892098501e-16,3.792260098758e-16,4.440892098501e-16,3.792260098758e-16,4.440892098501e-16,3.792260098758e-16,2.220446049250e-16,1.896130049379e-16,4.440892098501e-16,1.110223024625e-16,2.220446049250e-16,0.000000000000e+00,0.000000000000e+00,5.248799547445e-01,8.748261474270e-01,4.947856588308e-01,8.941504178273e-01
logreg,iid,fullbatch,fedavg,2,1.000000000000e+00,38,16,7.536508482661e-17,1.921440190872e-15,1.921440190872e-15,2.211304747383e-16,3.646000971301e-03,2.299161297176e-17,3.408172705088e-01,0.000000000000e+00,0,0,1,0.000000000000e+00,0.000000000000e+00,4.440892098501e-16,3.762365782789e-16,4.440892098501e-16,3.762365782789e-16,4.440892098501e-16,3.762365782789e-16,2.220446049250e-16,1.881182891395e-16,4.440892098501e-16,1.110223024625e-16,2.220446049250e-16,0.000000000000e+00,0.000000000000e+00,5.195481768997e-01,8.748261474270e-01,4.894669393939e-01,8.941504178273e-01
logreg,iid,fullbatch,fedavg,2,1.000000000000e+00,39,16,7.722970866066e-17,1.968978957449e-15,1.968978957449e-15,2.243828986264e-16,3.559962419177e-03,2.096711188643e-17,3.441871423064e-01,0.000000000000e+00,0,0,1,0.000000000000e+00,0.000000000000e+00,4.440892098501e-16,3.733750157090e-16,4.440892098501e-16,3.733750157090e-16,4.440892098501e-16,3.733750157090e-16,2.220446049250e-16,1.866875078545e-16,4.440892098501e-16,1.110223024625e-16,2.220446049250e-16,0.000000000000e+00,0.000000000000e+00,5.144800021975e-01,8.755215577191e-01,4.844141803756e-01,8.941504178273e-01
logreg,iid,fullbatch,fedavg,2,1.000000000000e+00,40,16,7.415314332433e-17,1.890541624025e-15,1.890541624025e-15,2.134034465948e-16,3.477828447393e-03,2.312229356162e-17,3.474786584171e-01,0.000000000000e+00,0,0,1,0.000000000000e+00,0.000000000000e+00,4.440892098501e-16,3.706324439591e-16,4.440892098501e-16,3.706324439591e-16,4.440892098501e-16,3.706324439591e-16,2.220446049250e-16,1.853162219796e-16,4.440892098501e-16,1.110223024625e-16,2.220446049250e-16,0.000000000000e+00,0.000000000000e+00,5.096567169853e-01,8.748261474270e-01,4.796081196353e-01,8.941504178273e-01
logreg,iid,fullbatch,fedavg,2,1.000000000000e+00,41,16,8.141823548371e-17,2.075765857469e-15,2.075765857469e-15,2.321622603671e-16,3.399334715294e-03,2.453307317624e-17,3.506953944838e-01,0.000000000000e+00,0,0,1,0.000000000000e+00,0.000000000000e+00,4.440892098501e-16,3.680008202930e-16,5.551115123126e-16,4.600010253663e-16,4.440892098501e-16,3.680008202930e-16,2.220446049250e-16,1.840004101465e-16,5.551115123126e-16,1.110223024625e-16,2.220446049250e-16,0.000000000000e+00,0.000000000000e+00,5.050613125694e-01,8.748261474270e-01,4.750312821897e-01,8.941504178273e-01
logreg,iid,fullbatch,fedavg,2,1.000000000000e+00,42,16,8.357418310130e-17,2.130731952331e-15,2.130731952331e-15,2.361915609632e-16,3.324240930642e-03,9.224923515920e-18,3.538406823702e-01,0.000000000000e+00,0,0,1,0.000000000000e+00,0.000000000000e+00,4.440892098501e-16,3.649958382266e-16,4.440892098501e-16,3.649958382266e-16,4.440892098501e-16,3.649958382266e-16,2.220446049250e-16,1.824979191133e-16,6.661338147751e-16,1.110223024625e-16,2.220446049250e-16,0.000000000000e+00,0.000000000000e+00,5.006782974986e-01,8.748261474270e-01,4.706677811083e-01,8.941504178273e-01
logreg,iid,fullbatch,fedavg,2,1.000000000000e+00,43,16,7.452902564100e-17,1.900124780363e-15,1.900124780363e-15,2.088129555165e-16,3.252328119641e-03,1.634441021589e-19,3.569176321299e-01,0.000000000000e+00,0,0,1,0.000000000000e+00,0.000000000000e+00,3.330669073875e-16,2.705261139860e-16,4.440892098501e-16,3.607014853147e-16,3.330669073875e-16,2.705261139860e-16,2.220446049250e-16,1.803507426574e-16,4.440892098501e-16,1.110223024625e-16,2.220446049250e-16,0.000000000000e+00,0.000000000000e+00,4.964935339607e-01,8.748261474270e-01,4.665031440798e-01,8.941504178273e-01
logreg,iid,fullbatch,fedavg,2,1.000000000000e+00,44,16,8.612292199158e-17,2.195712299013e-15,2.195712299013e-15,2.392774289577e-16,3.183396259861e-03,1.337639010177e-17,3.599291515574e-01,0.000000000000e+00,0,0,1,0.000000000000e+00,0.000000000000e+00,4.440892098501e-16,3.565953321443e-16,4.440892098501e-16,3.565953321443e-16,4.440892098501e-16,3.565953321443e-16,4.440892098501e-16,3.565953321443e-16,6.661338147751e-16,1.110223024625e-16,2.220446049250e-16,0.000000000000e+00,0.000000000000e+00,4.924940947617e-01,8.762169680111e-01,4.625241619064e-01,8.941504178273e-01
logreg,iid,fullbatch,fedavg,2,1.000000000000e+00,45,16,8.172767832835e-17,2.083655132984e-15,2.083655132984e-15,2.252208359833e-16,3.117262222258e-03,5.459491625433e-18,3.628779636286e-01,0.000000000000e+00,0,0,1,0.000000000000e+00,0.000000000000e+00,4.440892098501e-16,3.526649179973e-16,4.440892098501e-16,3.526649179973e-16,4.440892098501e-16,3.526649179973e-16,2.220446049250e-16,1.763324589987e-16,4.440892098501e-16,1.110223024625e-16,2.220446049250e-16,0.000000000000e+00,0.000000000000e+00,4.886681379374e-01,8.762169680111e-01,4.587187557888e-01,8.941504178273e-01
logreg,iid,fullbatch,fedavg,2,1.000000000000e+00,46,16,7.655848277421e-17,1.951865987984e-15,1.951865987984e-15,2.093096475999e-16,3.053757977123e-03,1.114060990395e-17,3.657666220935e-01,0.000000000000e+00,0,0,1,0.000000000000e+00,0.000000000000e+00,4.440892098501e-16,3.488988592806e-16,4.440892098501e-16,3.488988592806e-16,4.440892098501e-16,3.488988592806e-16,2.220446049250e-16,1.744494296403e-16,4.440892098501e-16,1.110223024625e-16,2.220446049250e-16,0.000000000000e+00,0.000000000000e+00,4.850047965186e-01,8.762169680111e-01,4.550758607672e-01,8.941504178273e-01
logreg,iid,fullbatch,fedavg,2,1.000000000000e+00,47,16,7.480670725690e-17,1.907204300253e-15,1.907204300253e-15,2.029495644748e-16,2.992729025947e-03,1.607648811800e-17,3.685975254517e-01,0.000000000000e+00,0,0,1,0.000000000000e+00,0.000000000000e+00,4.440892098501e-16,3.452867356772e-16,4.440892098501e-16,3.452867356772e-16,4.440892098501e-16,3.452867356772e-16,2.220446049250e-16,1.726433678386e-16,4.440892098501e-16,1.110223024625e-16,2.220446049250e-16,0.000000000000e+00,0.000000000000e+00,4.814940813625e-01,8.762169680111e-01,4.515853230913e-01,8.941504178273e-01
logreg,iid,fullbatch,fedavg,2,1.000000000000e+00,48,16,6.987943245459e-17,1.781582948424e-15,1.781582948424e-15,1.881651216422e-16,2.934033027131e-03,1.159520906875e-17,3.713729295033e-01,0.000000000000e+00,0,0,1,0.000000000000e+00,0.000000000000e+00,4.440892098501e-16,3.418189904489e-16,4.440892098501e-16,3.418189904489e-16,4.440892098501e-16,3.418189904489e-16,2.220446049250e-16,1.709094952244e-16,4.440892098501e-16,1.110223024625e-16,2.220446049250e-16,0.000000000000e+00,0.000000000000e+00,4.781267952855e-01,8.762169680111e-01,4.482378096377e-01,8.941504178273e-01
logreg,iid,fullbatch,fedavg,2,1.000000000000e+00,49,16,7.983735777518e-17,2.035461226047e-15,2.035461226047e-15,2.134146850413e-16,2.877538588405e-03,1.182285669471e-17,3.740949586470e-01,0.000000000000e+00,0,0,1,0.000000000000e+00,0.000000000000e+00,4.440892098501e-16,3.384868428767e-16,5.551115123126e-16,4.231085535959e-16,4.440892098501e-16,3.384868428767e-16,2.220446049250e-16,1.692434214383e-16,4.440892098501e-16,1.110223024625e-16,2.220446049250e-16,0.000000000000e+00,0.000000000000e+00,4.748944569978e-01,8.769123783032e-01,4.450247277729e-01,8.941504178273e-01
logreg,iid,fullbatch,fedavg,2,1.000000000000e+00,50,16,7.663709761388e-17,1.953870280991e-15,1.953870280991e-15,2.034078863491e-16,2.823124202996e-03,1.205073667255e-17,3.767656160704e-01,0.000000000000e+00,0,0,1,0.000000000000e+00,0.000000000000e+00,3.330669073875e-16,2.514616583624e-16,4.440892098501e-16,3.352822111499e-16,3.330669073875e-16,2.514616583624e-16,2.220446049250e-16,1.676411055749e-16,3.330669073875e-16,1.110223024625e-16,4.440892098501e-16,0.000000000000e+00,0.000000000000e+00,4.717892335648e-01,8.769123783032e-01,4.419381543001e-01,8.969359331476e-01
